battery_id,discharge_cycle,cycle_index,ambient_temp_C,capacity_Ahr,avg_voltage_V,min_voltage_V,max_voltage_V,avg_temp_C,max_temp_C,cycle_duration_s
B0005,1,1,24,1.8564874208181574,3.5298286688693397,2.612467347907089,4.191491807505295,32.572328114029,38.98218133148803,3690.234
B0005,2,3,24,1.846327249719927,3.5373201277859714,2.587208728940726,4.189773213846608,32.72523522519307,39.033397966787035,3672.344
B0005,3,5,24,1.8353491942234077,3.5437367282719,2.6519168938437794,4.188186735991303,32.64286193755933,38.818796689817404,3651.641
B0005,4,7,24,1.8352625275821128,3.5436661072601456,2.592947964776547,4.188461118855572,32.51487646204882,38.7623045063458,3631.563
B0005,5,9,24,1.8346455082120419,3.5423432526672167,2.547419651124539,4.188298524761055,32.38234901543077,38.66539257343368,3629.172
B0005,6,11,24,1.8356616600675495,3.5413347346347575,2.5209480504077413,4.188815807948604,32.43418218230641,38.75169504640032,3652.281
B0005,7,13,24,1.8351461429226603,3.5410250495075215,2.487927319492314,4.18839163793879,32.480416444757985,38.8207012322275,3650.828
B0005,8,15,24,1.8257567905665537,3.554133296801584,2.6652049047458775,4.188927891511958,32.41046186109587,38.51713023385634,3572.453
B0005,9,17,24,1.8247738529891333,3.5529355991467955,2.6038584726333673,4.189029250882121,32.3461408313,38.526267904657,3550.594
B0005,10,19,24,1.824613268496936,3.5512057319376997,2.552853984885676,4.189223427076418,32.27679750791685,38.52698128472781,3551.25
B0005,11,21,24,1.8246195526864504,3.549292319740949,2.4724483018527317,4.188916055911241,32.15709350345252,38.54143406601644,3530.25
B0005,12,24,24,1.8142019357673917,3.559759220648976,2.64956413267546,4.189876247266316,32.36407129853099,38.52197451768004,3491.016
B0005,13,26,24,1.8137521577549054,3.558081969139198,2.5724981777366227,4.189286794768804,32.3181954403762,38.582485834057856,3470.281
B0005,14,28,24,1.8134404914735822,3.555692244172496,2.5249886697730286,4.188837765892728,32.15709029211502,38.520294134873915,3470.0
B0005,15,30,24,1.8025980036306504,3.562746818017503,2.694621861688723,4.189110301768517,32.04407000314609,38.21358592965045,3450.297
B0005,16,32,24,1.80210690024615,3.5614521756489204,2.64010141737067,4.18921207304098,31.931593674911532,38.1983618706913,3429.407
B0005,17,34,24,1.802579500826209,3.5603420474985823,2.5739035098380962,4.188899969428112,31.941655359029298,38.31926916027133,3409.484
B0005,18,36,24,1.8030683142834096,3.5591189041401865,2.4942396831720126,4.188779799856791,31.965008645476725,38.4787542519308,3390.422
B0005,19,38,24,1.8027776247196041,3.557886771846508,2.4556793246645583,4.189272591516219,31.966241678512723,38.54659017774874,3390.281
B0005,20,41,24,1.8470259949329193,3.5520375235511907,2.632142800798914,4.187614060563439,32.37143341978575,38.44749852224995,3591.734
B0005,21,45,24,1.847417311283644,3.5525668436897124,2.5027764692056795,4.1876287811083985,32.70024990461686,38.992275791716615,3552.297
B0005,22,49,24,1.8361774213478947,3.556794038327039,2.617507742871704,4.187447226312926,32.32266411829938,38.51424197364312,3531.578
B0005,23,53,24,1.8257807475776242,3.5614100044534203,2.694074478000972,4.187344026387161,31.98795810666763,38.165816144899125,3492.907
B0005,24,57,24,1.8251136435078368,3.5566107947817986,2.6237674644021887,4.187438187636325,31.894456524691385,38.16526203587147,3511.594
B0005,25,61,24,1.8255815042203762,3.5586742170266272,2.5010798299873738,4.18774138117799,31.78039681801023,38.27549578575718,3431.9370000000054
B0005,26,65,24,1.8140311275083907,3.564103182686905,2.6849988185249796,4.188261122540052,31.688747146342205,37.982160799183106,3431.125
B0005,27,69,24,1.8147691941158939,3.559588063594272,2.547109116468133,4.187338767288234,31.596747992569153,38.11100191887773,3412.406
B0005,28,73,24,1.813969388710352,3.556833231052199,2.471314764334132,4.187560306288175,31.565586498787077,38.18831137948753,3410.688
B0005,29,77,24,1.802765665167823,3.5624410850948944,2.6613903306108773,4.18805176248713,31.59124667045208,37.998541119085836,3410.718
B0005,30,81,24,1.804077040117352,3.5591407106855666,2.541762355407921,4.187667484260542,31.603485399391182,38.194201649765226,3392.719
B0005,31,85,24,1.8518025516704486,3.5573161327793144,2.628919415830567,4.2010701773378685,31.91556385491565,38.45796400011448,3470.672
B0005,32,89,24,1.8307038456739428,3.561870782772737,2.6312552691827045,4.1996223345495824,32.081128118597164,38.49126351534004,3414.109
B0005,33,93,24,1.8199041089501267,3.5617586337260088,2.654880745360911,4.199853323702163,31.849792632896243,38.31473393357882,3395.219
B0005,34,97,24,1.8093079637028517,3.5597307651083123,2.6749688422803803,4.199103467081427,31.465690433362017,37.861934640176806,3386.0
B0005,35,101,24,1.80460990458052,3.5575937553540915,2.6159705726789904,4.199998536865001,31.40934895665031,37.90665575786083,3368.187
B0005,36,105,24,1.7993770651972192,3.5597237883937995,2.658447162110498,4.19967522099872,31.902247475518077,38.34003238560517,3368.266
B0005,37,109,24,1.7884432335370462,3.559061771422033,2.6979426084271156,4.1991847248803165,31.649024294808623,38.0745950590744,3358.719
B0005,38,113,24,1.7829230484252723,3.557015527748059,2.6617272246516333,4.200012480335,31.48874626238971,38.07252758016199,3339.5
B0005,39,117,24,1.7730337158018288,3.5562481933590964,2.699288287625812,4.1992373656547874,31.329995610092634,37.80133585100446,3331.265
B0005,40,121,24,1.773037755078937,3.5532756526091784,2.6127932408838532,4.1993957811187075,31.569551201845574,38.39873985476869,3321.188
B0005,41,125,24,1.7678721106662054,3.556266431640255,2.6637064901468075,4.1995786980260705,32.111426258867944,38.74929237918251,3321.844
B0005,42,129,24,1.7623150704093087,3.5563095420140822,2.6668454289754746,4.199546957512695,32.271676011112376,38.87275464755104,3311.828
B0005,43,133,24,1.7676172924938447,3.558950851054106,2.684431051981017,4.194091469340824,31.842291659678658,38.503541429116005,3327.391
B0005,44,135,24,1.762668359743147,3.5534418211598053,2.645224362345869,4.200715235801255,31.759815453754253,38.27009094548294,3312.078
B0005,45,139,24,1.7517304870664143,3.5510121537420285,2.6603527244917,4.1990980807180325,31.41911167391793,38.11684755251712,3293.172
B0005,46,143,24,1.7418496047960008,3.551317608213948,2.6926849789916263,4.199398534411534,31.331626572312267,38.04152715355532,3275.328
B0005,47,147,24,1.7360913511847138,3.549003180550162,2.670544734728978,4.199122915612965,31.35934131425137,38.17980302242767,3265.016
B0005,48,149,24,1.7936240148573608,3.5597648340955175,2.605158060541757,4.190409478081396,34.31088483888259,40.71218198711114,3328.937
B0005,49,153,24,1.7831890223273275,3.5623454342368555,2.672012007453096,4.199933846791869,33.43585640373788,39.885261233152924,3329.266
B0005,50,157,24,1.7673642076278957,3.558336657621618,2.674271233724938,4.199365021329158,32.66698125020078,39.18287352945846,3301.579
B0005,51,161,24,1.7570177850353066,3.554013138622869,2.6309416727017187,4.19902365945384,32.28423408691397,38.951564804030774,3283.563
B0005,52,165,24,1.7468706179837907,3.552376095886298,2.6629725743154204,4.199432142144215,32.00739178780946,38.607510759873634,3275.125
B0005,53,169,24,1.7417172507457144,3.549618661283733,2.612942119873717,4.199640922827531,32.06387071886056,38.920359903369054,3265.656
B0005,54,173,24,1.7364225056478186,3.54938103086703,2.6157198442661476,4.199305653118061,32.43754560319043,39.23273115358871,3266.093
B0005,55,177,24,1.7263217239235826,3.5472118680418956,2.6287695472774453,4.198949734540481,32.16809876635083,38.964927068400804,3257.594
B0005,56,181,24,1.7158065389330133,3.5467052098640246,2.6655106679421823,4.19834220599025,32.05752645824972,38.83927283461771,3248.593
B0005,57,185,24,1.710533351135192,3.544629653883431,2.650495153350403,4.198995776266302,31.975920928072714,38.82796377704433,3238.766
B0005,58,189,24,1.706014499648521,3.5436291614253204,2.643236235233877,4.19916986492694,32.21689335291319,39.14007944734004,3240.14
B0005,59,193,24,1.7003110272642588,3.5444946147995258,2.656450207001938,4.199246833083063,32.55632993697177,39.349611598028886,3230.109
B0005,60,197,24,1.6945798601797895,3.5409201846556857,2.626177688152069,4.1992551886401595,32.40048085325998,39.29444535878087,3229.7810000000027
B0005,61,201,24,1.6849029086609286,3.541195668799061,2.6582230344240045,4.199610827671791,32.29371860868794,39.10487658009542,3212.469
B0005,62,205,24,1.6744741591159717,3.540671044783382,2.695100237338448,4.1994453812630566,32.136071448067796,39.0462609369598,3213.219
B0005,63,209,24,1.6745692479879102,3.5376048790268775,2.639091813583503,4.198991968341307,32.38268549723498,39.398032192832,3203.578
B0005,64,213,24,1.663716375981405,3.538422485261741,2.6857210282450983,4.197785116892181,32.30899951427637,39.10678394120843,3195.125
B0005,65,215,24,1.659013868748246,3.53928626988912,2.69017866510873,4.201331130571617,32.56636929496716,39.44448954135193,3195.3129999999946
B0005,66,219,24,1.6538540573335014,3.533690170241391,2.639895313359579,4.199339974904826,32.46542951751835,39.509602016775695,3186.297
B0005,67,223,24,1.642653782130131,3.534367734544495,2.68991452927918,4.198916244859707,32.347056454418095,39.334865362245324,3176.438
B0005,68,227,24,1.6378578430223698,3.5312941932103548,2.65935818848874,4.198537488587242,32.371538940646154,39.43723270017243,3167.593
B0005,69,231,24,1.6327350407099108,3.5309134771684274,2.6657030585650423,4.198943932259475,32.45549347979197,39.51375235624076,3167.719
B0005,70,235,24,1.6277528915533617,3.5287226893409893,2.642986759012803,4.199579806494986,32.50017194695606,39.60170302810528,3159.077999999994
B0005,71,239,24,1.622125485521159,3.52625493581969,2.6311169118893036,4.198782234828033,32.50100298369444,39.687463597582074,3148.829
B0005,72,243,24,1.6113256603765849,3.528684324337005,2.696157404617167,4.19910517813207,32.4728927422438,39.53535075538898,3149.094
B0005,73,247,24,1.6065631397488385,3.525556939424901,2.6667596238241567,4.198510853141954,32.50480154634882,39.6502371632164,3140.547
B0005,74,251,24,1.6015142233917594,3.5226805646793737,2.6403185448373043,4.198732430468704,32.51218336210202,39.69929058154853,3131.625
B0005,75,255,24,1.590369231400328,3.524673458789008,2.69892986372897,4.198799630396931,32.45692821941515,39.56076309770468,3121.907
B0005,76,259,24,1.5857889968242211,3.5213155754526824,2.6682466504352993,4.198753541225669,32.447059186431154,39.63708096307912,3122.125
B0005,77,263,24,1.5849430707374117,3.51803386486462,2.6479207279724903,4.200309982421394,32.32889654966259,39.43977047692484,3121.672
B0005,78,265,24,1.5955263892495937,3.5236841955396794,2.6741633856529066,4.201124089732316,32.84488475360107,39.839022256254516,3120.86
B0005,79,269,24,1.5747301747801037,3.519146638240668,2.6892528956736257,4.198150316653697,32.31731555011648,39.41794949618613,3103.828
B0005,80,273,24,1.5649019950937946,3.516233648608237,2.688809122993162,4.198524048997099,32.06376130177751,39.262781682151214,3095.094
B0005,81,277,24,1.5597659473370362,3.514773138461639,2.6743555987897745,4.198840869468569,32.21997626855924,39.47237839941986,3095.781
B0005,82,281,24,1.5594815668184234,3.5132992979150073,2.6430294964336345,4.198119631667182,32.7120225448885,40.037541469513684,3094.328
B0005,83,285,24,1.55468935359061,3.514484830704665,2.6584858447131823,4.198320288264955,32.945022147355694,40.142730162011574,3086.531
B0005,84,289,24,1.5488741079890418,3.5109677353595243,2.629782173759164,4.1980467610750285,32.857549597381336,40.1165626728546,3085.625
B0005,85,293,24,1.538236598942558,3.5109358749578012,2.6622967647315545,4.199047008209673,32.629663328789654,39.87503330866132,3067.203
B0005,86,297,24,1.527914258251028,3.509393098217416,2.682380966742509,4.197669918520713,32.379859014262976,39.61961987024145,3058.157
B0005,87,301,24,1.5285252629756445,3.5066782411556563,2.6401894768922713,4.197600624105256,32.68215852457039,40.067324667444815,3058.812
B0005,88,305,24,1.522647325284378,3.5109885623008092,2.693769409137257,4.197985718630326,32.99387423636739,40.24716716520102,3058.578
B0005,89,309,24,1.5174859938489869,3.510305462695178,2.695787450704935,4.198164128530042,33.04539707211165,40.30253125568348,3049.328
B0005,90,312,24,1.605818899130659,3.5222215314850214,2.6920548172137724,4.222920057935785,32.856295641052824,40.09418103142496,3177.219
B0005,91,315,24,1.5638491446744425,3.5163492154331264,2.629071246219689,4.200423045909808,33.33950238056361,40.52238496316615,3082.937
B0005,92,319,24,1.5480915247767786,3.5134397623234963,2.631343871050918,4.198372063670128,33.35156485472646,40.56886357314186,3074.266
B0005,93,323,24,1.5323755631868592,3.515137522009075,2.6983970036642315,4.198353213898968,33.147486361012966,40.27804845768325,3066.0
B0005,94,327,24,1.5269528268489705,3.50830390643132,2.6338485871981514,4.197873789078739,33.007275861749356,40.2921849196155,3056.437
B0005,95,331,24,1.5169573017136326,3.509190808443004,2.671566207861818,4.197955644238241,32.91990812745461,40.184384347174266,3048.219
B0005,96,335,24,1.5118975960142693,3.5068097579555353,2.6540810507928123,4.197918434710392,32.99903328622305,40.320066232195046,3039.218
B0005,97,339,24,1.5065638960681105,3.50609090727422,2.656849703962618,4.197739340034368,33.03772281691292,40.336505612651585,3039.047
B0005,98,343,24,1.5015453526671363,3.5037157727265953,2.6363048614501152,4.19785490446139,33.07740307192613,40.43267631588412,3030.375
B0005,99,347,24,1.4908444050400238,3.5067479961367156,2.69951692300468,4.197306756122815,33.05467981523988,40.314538591575015,3021.0
B0005,100,351,24,1.485868384561201,3.5058813026542324,2.698216006032282,4.197528212001444,33.11570360624461,40.386661855917744,3021.75
B0005,101,355,24,1.480413677976106,3.504168333530808,2.6911707598773864,4.19743662221161,33.12942148982364,40.43384612547835,3012.265
B0005,102,359,24,1.4752095869031632,3.5030568931470634,2.690162319231471,4.197717228550219,33.130681310493344,40.44479269068758,3002.641
B0005,103,363,24,1.4859035988304024,3.4982324882487936,2.6355034454892072,4.192454851360723,33.20069210329718,40.58499656066617,3012.0
B0005,104,366,24,1.4960918298136696,3.5065859365661325,2.6594753656507684,4.202845001527377,33.78697527817091,40.99869158762305,3020.11
B0005,105,370,24,1.4808005946928984,3.501457140697961,2.644554999824577,4.197952808231904,33.673365085761986,40.997807625227495,3002.172000000006
B0005,106,374,24,1.4697543268466824,3.501658387162809,2.6719601666204564,4.198017952345714,33.535818118317145,40.84213757482493,2992.703
B0005,107,378,24,1.4539012274845928,3.4966186408455298,2.6598211033173382,4.192162800008929,33.32269982188509,40.69012464267011,2964.468
B0005,108,382,24,1.4541462067235693,3.4991645719433246,2.688360455508818,4.196993378341778,33.346230327490304,40.69938049882204,2983.375
B0005,109,386,24,1.455023751906683,3.496080777360074,2.6376728619288525,4.197603515102162,33.64948900485925,41.06026204078849,2975.297
B0005,110,390,24,1.449042163761236,3.4959014526387993,2.645120521151077,4.196406678544622,33.79269513542102,41.19696040482682,2974.9850000000006
B0005,111,394,24,1.4386709371480566,3.49758697990267,2.698012437629632,4.197098662004674,33.52446663707275,40.84446688602949,2966.25
B0005,112,398,24,1.433445432156979,3.4956989619989507,2.6928942772989077,4.196909312093871,33.39042251934235,40.764203830749366,2956.359
B0005,113,402,24,1.4333958900838095,3.492875380810072,2.6483923655058113,4.197105220217278,33.67370212742761,41.11212504270441,2956.344
B0005,114,406,24,1.42806487344776,3.49551076423368,2.6832134764261997,4.196244829545076,33.91080564765892,41.27256611507568,2956.406
B0005,115,410,24,1.4229203181741186,3.4942333590450834,2.684960445221862,4.1968026018066595,33.7850680599871,41.15574924454392,2947.266
B0005,116,414,24,1.417429032731308,3.491197414255986,2.669922120529456,4.196227405416926,33.61126807392732,41.03237216951879,2937.984
B0005,117,418,24,1.412409228794446,3.4889094081576237,2.664105530655056,4.196558172556389,33.45598581472246,40.937269906716935,2929.125
B0005,118,422,24,1.412578792940193,3.487376295811431,2.634098605983684,4.196870541112335,33.723267448788484,41.240704611971786,2928.454
B0005,119,426,24,1.4075983731469897,3.491994243745711,2.68378702970616,4.196795527524874,34.050076369857344,41.43649987692296,2929.375
B0005,120,430,24,1.4333920485221476,3.491585878898649,2.660031949282934,4.189287343772767,33.889346908026745,41.16703904201915,2946.031
B0005,121,432,24,1.4382550176792908,3.495576227046425,2.650011641082063,4.201144545237731,34.067648550088656,41.36216559728765,2955.438
B0005,122,436,24,1.4173547174485526,3.4938988589692483,2.6936969083341418,4.196925753814179,33.75168100943646,41.02198772703674,2937.625
B0005,123,440,24,1.406981663677643,3.49159162968384,2.697073130067154,4.196901090271507,33.46482299584788,40.78818812957494,2929.078
B0005,124,444,24,1.4012037783587625,3.4885729299834787,2.6806995515145213,4.196688955833435,33.40210697922146,40.81506138506309,2918.375
B0005,125,448,24,1.3967008232726328,3.4869021151089825,2.6695398084864568,4.196339302740304,33.410688917712235,40.858374219876424,2919.812
B0005,126,452,24,1.391284788852726,3.4855485210036417,2.671695307817951,4.196181412764837,33.38984948261314,40.839876773287166,2900.422
B0005,127,456,24,1.3862287677978349,3.4838912547260388,2.661289185949965,4.195770804194879,33.3700433438796,40.85376069244676,2901.375
B0005,128,460,24,1.3804366761974138,3.483198941484065,2.667817533540102,4.195456241846729,33.27215987470977,40.74795214258888,2901.187
B0005,129,464,24,1.3752364150256224,3.4836274447098883,2.684008069130594,4.19654355365607,33.222444215660225,40.68794001196382,2891.64
B0005,130,468,24,1.3705128024895008,3.480172442538601,2.6585256208771644,4.194357133255019,33.26207748383125,40.7810749453613,2882.906
B0005,131,472,24,1.3705085566270399,3.478452148610975,2.6372250579822927,4.195863681881766,33.312029905516525,40.88159339768709,2883.265
B0005,132,476,24,1.3647355108681518,3.4785782556105507,2.6514257735606432,4.1955845546644195,33.25287943255863,40.81191473576834,2882.969
B0005,133,480,24,1.375392016895762,3.4825195584604582,2.676384659108382,4.188483624251573,33.745054045019884,41.11793533148924,2891.656
B0005,134,482,24,1.3861115151535393,3.4886823636752826,2.6949138502817815,4.200346502821317,33.88841975386692,41.248795355864885,2901.25
B0005,135,484,24,1.3698500035838939,3.4858502383832755,2.6973343716306273,4.1981749992980655,33.7353756996425,41.16242984455477,2891.703
B0005,136,488,24,1.3647827949260758,3.478794177297151,2.642540259937964,4.195715092938243,33.59131052719714,41.16437554618679,2883.016
B0005,137,492,24,1.3543220466259964,3.4812826020756744,2.699226257883075,4.195755769877104,33.32366688599416,40.864216180205034,2873.453
B0005,138,496,24,1.3546417018378962,3.480352041587074,2.676480329780849,4.195911764444989,33.691961507697364,41.25434553511566,2874.031
B0005,139,500,24,1.3547039213192407,3.4781127815565127,2.642142168479886,4.195824004004723,33.887639684793655,41.45023191903855,2874.234
B0005,140,504,24,1.349314997503458,3.4765867130506125,2.644725254926797,4.196258226051591,33.67308060941856,41.27708509224051,2864.984
B0005,141,508,24,1.3441891937970554,3.4733769291841643,2.632270655366611,4.196612664794988,33.411988203265814,41.064605154983276,2855.093
B0005,142,512,24,1.3389913790695755,3.4726366397371127,2.6391006118876117,4.195850781215982,33.29926524979532,40.99284868101728,2855.625
B0005,143,516,24,1.3389145230206971,3.473439372740961,2.637841830893275,4.1960023929619235,33.59980731390034,41.29040553417739,2855.594
B0005,144,520,24,1.3340066759761655,3.4754777099091454,2.668286095904868,4.196207586734141,33.61961195858585,41.22740227746052,2847.437
B0005,145,524,24,1.3286444309174914,3.4722884821666766,2.6490198126838553,4.195534582569042,33.3945201718652,41.04619550953222,2847.36
B0005,146,528,24,1.3231708992276219,3.471373665098864,2.664058512378051,4.1957439573980455,33.16734508187535,40.85874389007758,2837.328
B0005,147,532,24,1.3181691588445197,3.4726160162875095,2.6883611693898826,4.19586805747139,33.10962161613893,40.79196924883506,2837.281
B0005,148,536,24,1.3184664436640334,3.4738146874457896,2.6869753836302124,4.195347750909715,33.46501751186519,41.14127834456325,2838.515
B0005,149,540,24,1.318293040102702,3.4701426486639693,2.6507536817766586,4.196065828878837,33.4426191014044,41.14429319149828,2828.328
B0005,150,544,24,1.323872422244268,3.467523652225441,2.6646322789106516,4.184534803011309,33.037928170775885,40.66184230912503,2838.265
B0005,151,547,24,1.3601216766554785,3.4767525840839255,2.6400211837268666,4.201240476440081,33.4949493613756,41.046694544970684,2864.547
B0005,152,551,24,1.3395306867947354,3.4758956827369127,2.674198661305034,4.195703567262997,33.491363029025784,41.0462053156659,2846.39
B0005,153,555,24,1.3290286565120697,3.475812179626641,2.696427051131168,4.195744519551191,33.329808599922345,40.868302643225604,2837.969
B0005,154,559,24,1.3236741274998955,3.4746554404904435,2.6928340297696836,4.196363050482315,33.27302769298771,40.85283588259973,2838.156
B0005,155,563,24,1.318633896753293,3.472301781313945,2.681747855329962,4.1957929878569455,33.229879126701434,40.85270645265791,2829.843
B0005,156,567,24,1.3134751321324272,3.4729305773503527,2.696791414385091,4.195797286482793,33.20860833999321,40.8263251809212,2829.625
B0005,157,571,24,1.3132020634442203,3.4696192030612285,2.664695973142795,4.196349384378125,33.236115055926255,40.90308836809665,2819.437
B0005,158,575,24,1.3077959946944353,3.470018470757559,2.679191623358613,4.195609431921248,33.18660088296571,40.84337405460518,2819.579
B0005,159,579,24,1.3030329186405918,3.470762691935287,2.699983457940659,4.195339917236225,33.174058099115534,40.81792110626284,2810.672
B0005,160,583,24,1.3033573559038205,3.468111467035994,2.666300786624286,4.1954020570061195,33.253984518546055,40.946993847659506,2811.485
B0005,161,587,24,1.3034100438655642,3.4648625780221494,2.6308501373847837,4.195685302232799,33.3198093248819,41.074938058306316,2802.422
B0005,162,591,24,1.2978870806495706,3.467864133752208,2.673348140468748,4.195561297751176,33.33765795318198,41.02476444658572,2801.625
B0005,163,595,24,1.2980735056918902,3.464021404592563,2.632763831012711,4.196066962029683,33.29076744042025,41.06214198725253,2802.031
B0005,164,599,24,1.293463613844243,3.4664623858156745,2.6687371180046218,4.196640912532072,33.27568841807217,40.98366325567302,2793.39
B0005,165,603,24,1.288003392619118,3.46850906693551,2.696396337945361,4.1956235749123225,33.32067807371405,40.98234242711097,2793.39
B0005,166,607,24,1.2874525221379407,3.466806213058136,2.6794834862925194,4.195862008850563,33.37314972896719,41.06375085817118,2792.485
B0005,167,611,24,1.3090153642307354,3.471070722008039,2.6787137407179737,4.18482689434833,33.71351889594897,41.047029587744966,2802.016
B0005,168,613,24,1.3250793286429356,3.475472204020004,2.655378369801326,4.201968615940368,33.86531768239223,41.051007697556734,2820.39
B0006,1,1,24,2.035337591005598,3.556946061827572,2.4757677568281857,4.179823027658306,32.142777859921516,39.16298653238707,3690.234
B0006,2,3,24,2.0251402460314116,3.56147580138708,2.35152551190002,4.177288238505559,32.29307515705474,39.2462026826329,3672.344
B0006,3,5,24,2.013326371345464,3.5667524696413215,2.4404797151065436,4.1781213228922995,32.24414709253608,38.999202460252846,3651.641
B0006,4,7,24,2.0132846655407413,3.5687953371516272,2.4791558539003917,4.1785623580417175,32.14711742429942,38.843627771866515,3631.563
B0006,5,9,24,2.000528337624771,3.563970503289941,2.280187848173442,4.17824995156942,32.06687277315468,38.97798888258284,3629.172
B0006,6,11,24,2.0138990759931645,3.5735512387791406,2.4392842568466446,4.193216523251186,32.03447836207717,38.83989920742278,3652.281
B0006,7,13,24,2.013101105626967,3.5711391343785897,2.2812068449406446,4.193732603145628,32.11157496697372,39.04610837498471,3650.828
B0006,8,15,24,1.9687898262728398,3.5681507462163036,2.366410527029613,4.176826628115461,32.112576242471775,38.87507521022778,3572.453
B0006,9,17,24,1.9681661764334244,3.5692834155812436,2.436020049578708,4.176369138969733,32.03566207329278,38.7260539826455,3550.594
B0006,10,19,24,1.9572307917560536,3.563388513484579,2.1864377487643725,4.176897989902666,31.99527968872302,38.98629728904917,3551.25
B0006,11,21,24,1.9455991514129352,3.566658719765511,2.3406023605912454,4.177579509962451,31.874127571841353,38.65978861919643,3530.25
B0006,12,24,24,1.9347505044841131,3.5687035970122842,2.4263021374140443,4.177996110793395,32.120959708576166,38.84979195732924,3491.016
B0006,13,26,24,1.9232799539368028,3.569207084156356,2.4753697700007034,4.176316409477926,32.11021168908644,38.75128344015104,3470.281
B0006,14,28,24,1.911889930948487,3.5659271296109383,2.342364523655007,4.1779924550101715,31.989061278918154,38.76853764058789,3470.0
B0006,15,30,24,1.9010667141979305,3.5612417270649486,2.188400081882664,4.177439981618572,31.878814448635442,38.84686112344348,3450.297
B0006,16,32,24,1.8891989948061458,3.557881987836072,2.1206980945954057,4.17561570814845,31.767450711024402,38.865889781652804,3429.407
B0006,17,34,24,1.878278372248849,3.56282437243777,2.369981457799298,4.177602520456299,31.78991634963658,38.647578733807656,3409.484
B0006,18,36,24,1.8675697161520206,3.5591953280168633,2.247991649924625,4.176354539745044,31.82883467218067,38.79218188173866,3390.422
B0006,19,38,24,1.8675892574453767,3.5580906165580983,2.4115317107898875,4.177450270459645,31.890449470827843,38.77022223929529,3390.281
B0006,20,41,24,1.979626548250818,3.565899462157853,2.2033558468593775,4.174584178175673,31.51177053595285,37.54320599748628,3591.734
B0006,21,45,24,1.9575499080884022,3.570814209348872,2.35887751155593,4.175224020262452,31.874488497680712,37.90362577530197,3552.297
B0006,22,49,24,1.9458150170787551,3.5666817833633124,2.218672914041916,4.177217300859919,31.53911453638972,37.6701605139887,3531.578
B0006,23,53,24,1.9242461121680094,3.5668392745025836,2.339723057947995,4.176681511062203,31.220866832188786,37.34166959188387,3492.907
B0006,24,57,24,1.9459811331421641,3.571051969392875,2.3997508208942735,4.190384318239257,31.119005145018026,37.28979017254232,3511.594
B0006,25,61,24,1.901407930553079,3.5666308474029793,2.491410879472442,4.176973413125379,31.033244078156734,37.16794481484507,3431.9370000000054
B0006,26,65,24,1.878674213680085,3.5527392240854914,2.1387303309558976,4.1734521552365464,31.001249222460967,37.51577848501052,3431.125
B0006,27,69,24,1.8683061328264219,3.5560959755046615,2.346064498302046,4.1764585468168685,30.921434744041356,37.24165964092258,3412.406
B0006,28,73,24,1.8560244070082998,3.5504500858303394,2.327337743316428,4.17626102066065,30.929360248207214,37.27233216178077,3410.688
B0006,29,77,24,1.8451997961855777,3.546007083640312,2.4863117233366316,4.172855540858831,31.00810965793079,37.207134503019795,3410.718
B0006,30,81,24,1.857228890885317,3.554257954720065,2.2921663510920895,4.1881878017349035,30.96779499306422,37.49607769896255,3392.719
B0006,31,85,24,1.9247760889090635,3.555857469677978,2.4343006861812118,4.189991619197343,31.10097217303459,37.250073961181094,3470.672
B0006,32,89,24,1.8822317526092551,3.5537306734803207,2.472619908000758,4.186982490201218,31.307368922041046,37.39699052067588,3414.109
B0006,33,93,24,1.855276687885587,3.5452650003621513,2.403422072720937,4.1864831065416155,31.131339987164562,37.2852066420257,3395.219
B0006,34,97,24,1.8392508917181876,3.538408778928339,2.4006679782182205,4.187721936001791,30.828713779105055,37.080390421974414,3386.0
B0006,35,101,24,1.8185396073994429,3.5297688311332673,2.3194299432177345,4.184171356892756,30.761533072057244,36.98024266357476,3368.187
B0006,36,105,24,1.8134770059567056,3.5300676840423306,2.3401731734980076,4.186779863144672,31.30305692941581,37.598741245467004,3368.266
B0006,37,109,24,1.7971018450305436,3.5248882875629555,2.3829603510808774,4.186482965601712,31.06432144678013,37.33680914521836,3358.719
B0006,38,113,24,1.7810046294120476,3.5190926887152725,2.351855540704836,4.184741677172267,30.96654665282149,37.39499820465976,3339.5
B0006,39,117,24,1.7710130422682329,3.5151810230271,2.3535104841115886,4.186114015167315,30.826455697992966,37.35233964342659,3331.265
B0006,40,121,24,1.7604712448170943,3.514029112834162,2.3948058223938364,4.186378094589789,31.080769482413952,37.58677381866742,3321.188
B0006,41,125,24,1.7502913788006587,3.514139684003936,2.4418858444380294,4.185742966026202,31.694287817425337,38.207044569893476,3321.844
B0006,42,129,24,1.7394925037732578,3.509578354212467,2.391848815367812,4.1849954235358595,31.875581783696685,38.340431886092745,3311.828
B0006,43,133,24,1.7546766553637203,3.5110708693292705,2.3166154227865463,4.175622772952551,31.543288143901563,38.521539672721865,3327.391
B0006,44,135,24,1.7659390941842175,3.5159179315855056,2.4110989960643794,4.191704957733779,31.420983409991024,38.03707160241571,3312.078
B0006,45,139,24,1.7337887419624838,3.50585340727078,2.4510125175432287,4.185468369564667,31.15837149963786,37.934285687720596,3293.172
B0006,46,143,24,1.713325912040734,3.5010379345914444,2.471216186082459,4.184201889006967,31.15661421699882,37.88470784051604,3275.328
B0006,47,147,24,1.7024077813673466,3.497407662636496,2.470968641396993,4.185838836583766,31.206611383963253,38.065368726791895,3265.016
B0006,48,149,24,1.82371946178183,3.5388872766749144,2.4288023941361625,4.1729165619005535,33.61169282822636,39.788440481350335,3328.937
B0006,49,153,24,1.8081284050314708,3.5327430295356828,2.3551430866643166,4.186982012423103,32.85630077141311,39.212903178007906,3329.266
B0006,50,157,24,1.7757610945034283,3.521214759733266,2.365933525789291,4.186537777937825,32.210981559158874,38.66937823121345,3301.579
B0006,51,161,24,1.7447409841836798,3.5093111439506677,2.3481961394586457,4.182282350256796,31.965090081650274,38.5170065164806,3283.563
B0006,52,165,24,1.729207034132373,3.50716091973708,2.46945948630322,4.185961817428056,31.744801840189538,38.292505299491516,3275.125
B0006,53,169,24,1.7081086552553244,3.500928918686389,2.4666715880697576,4.1836566973224585,31.876564068962466,38.52091685291118,3265.656
B0006,54,173,24,1.6975954237461768,3.4973019898820894,2.4482931262785135,4.184390004467988,32.24289319481841,38.95436345473558,3266.093
B0006,55,177,24,1.6820634524029463,3.4929038301187156,2.4745215382882586,4.184732708741646,32.07305565938816,38.731363854696035,3257.594
B0006,56,181,24,1.6714768322295086,3.488659224822318,2.469127855241356,4.185835940524748,32.030140929891196,38.74827601131975,3248.593
B0006,57,185,24,1.6607591387047655,3.4822930804774015,2.4177173347922416,4.185703389994729,31.984935871368258,38.84227056628921,3238.766
B0006,58,189,24,1.651121015038069,3.477575664197982,2.3775131079338427,4.184887437252902,32.23677365476226,39.221381996208315,3240.14
B0006,59,193,24,1.6401349256190927,3.4787436506489255,2.443723814618984,4.1845671326128535,32.56097148037261,39.466510899162515,3230.109
B0006,60,197,24,1.6291999416165441,3.4740152461288862,2.4324278256917147,4.184590722398005,32.48984985901219,39.352653481724175,3229.7810000000027
B0006,61,201,24,1.6088496302961666,3.4718387718772696,2.494085641889116,4.181227276564003,32.42612199208859,39.31890647034385,3212.469
B0006,62,205,24,1.6035244898969248,3.463180130644551,2.382347172890769,4.182601669503782,32.29984271249387,39.47196886600465,3213.219
B0006,63,209,24,1.5989712144027983,3.463469391967206,2.406668297987779,4.183991041340736,32.610757585145336,39.74009698783903,3203.578
B0006,64,213,24,1.5876273123575604,3.46021805164007,2.4204142690378765,4.182425008087469,32.25699351958767,39.03600072360686,3195.125
B0006,65,215,24,1.5829719744686166,3.462574876665621,2.4507845245525193,4.190985194174346,32.47193402838835,39.16106395962828,3195.3129999999946
B0006,66,219,24,1.567137636713563,3.4537077937586056,2.3930328819230717,4.181860480163402,32.40219271195366,39.20051799483514,3186.297
B0006,67,223,24,1.5613446139713882,3.4514035349888337,2.3938995980718403,4.183449364094532,32.30987415652578,39.15878418316098,3176.438
B0006,68,227,24,1.5511711892790419,3.450781146333252,2.4373294683003053,4.182943907496545,32.35440526839345,39.18225956809825,3167.593
B0006,69,231,24,1.5406741606295171,3.446105572450592,2.3705330061374523,4.182592999177517,32.4731363791227,39.38159156766375,3167.719
B0006,70,235,24,1.5253138744624433,3.4418152533277144,2.351294851260762,4.1775564354981025,32.52334649341759,39.44712875501599,3159.077999999994
B0006,71,239,24,1.5301570318067428,3.445008015985666,2.436845595522602,4.183199732433941,32.518264823491045,39.40950590627068,3148.829
B0006,72,243,24,1.5246566834474087,3.441164687975023,2.39030487147494,4.183585552184287,32.5437072434024,39.48443326993031,3149.094
B0006,73,247,24,1.5145492986655427,3.443620591429828,2.4892160721496315,4.183170360974043,32.562223096007365,39.4416762582387,3140.547
B0006,74,251,24,1.509391504602082,3.439943269617906,2.450611393803655,4.183501501534186,32.58978020040808,39.53866201326228,3131.625
B0006,75,255,24,1.5039974333050705,3.43602719305159,2.4111946043456745,4.183243008796117,32.57089563557426,39.5867547936938,3121.907
B0006,76,259,24,1.4935201918040188,3.436309312279291,2.4609139768640715,4.182038001412004,32.537854347094196,39.499752884420865,3122.125
B0006,77,263,24,1.4876323024497422,3.430470227771154,2.378420264362521,4.182440318401142,32.65645090520509,39.9686395722832,3121.672
B0006,78,265,24,1.5302876214401704,3.4417311090871063,2.3844697219937414,4.189962701965466,33.180785234653264,40.42668250871336,3120.86
B0006,79,269,24,1.5040760088360112,3.4355429213552537,2.448639661640692,4.181214475643097,32.71220835503141,40.02451449021777,3103.828
B0006,80,273,24,1.4887593608730894,3.4272336842373576,2.362869757217078,4.182157933832856,32.543943889007906,40.02167483360719,3095.094
B0006,81,277,24,1.4782779285546637,3.4307536518687556,2.479712742728869,4.1802491747767325,32.6655410721976,40.078211781584145,3095.781
B0006,82,281,24,1.478459982215684,3.430880434209888,2.4609902569842412,4.182775550999248,33.160922870564626,40.565789328351094,3094.328
B0006,83,285,24,1.473214844899973,3.431984614031654,2.4794507375590507,4.182970513713943,33.414445545408455,40.75221353269305,3086.531
B0006,84,289,24,1.4675164935067897,3.426913589626702,2.421513989921717,4.182588389688278,33.3541679486525,40.71162611325717,3085.625
B0006,85,293,24,1.4516292657521335,3.4220422356705154,2.3927989623544175,4.180388252515709,33.13634596100404,40.58721297402195,3067.203
B0006,86,297,24,1.4519237720967177,3.4202687142856667,2.410475236770924,4.182476201666448,32.92241762841388,40.37035790264624,3058.157
B0006,87,301,24,1.4471484694777745,3.4248208106770663,2.4915333699239977,4.182567814531136,33.20338483123576,40.667923693760464,3058.812
B0006,88,305,24,1.4468538105659885,3.4234990883192666,2.444861994529003,4.182606347806988,33.533950654066935,40.990356883952465,3058.578
B0006,89,309,24,1.4416741930284678,3.4247420964314874,2.4840755398082255,4.183047552179642,33.5767934055627,40.997744028174516,3049.328
B0006,90,312,24,1.5935866593100128,3.450702139255875,2.479017302613424,4.222516216835943,33.224088400657315,40.77265883698999,3177.219
B0006,91,315,24,1.5463902376915637,3.4480475429907522,2.4820670710190385,4.1909374470770855,33.37083344726966,40.522204934304625,3082.937
B0006,92,319,24,1.51470559175661,3.4399481891896455,2.452449045714353,4.183028520369727,33.43366634309322,40.57746834859555,3074.266
B0006,93,323,24,1.4989786083335404,3.434112914501242,2.4198491932573414,4.1838942747302825,33.28676739403043,40.516963879873735,3066.0
B0006,94,327,24,1.4831110745410492,3.4325600940363916,2.4706823501191706,4.1839835007856605,33.14347737377552,40.34325381638243,3056.437
B0006,95,331,24,1.4729664825468278,3.4270614887575657,2.413759774558071,4.183640209073579,33.11021541795579,40.39341126895154,3048.219
B0006,96,335,24,1.4627604396099307,3.427340316812041,2.4562499847243027,4.183387047926521,33.18991802149879,40.46341487442664,3039.218
B0006,97,339,24,1.4518364681062514,3.423482197888437,2.401794655879554,4.18356344388626,33.26265398635676,40.5818264138806,3039.047
B0006,98,343,24,1.4468670644030392,3.4220957701069374,2.4087687236133313,4.18171248971767,33.299978841087025,40.61670777074496,3030.375
B0006,99,347,24,1.441380399427779,3.421883545422636,2.4308118485818704,4.1832473219705815,33.31663547841367,40.631647661681036,3021.0
B0006,100,351,24,1.431210744960774,3.4195777411151886,2.398886415333129,4.183049768329545,33.39150630507064,40.74323383889164,3021.75
B0006,101,355,24,1.4260247179525716,3.4175281789596474,2.3814379490849835,4.1830924980863315,33.41522427488497,40.81715493531611,3012.265
B0006,102,359,24,1.420487649966195,3.4197860540725715,2.459885297095542,4.181536580807847,33.39690850726103,40.72877617289365,3002.641
B0006,103,363,24,1.4207006230355006,3.4171369298988705,2.4007285025453995,4.172034399629829,33.73731993653,41.45494452672042,3012.0
B0006,104,366,24,1.452255804330839,3.4305347141293625,2.472830716079143,4.188427549455566,34.08965316576344,41.39678877103747,3020.11
B0006,105,370,24,1.431557632772571,3.4250844180972875,2.467318928642863,4.181499335679726,33.9987286593769,41.36669473718026,3002.172000000006
B0006,106,374,24,1.415015751158943,3.4171339862792935,2.3692462667540997,4.179546243153898,33.907397114007345,41.37787352037061,2992.703
B0006,107,378,24,1.4097311506517451,3.417521467040602,2.4482618595124874,4.18101558225098,33.70518417605219,41.140956091698214,2964.468
B0006,108,382,24,1.404917318129309,3.4181623236680356,2.4598632768748825,4.182667734360821,33.7458832944166,41.2168813199875,2983.375
B0006,109,386,24,1.395164296571563,3.420331935905118,2.497869764845928,4.179947555799937,34.01657212624259,41.40391881889191,2975.297
B0006,110,390,24,1.3945343832614077,3.4192916311692465,2.472236707252471,4.182316086490744,34.175023374593785,41.586571331198584,2974.9850000000006
B0006,111,394,24,1.3893171179312644,3.414352330355796,2.4278749904763077,4.18300582450457,33.976109677640174,41.43504077863728,2966.25
B0006,112,398,24,1.3838379472327809,3.412701167144591,2.4275905200235055,4.1825046060820625,33.84150372451663,41.37436880579148,2956.359
B0006,113,402,24,1.3736814238195123,3.410409522809144,2.37337869163978,4.179533028548021,34.1008464215818,41.66477948989921,2956.344
B0006,114,406,24,1.3786059891863676,3.414419320260644,2.4248604132549767,4.18250512422575,34.34663683304219,41.81816829502593,2956.406
B0006,115,410,24,1.3737600299108574,3.4131710032395315,2.426962848243194,4.1828227593786,34.216231530637586,41.686647000781186,2947.266
B0006,116,414,24,1.3682580583942712,3.4107019261975147,2.417287750352038,4.182413969607667,34.041617020161176,41.565382893773936,2937.984
B0006,117,418,24,1.3633024037317505,3.4089059214760367,2.4185087281747166,4.182451170946608,33.890212870710734,41.46394809540406,2929.125
B0006,118,422,24,1.3580966140172601,3.4134080258317576,2.480937393224248,4.181305580928812,34.116762412437,41.6123634180086,2928.454
B0006,119,426,24,1.353269090999531,3.411221044859532,2.4078214169511205,4.1804870315884735,34.490493589415046,42.0075404495327,2929.375
B0006,120,430,24,1.3841605738237488,3.4155210852213678,2.433234589649132,4.163570261072192,34.23744800906639,41.61679232360952,2946.031
B0006,121,432,24,1.4051467790651473,3.4229838362549794,2.440822893388958,4.190012868765637,34.41428886050454,41.80245062827161,2955.438
B0006,122,436,24,1.378719022627353,3.414757022019347,2.396078253891397,4.182418011462176,34.16445180476378,41.653004783464006,2937.625
B0006,123,440,24,1.3682657783199066,3.41435871627236,2.449306948268824,4.182070839014939,33.877146811272176,41.36061809844917,2929.078
B0006,124,444,24,1.3573151296618016,3.4091886698418046,2.384185417166802,4.182701902443236,33.839566254190565,41.42815616511055,2918.375
B0006,125,448,24,1.3524934638801596,3.411930366643558,2.4440756213040964,4.182270325485355,33.818304796930946,41.343265645039,2919.812
B0006,126,452,24,1.3474099151661236,3.4094417183837504,2.4296014294774673,4.182394535290608,33.812621135472135,41.38118673567723,2900.422
B0006,127,456,24,1.3370075130842318,3.4081896097479882,2.41022288115442,4.182061947471753,33.79894614410012,41.378450473707446,2901.375
B0006,128,460,24,1.3312352966718526,3.40737851449911,2.4098927032454966,4.182288987105723,33.702723745621576,41.306600641009794,2901.187
B0006,129,464,24,1.3259303781727643,3.4085862639015,2.453938411405305,4.179662143533188,33.63562651984647,41.204081036719124,2891.64
B0006,130,468,24,1.321578743867529,3.404843616147767,2.3940396792395253,4.181392635232333,33.690724061796516,41.32955629442644,2882.906
B0006,131,472,24,1.321225074066109,3.4081057374178703,2.45134737470238,4.182099866234647,33.71317033815572,41.300370296451625,2883.265
B0006,132,476,24,1.3156485301862682,3.4091728540380735,2.475014603796582,4.182054276922838,33.65376593260611,41.243646229563595,2882.969
B0006,133,480,24,1.3209025697502388,3.4110817622184233,2.4569179775419294,4.168816046299314,33.983578066068176,41.36464929786556,2891.656
B0006,134,482,24,1.3474328767273906,3.4167486246717154,2.438240626221148,4.190149239555381,33.816348135475515,40.89285784811417,2901.25
B0006,135,484,24,1.3260128072353616,3.4169689184247174,2.4946397780995584,4.187196878135145,33.60692030225909,40.652964511118334,2891.703
B0006,136,488,24,1.3101186784831063,3.4105763913818787,2.4367455144223555,4.18232296515852,33.47350597721994,40.58410707337388,2883.016
B0006,137,492,24,1.30521620229393,3.4113335283009314,2.4858689968085326,4.1822817387062585,33.209178727620106,40.322783635307104,2873.453
B0006,138,496,24,1.3004061951355774,3.4081283345557187,2.3957550201907916,4.181394192711236,33.58088963686094,40.78032921971219,2874.031
B0006,139,500,24,1.300235735841116,3.4125732422699135,2.4504684570147006,4.182109437180301,33.76400861956033,40.85731522464202,2874.234
B0006,140,504,24,1.2895066722480755,3.407693686560286,2.3942028718004007,4.181210531150237,33.57003564415372,40.74860220857894,2864.984
B0006,141,508,24,1.279253057384795,3.4073499608041957,2.4303844034459368,4.180183763169455,33.272050895552354,40.472276230208436,2855.093
B0006,142,512,24,1.2792078171714618,3.409292163767801,2.4755630989048205,4.181641969595387,33.12740933210319,40.28187574900838,2855.625
B0006,143,516,24,1.274036760902923,3.4095492354804775,2.446712151873903,4.1818501497507565,33.439116773449626,40.637565231244686,2855.594
B0006,144,520,24,1.2741273923001468,3.410318915287339,2.4607112018206894,4.1817089329030335,33.482874768414376,40.64243349478575,2847.437
B0006,145,524,24,1.2637639426440779,3.409269478846637,2.4619788522973796,4.178725976011113,33.22136307064441,40.38713367022122,2847.36
B0006,146,528,24,1.2581373688955233,3.4094374435069095,2.4999079970509284,4.181148894438262,32.98562738901426,40.15316398972329,2837.328
B0006,147,532,24,1.253259864055301,3.403885091976961,2.4061574188511727,4.181246648937272,32.970182781539556,40.26211669866818,2837.281
B0006,148,536,24,1.2532313315493426,3.4065929107527846,2.40921365026611,4.1821248744689274,33.31018716138479,40.65437976632703,2838.515
B0006,149,540,24,1.2480874960313577,3.4095930016592684,2.4705399687343235,4.179545017207998,33.23406652671602,40.41021687551566,2828.328
B0006,150,544,24,1.2534354284944844,3.409409922814414,2.4996841687041944,4.164241788212258,33.117656712920734,40.49521984011741,2838.265
B0006,151,547,24,1.2898048773266901,3.4195489282896943,2.4839695531514434,4.189238693156103,33.78417036686004,41.357879741754175,2864.547
B0006,152,551,24,1.2635402021758835,3.4151799904187996,2.4675402264113453,4.180842923747738,33.806439563441614,41.37902988743146,2846.39
B0006,153,555,24,1.2479761706842853,3.4154594925159083,2.4946438160388325,4.18123823034649,33.63735785291911,41.20920760771975,2837.969
B0006,154,559,24,1.2321202877943334,3.4130336456755868,2.4577382116375843,4.1798277092808815,33.58195933847606,41.20630554355683,2838.156
B0006,155,563,24,1.2271137666213534,3.4094524356574096,2.40986495422137,4.180792839927961,33.56245583951572,41.28239317323536,2829.843
B0006,156,567,24,1.2217397581377356,3.4138496008165014,2.479418189447868,4.181365190126037,33.5111267532655,41.1595683576961,2829.625
B0006,157,571,24,1.211102678915174,3.410900672125043,2.434585389303289,4.180594670510683,33.53675907012135,41.230427315370186,2819.437
B0006,158,575,24,1.2056159765131735,3.4105744140130074,2.425682710641569,4.181424135030176,33.49803069556778,41.21487873613708,2819.579
B0006,159,579,24,1.2008936262717274,3.4096514247359915,2.417924401749313,4.181921994951423,33.516977262709986,41.27439823262361,2810.672
B0006,160,583,24,1.1905903985558335,3.4128578373442537,2.4541577949851603,4.179593598747663,33.531923269271225,41.237668013317766,2811.485
B0006,161,587,24,1.185179251041941,3.413450901705652,2.463616101176541,4.180557596235595,33.567636169584304,41.24068073261839,2802.422
B0006,162,591,24,1.1796706818144624,3.414388187503409,2.470375229475307,4.181414159913002,33.60493096509702,41.28133907077437,2801.625
B0006,163,595,24,1.1745952836753915,3.412419038813061,2.4357634426689945,4.180815073540562,33.54281440778599,41.28338645880181,2802.031
B0006,164,599,24,1.15381833159625,3.4148103057455175,2.481190011798763,4.1697037841892834,33.472459360982775,41.149193043289586,2793.39
B0006,165,603,24,1.1644009557372264,3.4166177332601,2.491537251958465,4.180283727512206,33.58210389885497,41.26268252018065,2793.39
B0006,166,607,24,1.1587974947916069,3.4121341541171764,2.40904100737121,4.181170015245673,33.6634605108384,41.45791806300034,2792.485
B0006,167,611,24,1.1749748834769171,3.419700177568569,2.475767645530351,4.1575524997258,33.730546074122294,41.11666214070682,2802.016
B0006,168,613,24,1.1856752327929356,3.4234687742187893,2.4160441724133666,4.188511527828155,33.8912822372509,41.36263766174168,2820.39
B0007,1,1,24,1.89105229539079,3.522006703394617,2.145975766935391,4.199497433806136,32.62485875142121,40.59042914535701,3690.234
B0007,2,3,24,1.880637027686859,3.5319490434317116,2.1110166987852117,4.198510349854315,32.738209593287145,40.26023408628707,3672.344
B0007,3,5,24,1.8806626717011388,3.5344025220217845,2.0251085128182655,4.198280074112568,32.68511456550919,40.27558633997852,3651.641
B0007,4,7,24,1.8807709009833444,3.53492504932652,1.922542180649595,4.198267468745592,32.554748499572646,40.29314715799111,3631.563
B0007,5,9,24,1.8794508728285058,3.534536640068787,1.8711590450649882,4.198464224146956,32.46787845303298,40.268872630219796,3629.172
B0007,6,11,24,1.8807003517117404,3.5411626672196816,2.1756867065903434,4.197967993115647,32.48624734055599,39.67620802332074,3652.281
B0007,7,13,24,1.8799352523566075,3.541165612176161,2.1117887156019437,4.198023461704379,32.55779966353037,39.803817662926164,3650.828
B0007,8,15,24,1.8815088124038797,3.5494581176357975,2.026250619894166,4.199372697237068,32.45374435641106,39.88810476942348,3572.453
B0007,9,17,24,1.8696907870385844,3.5502805464079743,1.9505894332906037,4.19921182024681,32.373246444985035,39.95162250671474,3550.594
B0007,10,19,24,1.870052380139199,3.5481347674910286,1.8688247067658061,4.198957678253482,32.30534276235138,40.052021854718284,3551.25
B0007,11,21,24,1.8700442394188577,3.5484272148956437,1.7896213776724978,4.198832114024662,32.183319483399806,40.1213838436794,3530.25
B0007,12,24,24,1.8596518987766364,3.5560433603714667,1.910336108594535,4.198945227315025,32.378853181816005,40.174657039770814,3491.016
B0007,13,26,24,1.8590746560862206,3.5604849642800684,1.9086884059809102,4.1990513028067955,32.2913249500013,40.016434730174936,3470.281
B0007,14,28,24,1.8590084577709232,3.5562872542469752,1.7868782934275431,4.198107645780677,32.14782797344657,40.16569230743226,3470.0
B0007,15,30,24,1.8593622586957048,3.5647746218187324,2.1361343961784502,4.19925638222589,32.01380948237792,39.46139677634257,3450.297
B0007,16,32,24,1.8587355450601035,3.565438928797127,2.0133501283179167,4.199087384946408,31.881310103471357,39.5636595172155,3429.407
B0007,17,34,24,1.847817291322145,3.565961679108638,1.8575547668336483,4.199009971925293,31.854304304240515,39.628948319501816,3409.484
B0007,18,36,24,1.8485252916137047,3.572496559005355,2.1657556124208934,4.1985172274243965,31.856555404576753,39.225347214914876,3390.422
B0007,19,38,24,1.848378951850034,3.5699492020415136,2.0270686341513207,4.198245740608724,31.867182607083926,39.4126321606434,3390.281
B0007,20,41,24,1.8807805437609766,3.5464338449590023,1.905311669649934,4.196262462698172,32.35216872128999,39.95874037686836,3591.734
B0007,21,45,24,1.8814721597443598,3.5531968089006387,1.7951975189442124,4.1969587758867,32.60219299451182,40.31302300333008,3552.297
B0007,22,49,24,1.8810954313244785,3.5599340214678805,2.1058524852518143,4.197071720130598,32.19571819720114,39.359447242364645,3531.578
B0007,23,53,24,1.8710089649779995,3.5595604968237993,1.846021007590992,4.19690260801443,31.805988160181123,39.454159451189874,3492.907
B0007,24,57,24,1.8701995151941375,3.552385161941813,1.7370300333706354,4.1966416719103465,31.737001978644926,39.641748274009444,3511.594
B0007,25,61,24,1.8706715362800985,3.5707670304281067,2.0506492642329937,4.1971302559922,31.51707667966367,38.86906912217273,3431.9370000000054
B0007,26,65,24,1.8596124644020169,3.5657224847439295,1.8254369744762284,4.19652461108806,31.442860781038384,39.11839966443177,3431.125
B0007,27,69,24,1.860033909718346,3.5712835067487094,2.134879000684994,4.196790308710931,31.32326275303232,38.68010761281634,3412.406
B0007,28,73,24,1.8591653109160768,3.5679716274891398,1.970455493406623,4.196693048697735,31.28571570579735,38.863045678198645,3410.688
B0007,29,77,24,1.8481398178778288,3.5646314038791784,1.8132694309760007,4.197078923354,31.331850868998004,39.14531169811219,3410.718
B0007,30,81,24,1.849201702126164,3.568983888921194,2.0483657324095637,4.196062203382386,31.32285733932258,38.8380564174779,3392.719
B0007,31,85,24,1.8834677437950846,3.564620688944316,2.181560983985832,4.206531081984383,31.608436452122476,38.95965174080089,3470.672
B0007,32,89,24,1.8628211117905844,3.5694388142217837,2.1177799354077496,4.203187727641822,31.782101501165204,39.053875772291974,3414.109
B0007,33,93,24,1.852085039652352,3.568742147335628,2.1637448793153697,4.202997027311235,31.515041989202878,38.699551697978606,3395.219
B0007,34,97,24,1.8469504648208708,3.5642424070467817,2.0456561472058055,4.2027504558714135,31.13866351339678,38.6052414906155,3386.0
B0007,35,101,24,1.836828431169018,3.5653038098527605,2.1356202266992863,4.202665067816707,31.068710515588776,38.42604747702835,3368.187
B0007,36,105,24,1.8371619619672275,3.565432167703823,2.042987153745025,4.20243913428064,31.618244836823447,39.0468968949422,3368.266
B0007,37,109,24,1.8316722583718854,3.5622303163451425,1.9786162394118947,4.202794567899269,31.331528063668397,38.836764958613884,3358.719
B0007,38,113,24,1.8211470951317783,3.564481026852489,2.15845357648832,4.203135326288817,31.132569191182142,38.49981470604549,3339.5
B0007,39,117,24,1.816506091511515,3.561614556780574,2.092603698932653,4.202837061508687,30.972969676157927,38.582340147970775,3331.265
B0007,40,121,24,1.8113815601504555,3.5630587459190144,2.1528886431678034,4.202745735932991,31.1990648511682,38.787499833494046,3321.188
B0007,41,125,24,1.8116056333939583,3.5629534367704405,2.0537418826405966,4.203198796599359,31.722267598269813,39.31221126031847,3321.844
B0007,42,129,24,1.8060548955557403,3.563446012076242,2.0793300586339956,4.202901668731174,31.900827580605675,39.40567993360536,3311.828
B0007,43,133,24,1.8132041826994056,3.563998342345823,2.0759793304520757,4.196154302326916,31.5372402498617,39.32802757827611,3327.391
B0007,44,135,24,1.8062641938283535,3.5604902283110547,2.0674349483094465,4.2044772244864275,31.24662583059252,38.6112528181758,3312.078
B0007,45,139,24,1.7958310249900458,3.5567002097886946,2.037264031192436,4.20211656315423,30.939399361884792,38.569726951286874,3293.172
B0007,46,143,24,1.7858852600390451,3.5584127263446006,2.1632674190148338,4.202901194454151,30.884857004354572,38.34572083526661,3275.328
B0007,47,147,24,1.7803268604502753,3.556136820956992,2.106631526845483,4.201790697233378,30.920682316695828,38.482540634946716,3265.016
B0007,48,149,24,1.8150756899575577,3.568999942180493,2.1809272860788376,4.191916354433964,33.880577817079796,41.0499421893331,3328.937
B0007,49,153,24,1.8157025154845838,3.571059290544873,2.1773498094527195,4.20342192245769,33.038339318294426,40.361944885615415,3329.266
B0007,50,157,24,1.8002432178056673,3.5666921284622095,2.180136101967249,4.202807443974011,32.27329169539202,39.6676965288026,3301.579
B0007,51,161,24,1.7904476205609308,3.563327431073248,2.1286295199076855,4.203276539809248,31.937919783481355,39.481181404811096,3283.563
B0007,52,165,24,1.780343032300132,3.5590146214829015,2.155901281560187,4.202580870413733,31.688686599521045,39.419051143069204,3275.125
B0007,53,169,24,1.775328769596812,3.5566945836342914,2.067103728219671,4.203244171517053,31.779120691032947,39.72196117128354,3265.656
B0007,54,173,24,1.7702629734732853,3.555013984911923,2.0619831864543094,4.202697222668131,32.133873372089305,40.041366724781085,3266.093
B0007,55,177,24,1.760081061854204,3.5526373754067415,2.143037413381466,4.202581421564202,31.889431533099835,39.66314441864834,3257.594
B0007,56,181,24,1.749647593537689,3.547186025484395,1.9929057988209282,4.201275185814673,31.81736328028127,39.84751541049116,3248.593
B0007,57,185,24,1.749650075059311,3.546814755244375,2.0335961968180234,4.202508747096239,31.72316205746117,39.743357771631004,3238.766
B0007,58,189,24,1.745028739214683,3.5447850172972655,2.0213017345171265,4.202333230196108,31.957150654392294,40.07246786936068,3240.14
B0007,59,193,24,1.7396457455286727,3.5465215420964156,2.0789964919635966,4.202490707154508,32.29917704213345,40.247716114003914,3230.109
B0007,60,197,24,1.7285642277717963,3.540832547654255,1.9925354808829658,4.202290557382721,32.128842946565555,40.27220819224188,3229.7810000000027
B0007,61,201,24,1.723900324588418,3.542992511358393,2.14041602578448,4.20313824854604,32.021134355757404,39.89848456781458,3212.469
B0007,62,205,24,1.7139788776485192,3.5360811169860216,2.006753861515003,4.202703239422359,31.859048861486652,40.0571305311587,3213.219
B0007,63,209,24,1.7139701997004613,3.5392436935272635,2.121868132176415,4.202907102508285,32.16100333536097,40.240711749549135,3203.578
B0007,64,213,24,1.7036521173638766,3.5348237062932575,2.0119648758828452,4.201457080806326,32.10276048728767,40.12941739090177,3195.125
B0007,65,215,24,1.7040137474382486,3.5366477402090606,2.0744390946376323,4.204304103661928,32.33880662180898,40.3959693732437,3195.3129999999946
B0007,66,219,24,1.6935716157343033,3.5352062840980913,2.188793384556236,4.20220228055958,32.21373014824893,40.18751058333668,3186.297
B0007,67,223,24,1.6876577363877656,3.5329852237553396,2.1739523632140685,4.202001482736379,32.09949526722965,40.14605167557969,3176.438
B0007,68,227,24,1.6830744356583152,3.532158560934324,2.1783847786257136,4.202600613133091,32.11305439113157,40.18846095484838,3167.593
B0007,69,231,24,1.6779270142025482,3.5308376380023527,2.191481814157953,4.202328519159183,32.20371989479744,40.2789498830108,3167.719
B0007,70,235,24,1.6732060275966172,3.5296958440720005,2.1753473356526807,4.202855889678493,32.23340825772458,40.310727434969614,3159.077999999994
B0007,71,239,24,1.6674367208253988,3.5281819372126093,2.1832922624558813,4.202212609390717,32.212169716369466,40.31733812871393,3148.829
B0007,72,243,24,1.6622662630667526,3.5265730179666974,2.192864020990023,4.202335745153063,32.21746401954225,40.332563430145015,3149.094
B0007,73,247,24,1.6574243065763063,3.5245022548553444,2.1560972126643922,4.201997273379946,32.23410177209762,40.431258866851486,3140.547
B0007,74,251,24,1.652538684928734,3.5228548406546385,2.138540138129487,4.201599523927098,32.228343983674435,40.46247985933005,3131.625
B0007,75,255,24,1.6472174627573322,3.5222829121237855,2.1646493163558524,4.20196227209543,32.1833106060944,40.40103455658551,3121.907
B0007,76,259,24,1.6364136810898071,3.5189923820688493,2.1187211383693167,4.202045571197949,32.17200142078129,40.4426971996319,3122.125
B0007,77,263,24,1.6362554312048496,3.5177844279570794,2.1377868706438155,4.204697039833386,32.03316223587618,40.26214977673693,3121.672
B0007,78,265,24,1.641119179218384,3.5212226057273495,2.103155697792567,4.203964293328523,32.506671891788216,40.645668361956844,3120.86
B0007,79,269,24,1.6315700789656966,3.5172227884430147,2.186737546753024,4.201985395805308,31.961039485620926,39.95209030011925,3103.828
B0007,80,273,24,1.621213282987236,3.5125010864221813,2.1007747911593695,4.20178017149305,31.798082670491866,40.165034583244065,3095.094
B0007,81,277,24,1.6164273214762122,3.5129614635074673,2.1417010068719846,4.202220537976551,31.95802833708937,40.36674175781141,3095.781
B0007,82,281,24,1.615823510161921,3.5125204100391962,2.0912297625621297,4.2013887453306085,32.41813169746276,40.88269125311642,3094.328
B0007,83,285,24,1.61672418029789,3.5151454557578807,2.1663009505205935,4.201620573144587,32.64044972789331,40.856332202254556,3086.531
B0007,84,289,24,1.6108655863730026,3.513443179473182,2.1843637809529235,4.201668680267049,32.56399373078006,40.778024611598504,3085.625
B0007,85,293,24,1.6006603374309376,3.5097089402574535,2.113995772639173,4.202567159315787,32.28305350922276,40.5829305350897,3067.203
B0007,86,297,24,1.5959174487005663,3.5042771471756997,2.0287779476202195,4.201472345711643,32.06065237439007,40.6345689985191,3058.157
B0007,87,301,24,1.5962179519462243,3.509207943122176,2.1948906641943635,4.201332830124454,32.365261126964526,40.75070125010339,3058.812
B0007,88,305,24,1.5958065114633972,3.5095064920492853,2.1621122251410005,4.201522880341636,32.68851871366292,41.0672419235651,3058.578
B0007,89,309,24,1.5906507821480704,3.505203266169396,2.0092802451741245,4.201386492450036,32.747733642524246,41.40590880756584,3049.328
B0007,90,312,24,1.6888211161855506,3.5281182345919753,2.144268362237989,4.2333254357000865,32.50500516961017,41.01558674901627,3177.219
B0007,91,315,24,1.6259938279733204,3.519590928396835,2.0962813773920193,4.203917718634026,32.91993878980996,41.31851435911838,3082.937
B0007,92,319,24,1.6157433862812898,3.5146260368096875,2.0376560852489356,4.202046403451837,32.948305858317944,41.4002950560853,3074.266
B0007,93,323,24,1.6056626764846538,3.5115494818370454,2.050265845971926,4.201592874087554,32.76906651915661,41.2508092329952,3066.0
B0007,94,327,24,1.5949746921524348,3.510769869032659,2.1421639870693685,4.201214370586727,32.59734424608833,40.95362783962595,3056.437
B0007,95,331,24,1.5904102438871945,3.50804494279531,2.093098662464846,4.201660608337926,32.52349894408369,40.989022190981714,3048.219
B0007,96,335,24,1.5853517062988178,3.507748080950393,2.109503853325003,4.201750207865124,32.578228834731775,41.02622774121347,3039.218
B0007,97,339,24,1.5799737147242376,3.5066673521067266,2.1295447836320704,4.201226117420626,32.62728298499839,41.01371342582121,3039.047
B0007,98,343,24,1.5752185465278068,3.5061843921745397,2.138556110583413,4.201796973837129,32.652115712561326,41.04923314430273,3030.375
B0007,99,347,24,1.569798484648868,3.5051004339266254,2.1437793669909317,4.201200470517945,32.64767456395258,41.05277512550887,3021.0
B0007,100,351,24,1.5702565375950357,3.5054479186890566,2.199196544880164,4.201289094579205,32.6993879231031,41.02092182377061,3021.75
B0007,101,355,24,1.565249873909438,3.500074246846,2.0252901014990434,4.201033482375415,32.724576765133094,41.34840278359994,3012.265
B0007,102,359,24,1.559633933561147,3.5011647157526498,2.0874226328484515,4.201482697501314,32.70434030242972,41.23753665797544,3002.641
B0007,103,363,24,1.5649820533392105,3.500407285435189,2.0863200514042264,4.196165946742788,32.74051962267582,41.21700308433066,3012.0
B0007,104,366,24,1.57497949984227,3.507816455272743,2.0588247910323827,4.205246397279064,33.38712825139849,41.89753189273277,3020.11
B0007,105,370,24,1.5652811168780458,3.5025243992110107,2.007722684403967,4.201509838937999,33.270627344923426,41.90270996402953,3002.172000000006
B0007,106,374,24,1.559755497470126,3.505155823274424,2.190682586389996,4.201909525379603,33.115074143665915,41.48233804274523,2992.703
B0007,107,378,24,1.549897685670499,3.4983646475135717,2.008435320437976,4.199865517000471,32.90572814040102,41.641162265997195,2964.468
B0007,108,382,24,1.5438771531345021,3.500140843862167,2.1646360641399958,4.2008597336564515,32.953112654161664,41.433877603827945,2983.375
B0007,109,386,24,1.5450187488690073,3.49909547013937,2.0647427536919833,4.20162098338246,33.2282109237263,41.8543569979417,2975.297
B0007,110,390,24,1.5445940154102908,3.5010357611640615,2.170172617792397,4.201149059944848,33.361342590516294,41.78271326384125,2974.9850000000006
B0007,111,394,24,1.5343086721758876,3.497212315865497,2.120750718982474,4.200810741834928,33.12431679486816,41.62744766181303,2966.25
B0007,112,398,24,1.5287603942958483,3.496089957852059,2.13627215665258,4.200373974181371,32.991553593266204,41.552128441464966,2956.359
B0007,113,402,24,1.5289260249179843,3.495877119417779,2.0938572364769055,4.201791474587699,33.2318318845246,41.839167194182565,2956.344
B0007,114,406,24,1.529091650133123,3.493116071455022,1.9959465760122976,4.20067023466464,33.5098123920945,42.23998716092915,2956.406
B0007,115,410,24,1.5239059324661248,3.492655946458748,2.0305769860653866,4.20021831736756,33.382402850667845,42.040902384977116,2947.266
B0007,116,414,24,1.5186675419100615,3.49208824531703,2.0758803797636745,4.200674971032527,33.17829959346276,41.803429062834496,2937.984
B0007,117,418,24,1.5136482266426952,3.490216477408044,2.0793549048242492,4.200371214024706,33.01591345323486,41.6886924602386,2929.125
B0007,118,422,24,1.5136050185229033,3.4905931958620466,2.0585109366080414,4.200965645223048,33.271000362987586,41.988171601182124,2928.454
B0007,119,426,24,1.5139470614867965,3.4911419366203664,2.0253107306977376,4.201492773602507,33.61966967517867,42.33252236723314,2929.375
B0007,120,430,24,1.5339599193158786,3.49283645226053,2.0069579017420067,4.192768207316796,33.29697162630193,41.63553796804361,2946.031
B0007,121,432,24,1.5391372798653098,3.5025157522808223,2.19792648712031,4.204602036514753,33.393130865360554,41.470498076928735,2955.438
B0007,122,436,24,1.5236247972838737,3.492953565598811,2.0299415196572554,4.200995491738166,33.13820710362847,41.54038193238441,2937.625
B0007,123,440,24,1.5135813035589147,3.4917462636517236,2.1171503915767786,4.201036137691208,32.84069778843796,41.13947017697289,2929.078
B0007,124,444,24,1.5077850749847914,3.490432264232956,2.1309899052747716,4.200762329918291,32.75739655594484,41.09041922644824,2918.375
B0007,125,448,24,1.5031960676037333,3.488861416967918,2.1294318317485654,4.201013677167557,32.77234087259374,41.10034021580957,2919.812
B0007,126,452,24,1.4978220596995881,3.4891932104785104,2.164511453629433,4.200439147859412,32.720417557744895,41.03075447325996,2900.422
B0007,127,456,24,1.492848534633516,3.4878785713375917,2.1743012710834013,4.200264786461796,32.710022803073514,40.99688397371006,2901.375
B0007,128,460,24,1.492414389867026,3.486430546073901,2.1928976284966537,4.200151660684939,32.62076759783716,40.88481342461614,2901.187
B0007,129,464,24,1.487482776538081,3.4812572775226682,2.0298495899147295,4.200453152662228,32.57651826255201,41.09400879501426,2891.64
B0007,130,468,24,1.482535148640411,3.4823550791204023,2.0959492247836815,4.200291122451955,32.58396494906228,41.01377835587309,2882.906
B0007,131,472,24,1.4827874322228984,3.4835074286280525,2.177723491219515,4.199877643371451,32.623742674615976,40.90635248178393,2883.265
B0007,132,476,24,1.476971179775059,3.478976541530706,2.056251340337525,4.200436806124781,32.58599202496769,41.06596192416311,2882.969
B0007,133,480,24,1.4819015554137276,3.483501191305966,2.1512510632923165,4.193077426787744,32.864544723781215,40.84520330629611,2891.656
B0007,134,482,24,1.4981366198874824,3.4899701994096612,2.1693699073642034,4.203372086437543,33.079651096902374,41.12807910254104,2901.25
B0007,135,484,24,1.4820775214392872,3.484801138956006,2.116759239247948,4.202065190134895,32.932141650182686,41.094988453128494,2891.703
B0007,136,488,24,1.4771155312812152,3.47835437960934,2.009424225590032,4.200086642861885,32.755748003791545,41.11877573165318,2883.016
B0007,137,492,24,1.4720772783056488,3.475694933923807,2.0034792344341588,4.199758658258613,32.52965474617847,40.980034990626955,2873.453
B0007,138,496,24,1.472248013656454,3.481431873453954,2.172988732474185,4.199843161074874,32.848065199041,41.017509953482886,2874.031
B0007,139,500,24,1.4670106672274665,3.4796060336232353,2.087464676179042,4.200352076636086,33.072327061961936,41.299420742573055,2874.234
B0007,140,504,24,1.4617672495335379,3.4782258967329596,2.110564313669325,4.200169604165679,32.85096451719535,41.105738037939375,2864.984
B0007,141,508,24,1.4566952670489708,3.4743233868367187,2.0724687293779813,4.199911577879335,32.572302329954546,40.87704013237699,2855.093
B0007,142,512,24,1.451354972758956,3.4737305453330443,2.1253826973270513,4.199564012073342,32.450684441760906,40.730219862268235,2855.625
B0007,143,516,24,1.451615926257375,3.47481272321405,2.1147331324879475,4.199951033620322,32.7394359440147,41.03226257370644,2855.594
B0007,144,520,24,1.4468161332173683,3.476096426841386,2.1738445330859366,4.19995987158867,32.775898242252914,40.89527781087817,2847.437
B0007,145,524,24,1.4467570607768785,3.4686822529487804,1.9947266977360072,4.200414702164272,32.5817324044051,41.02491521192672,2847.36
B0007,146,528,24,1.4413797481446793,3.4661964701943586,2.0033802121225017,4.199552965128597,32.35021153014993,40.815968345794715,2837.328
B0007,147,532,24,1.4362456252208178,3.468183423895935,2.116470909151213,4.199706970400125,32.28754240914786,40.65138669632271,2837.281
B0007,148,536,24,1.4368154153924828,3.4678606629897453,2.051877342511651,4.199300346769649,32.603239183227075,40.965385542419945,2838.515
B0007,149,540,24,1.4362945145860047,3.4662499547181245,2.003221375307111,4.200086391757318,32.61208344144242,41.11319128215138,2828.328
B0007,150,544,24,1.4418575315878015,3.462469269360201,1.9865974995249178,4.189989265375979,32.26742656599958,40.78738321989129,2838.265
B0007,151,547,24,1.4672063484781797,3.480518309485383,2.1908121182442706,4.202670619155847,32.637733704417855,40.73001188190229,2864.547
B0007,152,551,24,1.4518640367848885,3.4723137993738336,2.033261415031626,4.199186500777735,32.665258715232376,40.990354594470126,2846.39
B0007,153,555,24,1.4471379752748499,3.474362108592906,2.19135439601875,4.199638763972608,32.502652632323915,40.62521315513875,2837.969
B0007,154,559,24,1.441790586562399,3.4722823212388754,2.1840705012733683,4.200028390360542,32.446842086875606,40.58944296824891,2838.156
B0007,155,563,24,1.431630947911111,3.4701761898320465,2.1664368343684446,4.199347098159206,32.39361892904713,40.584393586876246,2829.843
B0007,156,567,24,1.4318084249673686,3.4635011119445216,1.987193667465448,4.199148920577739,32.417221778010834,40.884444140401214,2829.625
B0007,157,571,24,1.4262562585106868,3.467453100453348,2.1314172797434523,4.199648027535327,32.40094040453025,40.65159637790841,2819.437
B0007,158,575,24,1.4260877528924913,3.4675864728547845,2.188995882590831,4.1991931757384515,32.36314241861482,40.53138082339522,2819.579
B0007,159,579,24,1.4212633510031694,3.462182535852444,2.0322464946417114,4.199053572226856,32.382600705235255,40.821433488540606,2810.672
B0007,160,583,24,1.4163272748795108,3.465962999117946,2.1695130053947387,4.199879744716988,32.4323818014572,40.643362943412974,2811.485
B0007,161,587,24,1.4165781829175994,3.4601727514874407,1.9917978280585305,4.1986801794397035,32.48861829940489,40.97063567014205,2802.422
B0007,162,591,24,1.4108401729425177,3.464226115253961,2.1534486462617073,4.199235005181635,32.524062377970175,40.74888323397497,2801.625
B0007,163,595,24,1.4109949628347804,3.458799193390812,2.0101572712330453,4.198950996279868,32.482615965621896,40.93461596721165,2802.031
B0007,164,599,24,1.4061714290398801,3.4620805499710854,2.132718741006573,4.199393701075195,32.46389583182878,40.74175890345818,2793.39
B0007,165,603,24,1.4063358479692922,3.4578782949034514,2.0114763339798887,4.198994975977764,32.55681404542561,41.00964443691023,2793.39
B0007,166,607,24,1.4004552399066514,3.461590937144894,2.1610456063312298,4.198421699164089,32.576296430484255,40.80558697887537,2792.485
B0007,167,611,24,1.4217865046055154,3.462906230864041,2.0143553387267827,4.188887274283021,32.81804879809979,40.92586026351328,2802.016
B0007,168,613,24,1.4324552720625434,3.4753580425264796,2.1732119934933296,4.2050716026539625,32.92941193334214,40.57390100608222,2820.39
B0018,1,2,24,1.8550045207910817,3.5275462263272543,2.4721608434600437,4.188195942647034,31.773285281389256,38.10180309676608,3434.891
B0018,2,6,24,1.8431955317089987,3.534835576186522,2.4114381994148304,4.186703558364525,31.924891594728642,38.14987995994155,3425.485
B0018,3,10,24,1.8396018424355423,3.538246596159443,2.394395968141027,4.188811210133346,31.31691283374216,37.5266914843442,3410.375
B0018,4,14,24,1.8306736044962053,3.537697945111872,2.3999481734774424,4.188875360300162,30.821190751176527,37.06279237079503,3404.719
B0018,5,17,24,1.8327002069419656,3.542667604586918,2.3851461229395867,4.189908817357781,31.95346971511436,38.2110354381278,3417.641
B0018,6,19,24,1.8285288846046388,3.5451037330477333,2.3716770708389117,4.190509582057232,32.02311236185272,38.17496505957075,3411.766
B0018,7,21,24,1.8212011895697924,3.5475142438631493,2.4964491577040793,4.1903241054041,31.634533158077694,37.64038685475582,3399.516
B0018,8,23,24,1.8151700106433282,3.544812433691423,2.4374506721131883,4.190302498850287,31.288194921595714,37.37602884738843,3388.75
B0018,9,26,24,1.8042980520967649,3.5434780274164095,2.4152206992194847,4.188517549229078,31.11122470608501,37.28928029078695,3380.406
B0018,10,29,24,1.8231002302844226,3.543133206790044,2.377432309524995,4.191794143442699,31.13166983979621,37.52377766578506,3404.141
B0018,11,31,24,1.8121253520255494,3.545155146280937,2.3887487262583647,4.190699409462101,31.51305775907457,37.72420412562674,3396.141
B0018,12,33,24,1.8046916382117766,3.545032366549762,2.432289857016922,4.1902633112754275,31.31102568785445,37.41366095304306,3384.094
B0018,13,35,24,1.790844349786295,3.5440892170496827,2.497495633221204,4.18970538556629,30.893964711700164,36.94724908852665,3370.656
B0018,14,38,24,1.783470722841926,3.541317108618481,2.478768686108376,4.188354430914051,30.540598970902945,36.707091312059944,3357.797
B0018,15,41,24,1.7809386125310702,3.541197979542517,2.3858494078680206,4.193543208571066,30.82566018736547,37.13061214416645,3363.015
B0018,16,43,24,1.771209039672698,3.541255460524434,2.372854084449551,4.190238041929225,31.451400678644536,37.686600065941576,3357.734
B0018,17,45,24,1.7686303996707076,3.5427478949705886,2.4086912736769084,4.19075698083662,31.518847747922937,37.633580732302406,3344.187
B0018,18,47,24,1.7536304801917124,3.541251093602656,2.496331992137246,4.189715378549557,31.11237289077096,37.15252578645951,3339.969
B0018,19,50,24,1.7462197416415093,3.5350260562177453,2.4199896352919668,4.187635645163932,30.586452588663985,36.78829001793698,3327.641
B0018,20,53,24,1.7376647337053737,3.5326627624319777,2.3587321881999297,4.191004692440202,30.242913021104116,36.541146197392216,3312.844
B0018,21,55,24,1.7315166735475835,3.5333109441755526,2.4458096660548825,4.1906972904216495,30.10270376338569,36.372087786130464,3302.031
B0018,22,57,24,1.7085949894470602,3.52738705832889,2.3808537751929744,4.185877977731026,30.251184852221932,36.52608510498833,3305.547
B0018,23,59,24,1.711469957068211,3.5296025965720452,2.436955746154759,4.188109147549676,30.212407704391104,36.476252762052624,3289.562
B0018,24,62,24,1.7075021373272627,3.5289707694229833,2.4671365731790713,4.188302415854336,30.125011009636175,36.377208902376694,3283.797
B0018,25,65,24,1.7492382064360228,3.5322741848919814,2.4129371999368505,4.18962510592865,30.22428629982563,36.64000948247426,3325.235
B0018,26,67,24,1.7327697147429955,3.532438322521663,2.3497771039810256,4.190150750158746,30.976376254737342,37.38165499248184,3317.547
B0018,27,69,24,1.7222313328292376,3.5363211310943603,2.4904700018477026,4.189151018945234,31.41570291330098,37.59824760372582,3311.766
B0018,28,71,24,1.711846298984729,3.533535274219931,2.4650908929255406,4.189631312089484,31.383299841535273,37.560555155163414,3305.218
B0018,29,74,24,1.699267835126687,3.527012841842043,2.363133281953362,4.187690359657657,31.167937826253635,37.52114200586718,3295.453
B0018,30,77,24,1.6940366439243106,3.52925730014011,2.4790616361836206,4.190215357888677,30.994690437264207,37.21887096740918,3287.0
B0018,31,79,24,1.6819027078768087,3.527821497534469,2.491905723274248,4.189776104976122,31.055317978554886,37.33441415744885,3276.922
B0018,32,81,24,1.6769770618433686,3.525692957415014,2.4337177596826547,4.189846430994002,31.373945543706103,37.7331798444306,3268.687
B0018,33,83,24,1.6655229306478936,3.5243962482347273,2.4424506461535755,4.188109551881256,31.56128410753226,37.84649344841882,3260.594
B0018,34,86,24,1.6571924575832084,3.520797576383474,2.4383419399858552,4.186368648390758,31.318474723902874,37.670164941661795,3258.812
B0018,35,89,24,1.6482241555294048,3.519457281260753,2.4157245398944123,4.1901657245031085,31.104012325043946,37.53185198546868,3243.422
B0018,36,91,24,1.6387701497987262,3.513165600287965,2.323395712524894,4.189966178473989,30.989730398009076,37.593333753421376,3236.515
B0018,37,93,24,1.6276486907262062,3.517217159454334,2.4985039496028567,4.188259618341401,30.967851972472324,37.361410110678264,3230.734
B0018,38,95,24,1.62215370227252,3.5120091114107965,2.350237238739749,4.1897400575765795,31.285342046153826,37.899803246715464,3222.093
B0018,39,98,24,1.6140066510467586,3.50911052654104,2.3337740352348813,4.1862359225351335,31.41096207271253,38.03149707759718,3220.344
B0018,40,101,24,1.6760516154424623,3.516106699716392,2.317647291087635,4.189625262426538,30.755137125871208,37.42220155418978,3250.75
B0018,41,103,24,1.649300642552199,3.519010068254593,2.492394514304757,4.186586244011676,30.977446633931525,37.32511174435206,3239.344
B0018,42,105,24,1.63238299185809,3.5124212742229295,2.372828310153791,4.189366482043888,30.800512192698992,37.31088262198154,3222.25
B0018,43,107,24,1.6164159719025777,3.50815215295169,2.3560703177076867,4.188553804618968,30.616192795676138,37.232346556887364,3206.157
B0018,44,110,24,1.6109028378249377,3.508648568515266,2.4644431530094417,4.188764708195774,30.399839302766903,36.94850857727268,3197.969
B0018,45,113,24,1.5954638693695657,3.5051993439595477,2.4195167274486726,4.188636968174337,30.38386825126278,37.002663545357386,3181.625
B0018,46,116,24,1.726707440085764,3.523165280193865,2.3422406504312434,4.188466199744378,30.576239500422748,36.71025442949399,3302.36
B0018,47,118,24,1.7165673917429753,3.527269876472835,2.3755467142668496,4.189570916346704,30.705906284556665,36.72807623650589,3285.812
B0018,48,120,24,1.6958235570934848,3.526762654741574,2.4146291375325917,4.189584987657955,30.62583594950684,36.72959308355185,3260.016
B0018,49,122,24,1.6777783190792557,3.523020179476104,2.3844645496129964,4.189371286385834,30.597357068657974,36.787462351640364,3240.031
B0018,50,124,24,1.6606586897774192,3.519792345798265,2.398646371281655,4.187606340824144,30.528493896066262,36.75689163314213,3232.265
B0018,51,127,24,1.6664109274827466,3.5251014582287223,2.4557130111721626,4.188829347125095,31.203754246103966,37.350157630970955,3232.031
B0018,52,129,24,1.6468336174407805,3.518519199837846,2.323665882820083,4.189202115880737,31.172639449335037,37.48126030855565,3209.5149999999994
B0018,53,131,24,1.6257639928779952,3.5190801794284594,2.488054079510012,4.186778882107656,30.96825922704022,37.125443897626305,3196.125
B0018,54,133,24,1.6121577411874595,3.5114167272902406,2.3306937114568003,4.187888599491238,30.821704306343133,37.19112571388883,3172.562
B0018,55,135,24,1.6057366823755344,3.5108038681605738,2.389399831578687,4.18915752014188,30.765219721637393,37.17642722353301,3172.735
B0018,56,140,24,1.673645314879889,3.51432611790755,2.4864200723178747,4.191289655270872,30.809988428281613,37.11936678632194,3238.109
B0018,57,142,24,1.6404348572349936,3.5196664048265607,2.4673631110639858,4.190628233635541,31.039033590700278,37.2702464066457,3191.063
B0018,58,144,24,1.6132653317422077,3.512403849382274,2.375173080957567,4.189158279329032,31.04176453157222,37.39550861947664,3165.828
B0018,59,146,24,1.5920964324686278,3.5077862234460104,2.371626022111289,4.185868202467219,30.959784195511766,37.378956702246384,3140.407
B0018,60,149,24,1.5866011820698824,3.5076596102713244,2.463955873060647,4.186906972044146,30.843513277103145,37.245718322158105,3131.922
B0018,61,152,24,1.5800766490336253,3.5074833565874615,2.475545296633258,4.189576283423886,30.797157400797865,37.21755583353321,3121.109
B0018,62,154,24,1.5641732953289167,3.5023865933440717,2.3791563087604626,4.189808713646982,30.984434580754094,37.56150979821064,3105.265
B0018,63,156,24,1.555618272193922,3.503693493885047,2.4776158338943337,4.188889298039903,30.967899275139946,37.4174791317661,3091.25
B0018,64,158,24,1.5402045278637397,3.4989948462048113,2.4205549690097223,4.188220838257245,30.976616345195186,37.55101533655474,3076.703
B0018,65,161,24,1.5321613015959863,3.495405576723954,2.415388497112405,4.186454063976498,30.89768961926806,37.59895044072871,3062.328
B0018,66,164,24,1.5316232403693415,3.494528300232307,2.3974205597873093,4.1895672733133145,30.81568822237933,37.489239782169804,3050.563
B0018,67,166,24,1.5222595950771978,3.4962554827793926,2.497752653580319,4.1892977641056035,30.726188079151118,37.37911114363861,3034.672
B0018,68,168,24,1.5065267126851283,3.48769646191346,2.3726090777895896,4.186793087812023,30.76818712651005,37.559604168615785,3031.25
B0018,69,170,24,1.5014219556532926,3.486547580844067,2.36844257542991,4.188594535127793,30.775415173787835,37.61805450748922,3011.343
B0018,70,173,24,1.4963534117486457,3.482298183882304,2.331968556073514,4.186295492358637,30.761821976538275,37.71101994346608,3003.0
B0018,71,176,24,1.5334262000312422,3.491819481711868,2.4057755306304176,4.187384370589753,30.913721930762733,37.767989299214086,3045.187
B0018,72,178,24,1.523845267514426,3.493995853241935,2.4720838848798987,4.188929264481706,31.228215653165606,37.91919394450186,3028.469
B0018,73,180,24,1.5011920994261239,3.484377015629623,2.342731326096539,4.1852697593324315,31.261679783387308,37.99328509003338,3012.937
B0018,74,182,24,1.492417671450291,3.4859116793558376,2.4198650452188226,4.18799771486628,31.18408593575448,37.984838024989045,2998.875
B0018,75,184,24,1.483323851940123,3.4842787539766786,2.438879997223475,4.187899339921793,31.001432353085377,37.8288851383529,2983.547
B0018,76,187,24,1.4807376792294196,3.482988652120672,2.430465824271706,4.1882916128809375,30.981374033120872,37.844837975501,2966.86
B0018,77,189,24,1.4735077809902477,3.483799876979844,2.4907267597860656,4.187409532380725,31.088687926688607,37.8984610468502,2954.797
B0018,78,191,24,1.46801928526661,3.4787540756450497,2.3678328028644775,4.188656943531829,31.336420133762665,38.27784043980244,2945.735
B0018,79,193,24,1.4580923557119019,3.4752194351784507,2.3532703553328904,4.188198669984733,31.22599987103565,38.24434303919528,2941.375
B0018,80,196,24,1.4478660988891399,3.470739535801023,2.362897904778893,4.184528192003684,31.037323488688802,38.06956259266949,2923.953
B0018,81,199,24,1.4527808777541982,3.474600910003521,2.420200016704328,4.1927676322495895,30.811349225731828,37.81744565252647,2921.031
B0018,82,201,24,1.4425356364492432,3.4740521567700093,2.472605886588914,4.187873640279204,30.932223179746046,37.902567770354786,2902.75
B0018,83,203,24,1.4392712877203313,3.475075728648004,2.483165462226557,4.1880559282136725,31.215527070380897,38.16628336469349,2897.875
B0018,84,205,24,1.4286475681888218,3.472424307596416,2.4341986830086237,4.188063095530185,31.400797084337558,38.36789486715962,2892.094
B0018,85,208,24,1.4249026750004896,3.471751102262539,2.497859027600416,4.185913481526783,31.259213269721236,38.19823604401131,2886.921
B0018,86,211,24,1.4698115324524124,3.4745407296058963,2.3747408457948316,4.187259539606346,31.134701292957466,38.099982807571635,2942.531
B0018,87,213,24,1.4525819651050202,3.471720060423485,2.3589340839760866,4.187670932765983,31.246879695988095,38.214523782841354,2912.469
B0018,88,215,24,1.442834198908794,3.471398409828823,2.4413266342198545,4.187836103953847,31.027558674438325,37.939696536164234,2895.594
B0018,89,217,24,1.428376058807949,3.4626491088970703,2.311419659807122,4.18719517574786,30.931917385258963,38.06666733482501,2884.406
B0018,90,219,24,1.4154547844370715,3.466072725920186,2.4953159238201255,4.183339938829854,30.667082236656018,37.63260475617888,2873.766
B0018,91,222,24,1.454576670077708,3.4730670533412877,2.4398479869382084,4.192209704853633,31.226789107710772,38.18223603956323,2893.375
B0018,92,224,24,1.4283179548274056,3.4668548162926327,2.376538319699514,4.1866224559264715,31.387733116648285,38.3907466519188,2884.9839999999967
B0018,93,226,24,1.4197026883204058,3.46527367520258,2.3722299202290382,4.186945959000922,31.505666838292886,38.51622654624205,2870.234
B0018,94,228,24,1.4155606630306516,3.4638878223448684,2.361475505115684,4.1874400308161395,31.5462258449116,38.56612180540248,2864.11
B0018,95,231,24,1.405680035419228,3.457807923440064,2.317937855025735,4.1845980039811215,31.389977882297476,38.5606541602861,2846.64
B0018,96,234,24,1.4084461071166137,3.459813554486507,2.3372859753156225,4.186742025132256,31.385433749863733,38.53842073636507,2839.532
B0018,97,236,24,1.3968547782872414,3.458027727779737,2.3528810264952194,4.1871520936423146,31.423707199142058,38.548873480234754,2832.703
B0018,98,238,24,1.3935670371440676,3.4613996718507845,2.4646122144537173,4.187096292904282,31.435368910968148,38.45838357496903,2827.077999999994
B0018,99,240,24,1.3893644292809475,3.4611285476693214,2.4684655225527004,4.187367312766795,31.542375291159843,38.54382874673793,2821.531
B0018,100,243,24,1.3785651415666713,3.455556822823358,2.4092923539400735,4.18534593452204,31.52669677306915,38.650883957434026,2805.156
B0018,101,246,24,1.384901110085747,3.459598362944341,2.477625480372779,4.186646524222555,31.435921914290372,38.45654834997334,2814.906
B0018,102,248,24,1.3703251814242443,3.4506569891269216,2.335608852853518,4.184730834033599,31.475238112886494,38.6564130442344,2801.156
B0018,103,250,24,1.3733464385229082,3.455515243082573,2.441999086782534,4.187175976285891,31.5817445550721,38.655587491253975,2794.187
B0018,104,252,24,1.3679487285504814,3.455840338587253,2.4651687831472158,4.186108406696249,31.647958536134297,38.6997087046862,2785.391
B0018,105,255,24,1.3567141087089647,3.448678293668265,2.370892032033162,4.183460397462309,31.662032275252905,38.87481687744787,2779.5
B0018,106,258,24,1.4604310209194575,3.474503178644755,2.461879783248223,4.187091541628412,30.434500875864142,37.363974526077364,2899.234
B0018,107,260,24,1.4500998937104097,3.474031881945217,2.4247066368907255,4.18736921126964,31.017997058077018,37.88258787662229,2894.922
B0018,108,262,24,1.4381406901824496,3.474404210386772,2.4447222974031386,4.187597633155394,31.39483761465523,38.158980736604235,2888.25
B0018,109,264,24,1.4283681980964316,3.471767043833224,2.443569395327192,4.187608979498198,31.24511885640641,38.05243159675446,2873.906
B0018,110,266,24,1.4147874517552432,3.4685305272975935,2.4666000274194886,4.186194120124063,31.05306925187263,37.89096376444466,2847.406
B0018,111,269,24,1.413889163393182,3.4651213646662598,2.4272514813701016,4.186991375693876,30.88589263299331,37.81203585126145,2849.281
B0018,112,271,24,1.3989331662177225,3.4652879859475885,2.4762628371779,4.185443351643291,31.053992379018933,37.9591954678784,2833.688
B0018,113,273,24,1.3953322584033976,3.461799526154992,2.3607989727330003,4.186308413669027,31.492840068071885,38.521043498835155,2826.453
B0018,114,275,24,1.390046129540245,3.463260140320492,2.377011586588198,4.187179397572641,31.93832684630049,38.878687997701746,2818.312
B0018,115,278,24,1.3860271454209647,3.462839429201602,2.4567563196678455,4.1854460754417,31.74562722135923,38.65118899876309,2812.7189999999973
B0018,116,281,24,1.388215260193751,3.4569152237960306,2.3277314025979847,4.193052368415502,31.31018499405759,38.434235278537344,2803.5
B0018,117,283,24,1.3761826562394497,3.4574690175816127,2.4537913827403948,4.186241953638429,31.127360345471814,38.103875724329995,2783.25
B0018,118,285,24,1.3647168898640165,3.4502191781217797,2.3475608877759067,4.186011006323472,30.985550813719595,38.12742842632319,2776.391
B0018,119,287,24,1.3589854739373584,3.4486728051793962,2.3558347560196564,4.18675624032869,30.899653280757406,38.03962943213698,2766.516
B0018,120,290,24,1.3462308764008801,3.444632719716698,2.3791102362944754,4.1831553230638425,30.706123644966482,37.85657903247749,2751.516
B0018,121,293,24,1.4268427818454643,3.467272639213176,2.444740635238248,4.191989955143364,30.47122187456595,37.43017193410286,2848.859
B0018,122,295,24,1.4064481483279663,3.464490491162134,2.431867772331712,4.185628679672912,30.939221783021114,37.8264149292754,2840.016
B0018,123,297,24,1.3934907492075153,3.459667012281024,2.344037291947413,4.186834478731371,31.111640631561894,38.08307173716899,2817.375
B0018,124,299,24,1.3882493512249316,3.462241956955771,2.456436863057259,4.186613091061155,31.037910219908994,37.88279649093536,2809.234
B0018,125,301,24,1.3701878338420928,3.4555661695067355,2.395547668334432,4.183907160253637,30.967950840538833,37.96027066990377,2791.187
B0018,126,304,24,1.3796951665608619,3.458696199585801,2.4536749172979215,4.18533882899107,30.93996203578424,37.880513353762176,2794.016
B0018,127,306,24,1.3686586323935683,3.4525282614097663,2.3062728144586413,4.185280284017658,31.295019295352862,38.43416278222213,2774.719
B0018,128,308,24,1.3627371779096438,3.4552290080443044,2.3471092023857154,4.186281579801858,31.81846533166901,38.847489737859576,2777.844
B0018,129,310,24,1.3634051133928073,3.4619744219744675,2.4884289104730986,4.185356132672309,32.00067162597675,38.80283421497622,2781.125
B0018,130,313,24,1.3518646035305233,3.452221905520614,2.3992178234155577,4.181406543107895,31.73992229230571,38.72699121838442,2760.906
B0018,131,316,24,1.3547969729652622,3.447650049442191,2.2786338886500292,4.185252405343103,31.52613649688221,38.67191958148309,2753.25
B0018,132,318,24,1.341051440640485,3.447928507599004,2.3655846763383734,4.185763363191996,31.27624493654335,38.371813640118894,2742.843
B0025,1,3,24,1.847011162956716,3.400080836543819,1.9182683747066012,4.196965327364252,33.13281956573637,41.81748104839704,6515.422000000006
B0025,2,5,24,1.8485654344528386,3.4067357604110753,1.8939610306669548,4.202556431495687,32.848310333012144,41.504410609595574,6516.219
B0025,3,7,24,1.847111177186175,3.407792325190085,1.82462740970999,4.202713117217314,33.07297579198606,41.670776193570134,6489.5
B0025,4,9,24,1.8489837601535537,3.425685226676254,1.9612044915457982,4.203084581094102,33.12836651135456,41.58349706133725,6471.25
B0025,5,11,24,1.8370120718560439,3.4102415310941074,1.7869386268841287,4.200058863569411,33.20066590827124,41.82908827830225,6466.672
B0025,6,15,24,1.817549211247137,3.395651158058303,1.9399607811955055,4.178122904439056,32.8030291471027,41.15307253815554,6410.672
B0025,7,19,24,1.839863822522073,3.3987545550856617,1.7632585904014149,4.198227921922519,32.70663040910488,41.167510218490015,6474.156
B0025,8,22,24,1.8430595619731431,3.4107861698937034,1.7411634552856725,4.201052747751877,32.88774741633189,41.40744159178738,6460.75
B0025,9,24,24,1.8401871729536057,3.4362212866947472,1.990361763373611,4.2014816169511375,32.85054388832057,41.089112912518665,6448.907
B0025,10,26,24,1.8281265632888257,3.429899192703782,1.8524105657072532,4.201461223125712,33.21344988692114,41.56081694228564,6447.125
B0025,11,30,24,1.8253563336445804,3.4061977189259807,1.7970500760271888,4.190430872833885,32.54793058844526,41.027186904575295,6431.219
B0025,12,34,24,1.8214180552626154,3.431364532702854,1.9099130781506344,4.197641122625931,32.95568065114475,41.20659187421087,6442.203
B0025,13,36,24,1.830315627968932,3.437199999112006,1.9344488971472638,4.200877212432817,33.31259035127085,41.458124206642374,6427.079
B0025,14,38,24,1.8175491643824844,3.4349851634526334,1.8425883947903754,4.20189282071032,33.27639301328207,41.50830652935,6417.156
B0025,15,40,24,1.810901200296979,3.4358715577304486,1.8285852544110042,4.200832471783116,33.13052620279671,41.369681799861574,6398.907
B0025,16,42,24,1.8083032603084233,3.437200278486185,1.8355395996102943,4.2006834078208275,33.262538649813465,41.46226760798129,6384.75
B0025,17,46,24,1.7928016149381065,3.3887362465772446,1.9492783916128957,4.176908127442872,33.455906862521594,41.32045149274522,6284.063
B0025,18,50,24,1.812563150045885,3.3997812429989795,1.7363301713780446,4.198430576015103,33.359161719231366,41.29100352861782,6370.937000000005
B0025,19,52,24,1.807772607491239,3.4092528162288933,1.7105280581137303,4.201378297006623,33.19907517017467,41.08913600776219,6359.812
B0025,20,54,24,1.8048055175003972,3.413290161572333,1.6755342791432475,4.201267329262803,33.10915637159371,41.020672808164036,6346.156
B0025,21,56,24,1.800538555899242,3.418321145613461,1.6704419000715314,4.201007650907643,32.8730319628199,40.73588950026045,6328.172
B0025,22,58,24,1.7942356098033032,3.4228002445936747,1.7016507714607274,4.200640308563649,32.8903015920882,40.76227622359968,6326.062
B0025,23,65,24,1.807409052434889,3.4103062616510487,1.8891035060983299,4.199028873312285,32.07013291213046,39.71112605386658,6352.843
B0025,24,67,24,1.7902504816962075,3.4104689136383888,1.756482386846181,4.200691577023061,32.18349666127279,39.797043058510575,6309.172000000006
B0025,25,69,24,1.7961223845359495,3.4208452515825636,1.8323981556137667,4.199965507353377,32.133961271398654,39.64019141128942,6284.297
B0025,26,71,24,1.7912236690350776,3.426965494192803,1.8971268658440401,4.200628533399999,32.19734869129393,39.75344188854835,6265.969
B0025,27,73,24,1.7854822365303245,3.4343195510923628,1.9934958310371553,4.200021709929957,32.128660226085096,39.57317189988566,6266.641
B0025,28,77,24,1.7677890780323617,3.379891621690332,1.9679550948765454,4.179880908916163,32.16680073898097,39.45687787991913,6198.75
B0026,1,3,24,1.8132504303869899,3.404890220315493,1.98069037313681,4.185453870728775,32.764485625071856,40.711455499237935,6515.422000000006
B0026,2,5,24,1.8149760087078302,3.418631404129339,1.9296821070764223,4.191986600147927,32.560591865941106,40.56984371986605,6516.219
B0026,3,7,24,1.8135354175561993,3.4453022579697716,2.169258771295841,4.19141376026019,32.70948277164228,40.420735413096146,6489.5
B0026,4,9,24,1.815149273310334,3.4281919482774947,1.898741105703338,4.188502919522219,32.89402601565415,40.839359753382105,6471.25
B0026,5,11,24,1.8142913014068198,3.433945869545595,1.9095478812878097,4.191429313781171,32.88851048708752,40.762597974826,6466.672
B0026,6,15,24,1.3863373424430125,3.2986715430208906,2.0442560844271522,3.9865474622465253,31.60887613480477,39.78739652537364,6410.672
B0026,7,19,24,1.8165277958816064,3.395711592779412,1.8584184081271529,4.1842030048921135,32.4909596779559,40.12859054534907,6474.156
B0026,8,22,24,1.8085638576011063,3.4209107644287986,1.9288388497995346,4.189253474215399,32.63416073863936,40.39287009990307,6460.75
B0026,9,24,24,1.804936077644182,3.4290052342029878,1.935441772448038,4.190404777859946,32.646683898798194,40.37811271633581,6448.907
B0026,10,26,24,1.8049315924982108,3.4422746572295977,2.0842440571468894,4.188068725985081,32.95341147758712,40.6345527951007,6447.125
B0026,11,30,24,1.717679232699393,3.391747147883427,1.8964443776301838,4.137907749692748,32.14122281811958,40.0980220096873,6431.219
B0026,12,34,24,1.809804813280106,3.433128893119263,2.0399077334404954,4.186123854255208,32.73498021932445,40.34748376711444,6442.203
B0026,13,36,24,1.806556213274488,3.4445618404708633,2.1312634408664395,4.1900980869893365,33.0777254348539,40.655125518765814,6427.079
B0026,14,38,24,1.7938155707698507,3.435084142217923,1.8782785619868927,4.18806162606315,33.067457381369145,40.78648924035223,6417.156
B0026,15,40,24,1.799304949381792,3.4457210478614795,1.9640553148703692,4.1883484559434,32.902717226956746,40.64545029611132,6398.907
B0026,16,42,24,1.7842197448470132,3.4449342432242034,1.9028600928182506,4.18723267594963,33.04143942038261,40.753548433947245,6384.75
B0026,17,46,24,1.6818819918515189,3.348388974288582,2.066791178782658,4.116319031433004,33.28920270851618,40.90407080657346,6284.063
B0026,18,50,24,1.8007519383961936,3.4115903895548496,2.1735697218309302,4.1829771605808554,33.31828122927918,40.760169873884465,6370.937000000005
B0026,19,52,24,1.795972684272296,3.4077180188358045,1.8699981350012518,4.188680037627242,33.24546150252619,40.86760057065783,6359.812
B0026,20,54,24,1.7931026940553298,3.416993809879986,1.834360851438286,4.189566172290167,33.19381621015531,40.845772478695196,6346.156
B0026,21,56,24,1.8010267542068712,3.4279308915459796,1.8588013920189892,4.191202777072821,32.950371591621256,40.61328442378913,6328.172
B0026,22,58,24,1.7824572301269948,3.450423062016945,2.1656553710973343,4.18738502716279,32.98142836772341,40.55411444614823,6326.062
B0026,23,65,24,1.7959303030608789,3.4243550860962872,2.161441726851442,4.187376898822461,32.285643510120714,39.89740047610024,6352.843
B0026,24,67,24,1.7783142127341003,3.419928142613709,1.8357784756785414,4.187719914558781,32.40988062398286,40.148009555945954,6309.172000000006
B0026,25,69,24,1.771719092984802,3.4304184604928114,1.7730752055194368,4.187714468300498,32.395070835603484,40.16428171644192,6284.297
B0026,26,71,24,1.7790749489536772,3.4416415585585702,1.8034969218504175,4.1886348865652785,32.48055490141574,40.348229188960836,6265.969
B0026,27,73,24,1.7733229782464675,3.448941537538792,1.8019162984387032,4.188731148597371,32.39831599080119,40.155136061235744,6266.641
B0026,28,77,24,1.768754111010884,3.3679598202717265,2.094755756018166,4.16813557610843,32.5316653403438,40.014600736484276,6198.75
B0027,1,3,24,1.8233077742149364,3.415635388206693,2.4407952016086623,4.201942981365258,33.531461449042084,42.07194057268294,6515.422000000006
B0027,2,5,24,1.8142384651167962,3.405140913759623,2.4193060956450503,4.206957767652323,33.768115475386416,42.526459613766654,6516.219
B0027,3,7,24,1.8128596793130867,3.425659661801085,2.4982363525248754,4.206087528624208,34.0575363030056,42.65704114936764,6489.5
B0027,4,9,24,1.8144242446739973,3.4201699208239194,2.4798358184535396,4.206597549468143,34.34311925332076,43.07456793109374,6471.25
B0027,5,11,24,1.812800333853042,3.4180604683404985,2.4669313816061296,4.206708529635488,34.3900563067441,43.12836631992577,6466.672
B0027,6,15,24,1.7946038703195293,3.3978401981445576,2.492471012096456,4.182675464297748,34.16207101391941,42.9279467397339,6410.672
B0027,7,19,24,1.816519171293833,3.3984422668226393,2.4232193266263646,4.202445131277022,33.65117316898919,42.344909658609986,6474.156
B0027,8,22,24,1.8198335565190242,3.411384397730043,2.4791120561344835,4.207150334625055,33.993154419553875,42.501459218547076,6460.75
B0027,9,24,24,1.816980986440728,3.40775629545449,2.4281027036480562,4.206634870908589,34.121102900157744,42.75456095698592,6448.907
B0027,10,26,24,1.8047602710768988,3.4031041806987625,2.4202095510772232,4.206620391551443,34.521504581092735,43.208685492251035,6447.125
B0027,11,30,24,1.8021778881408677,3.38665218439762,2.3998890148152445,4.194991220811618,33.91883669839733,42.59572185384836,6431.219
B0027,12,34,24,1.810054375611175,3.4140369130125587,2.483742346997907,4.2023598960429815,34.203791109857484,42.63365730314649,6442.203
B0027,13,36,24,1.8191618703574552,3.3945090590148355,2.382935984422233,4.206738745019596,34.48622307207774,42.89197473994752,6427.079
B0027,14,38,24,1.806344581230731,3.4204049256076163,2.4903839742860163,4.205268152663341,34.40141739485763,42.736703039205324,6417.156
B0027,15,40,24,1.8120006378747944,3.401908039296132,2.39789040439265,4.205946910651655,34.3150259504104,42.71819238433457,6398.907
B0027,16,42,24,1.809238569578753,3.407597938928066,2.41937557251393,4.205053312485709,34.450526992415796,42.87852551010068,6384.75
B0027,17,46,24,1.7820717716005336,3.3774091842080276,2.444119634453687,4.181855642136106,34.741504044616725,42.99196482622249,6284.063
B0027,18,50,24,1.8145504562341046,3.3771878224396685,2.395925863485738,4.20282058770571,34.663008920131865,42.920147884014575,6370.937000000005
B0027,19,52,24,1.809153485164282,3.390746744780089,2.408349641748691,4.206436642050531,34.47643463041281,42.77821015998406,6359.812
B0027,20,54,24,1.8065551508093707,3.3939882666698242,2.399239705167686,4.20638281753962,34.45771838499012,42.71393681070588,6346.156
B0027,21,56,24,1.802401655959492,3.395270569622429,2.378335964879865,4.2054658678946755,34.276431502022604,42.66066961608101,6328.172
B0027,22,58,24,1.7964331683322998,3.4104656511949063,2.437999478526856,4.206584936190674,34.35292925698558,42.64239690775237,6326.062
B0027,23,65,24,1.8088036930508289,3.400641404160475,2.484818012933219,4.202786069304105,33.64812848797218,41.86831727976231,6352.843
B0027,24,67,24,1.7915527748749653,3.403879368199544,2.456168013420922,4.206301818692852,33.75077258934032,41.97207960495628,6309.172000000006
B0027,25,69,24,1.7853375192239571,3.4141854712687336,2.4697995830050976,4.205750597989692,33.72038549007088,41.92250461031742,6284.297
B0027,26,71,24,1.793209210325309,3.4230599701504794,2.491582666091738,4.20589200120434,33.812030459081335,42.14300769699952,6265.969
B0027,27,73,24,1.7873097711102113,3.4023930606429906,2.3944859739266695,4.205560793070628,33.79680193008211,42.43039551713637,6266.641
B0027,28,77,24,1.7700926253324452,3.3633791712406205,2.4249816079125552,4.186200185347402,33.92036482801563,42.033372446715575,6198.75
B0028,1,3,24,1.8046847720100736,3.676492835528995,2.6151397684307285,4.181907184700754,30.261078788805897,31.679728237853865,6515.422000000006
B0028,2,5,24,1.8047833214525881,3.677932362103996,2.578716047628789,4.186798367560072,30.023214006195516,31.42728999177483,6516.219
B0028,3,7,24,1.797618668222458,3.681544140844236,2.679890873914289,4.186905629206883,30.21665562692593,31.694210133469813,6489.5
B0028,4,9,24,1.7929913687761174,3.6819955552100256,2.674600586599544,4.1855363847405656,30.363564779968748,31.849947051821633,6471.25
B0028,5,11,24,1.7919180081592216,3.6822366580622092,2.655983638577288,4.186483098548598,30.383708693138953,31.891976600913974,6466.672
B0028,6,15,24,1.775026135903797,3.6730621916612125,2.5587601304544574,4.167593667891115,30.151543075778466,31.647839531181656,6410.672
B0028,7,19,24,1.7920487852223415,3.6821638997402064,2.684075980505414,4.183182085400848,29.942877366572425,31.66717160096336,6474.156
B0028,8,22,24,1.790475801581265,3.6829104616020185,2.692955180725203,4.1836584764239335,30.159672019699293,31.543075306784417,6460.75
B0028,9,24,24,1.7868365091987264,3.6830910997567576,2.664091579679959,4.186132992895621,30.18503729745987,31.63889282611546,6448.907
B0028,10,26,24,1.7871529619962185,3.6823376400116725,2.599501054239839,4.18607245667024,30.557366977302667,32.06283964981591,6447.125
B0028,11,30,24,1.7816340617009505,3.6779403019036363,2.5987712023407274,4.177617061522188,29.87809290999813,31.17821904490572,6431.219
B0028,12,34,24,1.7850235136604733,3.6809827017477756,2.5683373423176117,4.183570268917493,30.329541918405045,31.830430244172504,6442.203
B0028,13,36,24,1.7803865429693038,3.6821031308211283,2.571655326217227,4.186886063009724,30.67805955282036,32.176676996947776,6427.079
B0028,14,38,24,1.7789060856417256,3.68119828344271,2.5464403411304843,4.186431294608572,30.61748146501738,32.101579055970326,6417.156
B0028,15,40,24,1.7738387518973049,3.6808780113914024,2.5488905698718844,4.186605296553263,30.47693232752601,31.927225800846255,6398.907
B0028,16,42,24,1.769682881523146,3.6816453877057884,2.592227961453642,4.186411251128915,30.59851621920085,32.17577171129977,6384.75
B0028,17,46,24,1.7408787283206992,3.6751321799254955,2.598546956085325,4.1643364768914175,31.100240402928506,32.50607956309833,6284.063
B0028,18,50,24,1.7648189744011906,3.6846266213857497,2.6924907199800523,4.183279934429277,30.938169249041685,32.36361154404582,6370.937000000005
B0028,19,52,24,1.7617857390844023,3.6832544826548084,2.6173421756941537,4.185224082214954,30.779624907003203,32.23987480909281,6359.812
B0028,20,54,24,1.75770610357021,3.6830019424524427,2.6240203066915697,4.185772001736481,30.70960684046627,32.1209393902127,6346.156
B0028,21,56,24,1.7519375960601256,3.6825149277266642,2.63525875804135,4.185968902546653,30.47705959403915,31.876773372691297,6328.172
B0028,22,58,24,1.7521244035832177,3.6802726203570852,2.540126038881981,4.185740020171981,30.54925924889458,32.13891568195097,6326.062
B0028,23,65,24,1.7597714133989641,3.67908706723787,2.5784590711144535,4.1838351172655095,29.858081061792472,31.30995086456362,6352.843
B0028,24,67,24,1.7483011320324189,3.680942088612725,2.6156681128542663,4.185613308228973,29.92749751367273,31.443900397243077,6309.172000000006
B0028,25,69,24,1.7411482627836237,3.681439648314102,2.6736673087239393,4.186072517005326,29.887309173794996,31.383820135357173,6284.297
B0028,26,71,24,1.7363833316311177,3.680615489022298,2.6531966228276134,4.186079245979765,29.974612767860144,31.360116664622666,6265.969
B0028,27,73,24,1.736559066269527,3.6776600467841285,2.5306280538039845,4.185739001637966,29.928807475767645,31.44534438395542,6266.641
B0028,28,77,24,1.7172335652295245,3.67453404625628,2.651385292787423,4.167590440976821,30.029795182593666,31.550251048213177,6198.75
B0025,1,3,24,1.847011162956716,3.400080836543819,1.9182683747066012,4.196965327364252,33.13281956573637,41.81748104839704,6515.422000000006
B0025,2,5,24,1.8485654344528386,3.4067357604110753,1.8939610306669548,4.202556431495687,32.848310333012144,41.504410609595574,6516.219
B0025,3,7,24,1.847111177186175,3.407792325190085,1.82462740970999,4.202713117217314,33.07297579198606,41.670776193570134,6489.5
B0025,4,9,24,1.8489837601535537,3.425685226676254,1.9612044915457982,4.203084581094102,33.12836651135456,41.58349706133725,6471.25
B0025,5,11,24,1.8370120718560439,3.4102415310941074,1.7869386268841287,4.200058863569411,33.20066590827124,41.82908827830225,6466.672
B0025,6,15,24,1.817549211247137,3.395651158058303,1.9399607811955055,4.178122904439056,32.8030291471027,41.15307253815554,6410.672
B0025,7,19,24,1.839863822522073,3.3987545550856617,1.7632585904014149,4.198227921922519,32.70663040910488,41.167510218490015,6474.156
B0025,8,22,24,1.8430595619731431,3.4107861698937034,1.7411634552856725,4.201052747751877,32.88774741633189,41.40744159178738,6460.75
B0025,9,24,24,1.8401871729536057,3.4362212866947472,1.990361763373611,4.2014816169511375,32.85054388832057,41.089112912518665,6448.907
B0025,10,26,24,1.8281265632888257,3.429899192703782,1.8524105657072532,4.201461223125712,33.21344988692114,41.56081694228564,6447.125
B0025,11,30,24,1.8253563336445804,3.4061977189259807,1.7970500760271888,4.190430872833885,32.54793058844526,41.027186904575295,6431.219
B0025,12,34,24,1.8214180552626154,3.431364532702854,1.9099130781506344,4.197641122625931,32.95568065114475,41.20659187421087,6442.203
B0025,13,36,24,1.830315627968932,3.437199999112006,1.9344488971472638,4.200877212432817,33.31259035127085,41.458124206642374,6427.079
B0025,14,38,24,1.8175491643824844,3.4349851634526334,1.8425883947903754,4.20189282071032,33.27639301328207,41.50830652935,6417.156
B0025,15,40,24,1.810901200296979,3.4358715577304486,1.8285852544110042,4.200832471783116,33.13052620279671,41.369681799861574,6398.907
B0025,16,42,24,1.8083032603084233,3.437200278486185,1.8355395996102943,4.2006834078208275,33.262538649813465,41.46226760798129,6384.75
B0025,17,46,24,1.7928016149381065,3.3887362465772446,1.9492783916128957,4.176908127442872,33.455906862521594,41.32045149274522,6284.063
B0025,18,50,24,1.812563150045885,3.3997812429989795,1.7363301713780446,4.198430576015103,33.359161719231366,41.29100352861782,6370.937000000005
B0025,19,52,24,1.807772607491239,3.4092528162288933,1.7105280581137303,4.201378297006623,33.19907517017467,41.08913600776219,6359.812
B0025,20,54,24,1.8048055175003972,3.413290161572333,1.6755342791432475,4.201267329262803,33.10915637159371,41.020672808164036,6346.156
B0025,21,56,24,1.800538555899242,3.418321145613461,1.6704419000715314,4.201007650907643,32.8730319628199,40.73588950026045,6328.172
B0025,22,58,24,1.7942356098033032,3.4228002445936747,1.7016507714607274,4.200640308563649,32.8903015920882,40.76227622359968,6326.062
B0025,23,65,24,1.807409052434889,3.4103062616510487,1.8891035060983299,4.199028873312285,32.07013291213046,39.71112605386658,6352.843
B0025,24,67,24,1.7902504816962075,3.4104689136383888,1.756482386846181,4.200691577023061,32.18349666127279,39.797043058510575,6309.172000000006
B0025,25,69,24,1.7961223845359495,3.4208452515825636,1.8323981556137667,4.199965507353377,32.133961271398654,39.64019141128942,6284.297
B0025,26,71,24,1.7912236690350776,3.426965494192803,1.8971268658440401,4.200628533399999,32.19734869129393,39.75344188854835,6265.969
B0025,27,73,24,1.7854822365303245,3.4343195510923628,1.9934958310371553,4.200021709929957,32.128660226085096,39.57317189988566,6266.641
B0025,28,77,24,1.7677890780323617,3.379891621690332,1.9679550948765454,4.179880908916163,32.16680073898097,39.45687787991913,6198.75
B0026,1,3,24,1.8132504303869899,3.404890220315493,1.98069037313681,4.185453870728775,32.764485625071856,40.711455499237935,6515.422000000006
B0026,2,5,24,1.8149760087078302,3.418631404129339,1.9296821070764223,4.191986600147927,32.560591865941106,40.56984371986605,6516.219
B0026,3,7,24,1.8135354175561993,3.4453022579697716,2.169258771295841,4.19141376026019,32.70948277164228,40.420735413096146,6489.5
B0026,4,9,24,1.815149273310334,3.4281919482774947,1.898741105703338,4.188502919522219,32.89402601565415,40.839359753382105,6471.25
B0026,5,11,24,1.8142913014068198,3.433945869545595,1.9095478812878097,4.191429313781171,32.88851048708752,40.762597974826,6466.672
B0026,6,15,24,1.3863373424430125,3.2986715430208906,2.0442560844271522,3.9865474622465253,31.60887613480477,39.78739652537364,6410.672
B0026,7,19,24,1.8165277958816064,3.395711592779412,1.8584184081271529,4.1842030048921135,32.4909596779559,40.12859054534907,6474.156
B0026,8,22,24,1.8085638576011063,3.4209107644287986,1.9288388497995346,4.189253474215399,32.63416073863936,40.39287009990307,6460.75
B0026,9,24,24,1.804936077644182,3.4290052342029878,1.935441772448038,4.190404777859946,32.646683898798194,40.37811271633581,6448.907
B0026,10,26,24,1.8049315924982108,3.4422746572295977,2.0842440571468894,4.188068725985081,32.95341147758712,40.6345527951007,6447.125
B0026,11,30,24,1.717679232699393,3.391747147883427,1.8964443776301838,4.137907749692748,32.14122281811958,40.0980220096873,6431.219
B0026,12,34,24,1.809804813280106,3.433128893119263,2.0399077334404954,4.186123854255208,32.73498021932445,40.34748376711444,6442.203
B0026,13,36,24,1.806556213274488,3.4445618404708633,2.1312634408664395,4.1900980869893365,33.0777254348539,40.655125518765814,6427.079
B0026,14,38,24,1.7938155707698507,3.435084142217923,1.8782785619868927,4.18806162606315,33.067457381369145,40.78648924035223,6417.156
B0026,15,40,24,1.799304949381792,3.4457210478614795,1.9640553148703692,4.1883484559434,32.902717226956746,40.64545029611132,6398.907
B0026,16,42,24,1.7842197448470132,3.4449342432242034,1.9028600928182506,4.18723267594963,33.04143942038261,40.753548433947245,6384.75
B0026,17,46,24,1.6818819918515189,3.348388974288582,2.066791178782658,4.116319031433004,33.28920270851618,40.90407080657346,6284.063
B0026,18,50,24,1.8007519383961936,3.4115903895548496,2.1735697218309302,4.1829771605808554,33.31828122927918,40.760169873884465,6370.937000000005
B0026,19,52,24,1.795972684272296,3.4077180188358045,1.8699981350012518,4.188680037627242,33.24546150252619,40.86760057065783,6359.812
B0026,20,54,24,1.7931026940553298,3.416993809879986,1.834360851438286,4.189566172290167,33.19381621015531,40.845772478695196,6346.156
B0026,21,56,24,1.8010267542068712,3.4279308915459796,1.8588013920189892,4.191202777072821,32.950371591621256,40.61328442378913,6328.172
B0026,22,58,24,1.7824572301269948,3.450423062016945,2.1656553710973343,4.18738502716279,32.98142836772341,40.55411444614823,6326.062
B0026,23,65,24,1.7959303030608789,3.4243550860962872,2.161441726851442,4.187376898822461,32.285643510120714,39.89740047610024,6352.843
B0026,24,67,24,1.7783142127341003,3.419928142613709,1.8357784756785414,4.187719914558781,32.40988062398286,40.148009555945954,6309.172000000006
B0026,25,69,24,1.771719092984802,3.4304184604928114,1.7730752055194368,4.187714468300498,32.395070835603484,40.16428171644192,6284.297
B0026,26,71,24,1.7790749489536772,3.4416415585585702,1.8034969218504175,4.1886348865652785,32.48055490141574,40.348229188960836,6265.969
B0026,27,73,24,1.7733229782464675,3.448941537538792,1.8019162984387032,4.188731148597371,32.39831599080119,40.155136061235744,6266.641
B0026,28,77,24,1.768754111010884,3.3679598202717265,2.094755756018166,4.16813557610843,32.5316653403438,40.014600736484276,6198.75
B0027,1,3,24,1.8233077742149364,3.415635388206693,2.4407952016086623,4.201942981365258,33.531461449042084,42.07194057268294,6515.422000000006
B0027,2,5,24,1.8142384651167962,3.405140913759623,2.4193060956450503,4.206957767652323,33.768115475386416,42.526459613766654,6516.219
B0027,3,7,24,1.8128596793130867,3.425659661801085,2.4982363525248754,4.206087528624208,34.0575363030056,42.65704114936764,6489.5
B0027,4,9,24,1.8144242446739973,3.4201699208239194,2.4798358184535396,4.206597549468143,34.34311925332076,43.07456793109374,6471.25
B0027,5,11,24,1.812800333853042,3.4180604683404985,2.4669313816061296,4.206708529635488,34.3900563067441,43.12836631992577,6466.672
B0027,6,15,24,1.7946038703195293,3.3978401981445576,2.492471012096456,4.182675464297748,34.16207101391941,42.9279467397339,6410.672
B0027,7,19,24,1.816519171293833,3.3984422668226393,2.4232193266263646,4.202445131277022,33.65117316898919,42.344909658609986,6474.156
B0027,8,22,24,1.8198335565190242,3.411384397730043,2.4791120561344835,4.207150334625055,33.993154419553875,42.501459218547076,6460.75
B0027,9,24,24,1.816980986440728,3.40775629545449,2.4281027036480562,4.206634870908589,34.121102900157744,42.75456095698592,6448.907
B0027,10,26,24,1.8047602710768988,3.4031041806987625,2.4202095510772232,4.206620391551443,34.521504581092735,43.208685492251035,6447.125
B0027,11,30,24,1.8021778881408677,3.38665218439762,2.3998890148152445,4.194991220811618,33.91883669839733,42.59572185384836,6431.219
B0027,12,34,24,1.810054375611175,3.4140369130125587,2.483742346997907,4.2023598960429815,34.203791109857484,42.63365730314649,6442.203
B0027,13,36,24,1.8191618703574552,3.3945090590148355,2.382935984422233,4.206738745019596,34.48622307207774,42.89197473994752,6427.079
B0027,14,38,24,1.806344581230731,3.4204049256076163,2.4903839742860163,4.205268152663341,34.40141739485763,42.736703039205324,6417.156
B0027,15,40,24,1.8120006378747944,3.401908039296132,2.39789040439265,4.205946910651655,34.3150259504104,42.71819238433457,6398.907
B0027,16,42,24,1.809238569578753,3.407597938928066,2.41937557251393,4.205053312485709,34.450526992415796,42.87852551010068,6384.75
B0027,17,46,24,1.7820717716005336,3.3774091842080276,2.444119634453687,4.181855642136106,34.741504044616725,42.99196482622249,6284.063
B0027,18,50,24,1.8145504562341046,3.3771878224396685,2.395925863485738,4.20282058770571,34.663008920131865,42.920147884014575,6370.937000000005
B0027,19,52,24,1.809153485164282,3.390746744780089,2.408349641748691,4.206436642050531,34.47643463041281,42.77821015998406,6359.812
B0027,20,54,24,1.8065551508093707,3.3939882666698242,2.399239705167686,4.20638281753962,34.45771838499012,42.71393681070588,6346.156
B0027,21,56,24,1.802401655959492,3.395270569622429,2.378335964879865,4.2054658678946755,34.276431502022604,42.66066961608101,6328.172
B0027,22,58,24,1.7964331683322998,3.4104656511949063,2.437999478526856,4.206584936190674,34.35292925698558,42.64239690775237,6326.062
B0027,23,65,24,1.8088036930508289,3.400641404160475,2.484818012933219,4.202786069304105,33.64812848797218,41.86831727976231,6352.843
B0027,24,67,24,1.7915527748749653,3.403879368199544,2.456168013420922,4.206301818692852,33.75077258934032,41.97207960495628,6309.172000000006
B0027,25,69,24,1.7853375192239571,3.4141854712687336,2.4697995830050976,4.205750597989692,33.72038549007088,41.92250461031742,6284.297
B0027,26,71,24,1.793209210325309,3.4230599701504794,2.491582666091738,4.20589200120434,33.812030459081335,42.14300769699952,6265.969
B0027,27,73,24,1.7873097711102113,3.4023930606429906,2.3944859739266695,4.205560793070628,33.79680193008211,42.43039551713637,6266.641
B0027,28,77,24,1.7700926253324452,3.3633791712406205,2.4249816079125552,4.186200185347402,33.92036482801563,42.033372446715575,6198.75
B0028,1,3,24,1.8046847720100736,3.676492835528995,2.6151397684307285,4.181907184700754,30.261078788805897,31.679728237853865,6515.422000000006
B0028,2,5,24,1.8047833214525881,3.677932362103996,2.578716047628789,4.186798367560072,30.023214006195516,31.42728999177483,6516.219
B0028,3,7,24,1.797618668222458,3.681544140844236,2.679890873914289,4.186905629206883,30.21665562692593,31.694210133469813,6489.5
B0028,4,9,24,1.7929913687761174,3.6819955552100256,2.674600586599544,4.1855363847405656,30.363564779968748,31.849947051821633,6471.25
B0028,5,11,24,1.7919180081592216,3.6822366580622092,2.655983638577288,4.186483098548598,30.383708693138953,31.891976600913974,6466.672
B0028,6,15,24,1.775026135903797,3.6730621916612125,2.5587601304544574,4.167593667891115,30.151543075778466,31.647839531181656,6410.672
B0028,7,19,24,1.7920487852223415,3.6821638997402064,2.684075980505414,4.183182085400848,29.942877366572425,31.66717160096336,6474.156
B0028,8,22,24,1.790475801581265,3.6829104616020185,2.692955180725203,4.1836584764239335,30.159672019699293,31.543075306784417,6460.75
B0028,9,24,24,1.7868365091987264,3.6830910997567576,2.664091579679959,4.186132992895621,30.18503729745987,31.63889282611546,6448.907
B0028,10,26,24,1.7871529619962185,3.6823376400116725,2.599501054239839,4.18607245667024,30.557366977302667,32.06283964981591,6447.125
B0028,11,30,24,1.7816340617009505,3.6779403019036363,2.5987712023407274,4.177617061522188,29.87809290999813,31.17821904490572,6431.219
B0028,12,34,24,1.7850235136604733,3.6809827017477756,2.5683373423176117,4.183570268917493,30.329541918405045,31.830430244172504,6442.203
B0028,13,36,24,1.7803865429693038,3.6821031308211283,2.571655326217227,4.186886063009724,30.67805955282036,32.176676996947776,6427.079
B0028,14,38,24,1.7789060856417256,3.68119828344271,2.5464403411304843,4.186431294608572,30.61748146501738,32.101579055970326,6417.156
B0028,15,40,24,1.7738387518973049,3.6808780113914024,2.5488905698718844,4.186605296553263,30.47693232752601,31.927225800846255,6398.907
B0028,16,42,24,1.769682881523146,3.6816453877057884,2.592227961453642,4.186411251128915,30.59851621920085,32.17577171129977,6384.75
B0028,17,46,24,1.7408787283206992,3.6751321799254955,2.598546956085325,4.1643364768914175,31.100240402928506,32.50607956309833,6284.063
B0028,18,50,24,1.7648189744011906,3.6846266213857497,2.6924907199800523,4.183279934429277,30.938169249041685,32.36361154404582,6370.937000000005
B0028,19,52,24,1.7617857390844023,3.6832544826548084,2.6173421756941537,4.185224082214954,30.779624907003203,32.23987480909281,6359.812
B0028,20,54,24,1.75770610357021,3.6830019424524427,2.6240203066915697,4.185772001736481,30.70960684046627,32.1209393902127,6346.156
B0028,21,56,24,1.7519375960601256,3.6825149277266642,2.63525875804135,4.185968902546653,30.47705959403915,31.876773372691297,6328.172
B0028,22,58,24,1.7521244035832177,3.6802726203570852,2.540126038881981,4.185740020171981,30.54925924889458,32.13891568195097,6326.062
B0028,23,65,24,1.7597714133989641,3.67908706723787,2.5784590711144535,4.1838351172655095,29.858081061792472,31.30995086456362,6352.843
B0028,24,67,24,1.7483011320324189,3.680942088612725,2.6156681128542663,4.185613308228973,29.92749751367273,31.443900397243077,6309.172000000006
B0028,25,69,24,1.7411482627836237,3.681439648314102,2.6736673087239393,4.186072517005326,29.887309173794996,31.383820135357173,6284.297
B0028,26,71,24,1.7363833316311177,3.680615489022298,2.6531966228276134,4.186079245979765,29.974612767860144,31.360116664622666,6265.969
B0028,27,73,24,1.736559066269527,3.6776600467841285,2.5306280538039845,4.185739001637966,29.928807475767645,31.44534438395542,6266.641
B0028,28,77,24,1.7172335652295245,3.67453404625628,2.651385292787423,4.167590440976821,30.029795182593666,31.550251048213177,6198.75
B0029,1,1,43,1.697507332205763,3.3651860477851834,1.9999364731586213,4.122758586822445,51.631545591665024,58.72626885895911,1572.359
B0029,2,3,43,1.844701206961174,3.3905928994464873,1.8520590925934357,4.2013457680138195,52.84944288631656,59.76796387174703,1723.281
B0029,3,5,43,1.8254376674722927,3.3944582472061784,1.8857258246963948,4.20075138362936,52.905865867265994,59.844347317645614,1705.906
B0029,4,7,43,1.815750429913437,3.394696317253661,1.8534777499421093,4.20121939681188,52.90438507577814,59.9199472840752,1697.688
B0029,5,9,43,1.8132993337127028,3.398579443319999,1.913443763136564,4.20151734595852,52.87534956891003,59.89475354681757,1686.094
B0029,6,13,43,1.8151647619660576,3.3970260675114696,1.9392366668780092,4.190431936024234,52.762650424805656,59.588132364640614,1678.563
B0029,7,15,43,1.8143317955190057,3.4017447799349796,1.926680416628282,4.20151685379873,52.78843384352056,59.81336613073259,1677.469
B0029,8,17,43,1.801343601809866,3.400790257856999,1.89070792341858,4.201511694320507,52.7841972696045,59.75433532594285,1666.093
B0029,9,19,43,1.7881558802945825,3.4030834056443755,1.93249158993614,4.201805179645606,52.751738383515125,59.7737242563152,1654.328
B0029,10,21,43,1.7760714604539518,3.4052467951556413,1.9713665258317914,4.201438773335668,52.7506031720156,59.800107348599425,1643.812
B0029,11,25,43,1.7852807447597443,3.3969592538295337,1.8523796286853516,4.19368630303113,52.76187024768883,59.92418745751934,1652.266
B0029,12,27,43,1.7698116401111978,3.3978270130572263,1.8385968486453488,4.20025041732416,52.810328108304326,60.120904895462246,1648.672
B0029,13,29,43,1.7565231680521758,3.3976547229925322,1.8332269197665616,4.200366031445772,52.803620504971605,60.159083367849426,1636.969
B0029,14,31,43,1.7543413277348154,3.400358560849027,1.8809955356138472,4.199929373943819,52.774286568476356,60.033062355018394,1625.187
B0029,15,33,43,1.7392875506998715,3.3951054015762527,1.800038174333754,4.199792574461424,52.80429201579515,60.155675284547456,1622.016
B0029,16,37,43,1.7797845109331345,3.3952154633066987,1.9415928705254093,4.186389353535962,52.721179096315566,59.708263302408355,1638.422
B0029,17,39,43,1.7657088508465202,3.400939370892573,1.9724619388377238,4.200779737725044,52.76566676387698,59.826072535975634,1646.438
B0029,18,41,43,1.7523941408724169,3.3990966930758852,1.9166086737918735,4.20106410059631,52.80160858510679,59.97193555147316,1634.765
B0029,19,43,43,1.7380191225603105,3.4005060708668395,1.9416286020335691,4.20039236023258,52.76338281760698,59.90509096707212,1622.016
B0029,20,45,43,1.7312214443143976,3.397536794846482,1.8754484122099284,4.200576454073823,52.793663259837146,60.003884509148,1616.25
B0029,21,49,43,1.7379128985265808,3.391570729569499,1.8380927294124034,4.1947095538907675,52.75741582344694,60.25771781052726,1622.218
B0029,22,51,43,1.7224270683625882,3.4006008999743154,1.999771637867575,4.200658594506185,52.866554147425745,59.90492726798961,1619.656
B0029,23,53,43,1.7184213765608034,3.3937647508109445,1.8317514112942035,4.200792247486221,52.88238533970063,60.33243416075105,1605.484
B0029,24,55,43,1.7010220930648232,3.3990916405291434,1.9739559216587699,4.200103293228043,52.89174684629843,59.986696705381924,1600.75
B0029,25,57,43,1.693698739563104,3.396460061958035,1.9069490533352143,4.200392899920808,52.86276331800625,59.99528714045464,1595.0
B0029,26,61,43,1.713072721286705,3.3953349055125526,1.9996278665665834,4.193452277045169,52.85514927949408,59.98821696841703,1612.422
B0029,27,63,43,1.6976972688567131,3.397203474478597,1.9297361391600052,4.200426069460966,52.84555100149494,60.01985635641876,1598.969
B0029,28,65,43,1.6899314034061208,3.389787970407681,1.811689567857529,4.200350636061038,52.82153486606997,60.26410091872941,1592.187
B0029,29,67,43,1.685023551367069,3.3967598380460484,1.9610731754377526,4.200274898374017,52.81580315824478,59.92046248220958,1577.484
B0029,30,69,43,1.678389965463405,3.3957223246260377,1.9482718394124843,4.200350219079989,52.80521928839473,59.887692512983016,1571.547
B0029,31,73,43,1.6737947494868326,3.3892258428534876,1.8674943991912756,4.195839706712194,52.80312343851032,60.158935395611046,1578.484
B0029,32,75,43,1.6687898927884715,3.3940321153796114,1.926783206032701,4.20011947590298,52.85759471288148,60.047482357880945,1574.469
B0029,33,77,43,1.6492566306631427,3.3906922693966584,1.869562035017659,4.20020354565233,52.85638451770691,60.167863371476415,1568.281
B0029,34,79,43,1.6409676757039668,3.3912179554575785,1.8881277069953313,4.200021865512612,52.882092513244274,60.09738415148209,1561.422
B0029,35,81,43,1.6456360229757092,3.3923453388185667,1.9264548202409049,4.200544725415334,52.87120880021078,60.02940147619038,1554.234
B0029,36,85,43,1.654547743574037,3.3840832974347714,1.8497742851139864,4.193996290293578,52.8949932373189,60.33090148423857,1573.734
B0029,37,87,43,1.6461201520877546,3.3935243600466607,1.988399313722457,4.1998075622524835,52.90577737967025,59.88870262903497,1566.578
B0029,38,89,43,1.6275119188151763,3.388551594762018,1.8822716064606955,4.199665175987453,52.85049305569667,60.13011665786984,1550.047
B0029,39,91,43,1.6200530533464497,3.3876827466759964,1.8693019781355498,4.200099273216301,52.93318563948955,60.20528139553767,1543.64
B0029,40,93,43,1.612079811711934,3.3850191492367943,1.8433554303146658,4.2000806322388815,52.91920185424772,60.24494659507955,1536.781
B0030,1,1,43,1.6560706096175404,3.3464479682177357,2.1274170450668684,4.121228264511843,52.450611378612734,61.11438949471705,1572.359
B0030,2,3,43,1.7815548749509116,3.3780751936361146,2.1401060472348874,4.191571549203586,54.113241117794225,61.9990871891876,1723.281
B0030,3,5,43,1.761969227822918,3.3818672028482375,2.1657237815883463,4.191314909952094,54.157828260748424,61.89071493502735,1705.906
B0030,4,7,43,1.751755031874225,3.3803545588103714,2.095376108282347,4.191510310362352,54.212018750385205,62.214205409958005,1697.688
B0030,5,9,43,1.7381688070362076,3.383237725223628,2.12524665517798,4.191406236830394,54.19837692352459,62.31179793095802,1686.094
B0030,6,13,43,1.7506745293461339,3.374148303155992,2.0759632130565406,4.1809364775885,54.14161744851121,62.29994268441351,1678.563
B0030,7,15,43,1.7491047649061158,3.3806295984219497,2.0440070679316857,4.191416983179895,54.21167948917778,62.48134926186261,1677.469
B0030,8,17,43,1.7252544028765475,3.387081847293872,2.173948548947525,4.19167898729129,54.18634900836399,62.158212651524295,1666.093
B0030,9,19,43,1.7112621367644252,3.3879461849049983,2.1712631392036204,4.191660740391253,54.15360140656882,62.11029841216025,1654.328
B0030,10,21,43,1.6990418392711273,3.3883925705991067,2.1722790601698723,4.190518218566902,54.168189231806274,62.21537292970592,1643.812
B0030,11,25,43,1.7185770039532977,3.3829900242224884,2.1399140868464497,4.18494757447594,54.22057063412252,62.42078136779365,1652.266
B0030,12,27,43,1.70324722921867,3.3872270612733906,2.112329336316492,4.19138696373963,54.24400266886001,62.42541404009337,1648.672
B0030,13,29,43,1.689458044662304,3.387969833955272,2.1141726056716275,4.1916098999207785,54.24150010859244,62.43136471336018,1636.969
B0030,14,31,43,1.6756136292719177,3.3908449439184096,2.1697054636701996,4.191138031319589,54.183697227073836,62.27459158639179,1625.187
B0030,15,33,43,1.6718407140871654,3.3859058007878593,2.0502203248956845,4.191251588829171,54.228866401573256,62.57843700986901,1622.016
B0030,16,37,43,1.7233056681204446,3.375492904033759,2.056845844411806,4.17866916142942,54.15865206479903,62.47198799326229,1638.422
B0030,17,39,43,1.709207290507283,3.381550645715128,2.0026548733538236,4.19028213835832,54.242750421230845,62.678287399200066,1646.438
B0030,18,41,43,1.684001734344571,3.3864480900407194,2.098247338071892,4.18930659174196,54.26601179807604,62.48426799373123,1634.765
B0030,19,43,43,1.66898698813004,3.387180494037813,2.095250035916422,4.189336480826855,54.24164371768822,62.520660259063135,1622.016
B0030,20,45,43,1.6620689362837142,3.3813445010797873,1.9652225177027667,4.1879616710018945,54.32282816477177,62.837923181745914,1616.25
B0030,21,49,43,1.6687049625248174,3.385606758982866,2.1649300939348857,4.183473493335224,54.27566161448939,62.47596510401283,1622.218
B0030,22,51,43,1.652762183550463,3.3887947335699504,2.1107101939003567,4.189021310957518,54.346520622463046,62.54340291733675,1619.656
B0030,23,53,43,1.648481366235244,3.390949417762555,2.154272422860638,4.188208290959306,54.369563893787316,62.542537819338854,1605.484
B0030,24,55,43,1.6307406443132095,3.3873404080498895,2.056878607135279,4.188944596283129,54.38101073340462,62.633169726331985,1600.75
B0030,25,57,43,1.62323023017929,3.3880651957973615,2.0619330487714467,4.189721988537926,54.366222070376075,62.63885708285674,1595.0
B0030,26,61,43,1.6541906540394393,3.3873336724752856,2.182829076635093,4.182121595717829,54.36082826974155,62.50972828784737,1612.422
B0030,27,63,43,1.638514396616985,3.391596603751742,2.152270345667462,4.18953881832451,54.329082038301124,62.41430430344205,1598.969
B0030,28,65,43,1.618847673357618,3.3844695827460796,1.9853664248869802,4.18877344296717,54.350797312061744,62.71706660837061,1592.187
B0030,29,67,43,1.6134212267751404,3.3883015570002266,2.085108474542319,4.187364248433742,54.30570319180817,62.554566036297686,1577.484
B0030,30,69,43,1.6066443601761986,3.389973588057286,2.1156809695842997,4.188843927084549,54.311769035681074,62.48691429447336,1571.547
B0030,31,73,43,1.6138387876938998,3.386403894086122,2.0858806041580396,4.184536605382707,54.31694947968931,62.59235284434121,1578.484
B0030,32,75,43,1.596329501327274,3.382990062267617,1.9452863886535996,4.188530465383751,54.37602664745592,62.84622214879507,1574.469
B0030,33,77,43,1.5890785867406987,3.3809665909442286,1.9166604901616162,4.188200529397757,54.40922760509475,63.0242156686281,1568.281
B0030,34,79,43,1.5805481432309574,3.3813241868366974,1.9272509897554042,4.187743893425592,54.43118438830086,63.00027240816272,1561.422
B0030,35,81,43,1.5846131054270807,3.3870672693934285,2.051939170845275,4.1898269490660445,54.42543761419732,62.80130766887856,1554.234
B0030,36,85,43,1.5936651221220735,3.382718302752806,2.0447593292567268,4.183231697201542,54.40878572720797,62.737405296482684,1573.734
B0030,37,87,43,1.5849874126960888,3.3896129797375174,2.1123670299751245,4.187178870202528,54.42284720424547,62.57852749153667,1566.578
B0030,38,89,43,1.5787064969416462,3.38569510149779,2.029028311417829,4.188109008087897,54.38754363122996,62.84908045214772,1550.047
B0030,39,91,43,1.570705516096967,3.387023398111767,2.0574175231777425,4.188695408653485,54.45246463683033,62.7284644620379,1543.64
B0030,40,93,43,1.562780404428482,3.3870565445350174,2.068863283525511,4.18874384592953,54.41109814733754,62.69299470731855,1536.781
B0031,1,1,43,1.6666751942525773,3.3729664490249562,2.4944372580491163,4.116561748956975,52.65501135302439,60.84632469517393,1572.359
B0031,2,3,43,1.8328583629543174,3.410655663961355,2.4703791051999655,4.206499027366964,53.97231092767106,61.81769411336386,1723.281
B0031,3,5,43,1.8139835002945137,3.411724207737072,2.432998201540817,4.206542652746716,53.99108510894419,61.82805706187581,1705.906
B0031,4,7,43,1.8044387333514835,3.414079984476593,2.455290559392926,4.206636701109276,53.996608338848425,61.95644236061217,1697.688
B0031,5,9,43,1.802147684291295,3.412679097550016,2.379788594335936,4.206755471453542,53.954262670522155,62.099570509363424,1686.094
B0031,6,13,43,1.7715647509798835,3.3963237722822415,2.3704531055353044,4.172458299789621,53.973288387308486,62.03750729435005,1678.563
B0031,7,15,43,1.8139928165779542,3.4200798093339357,2.479852487101495,4.2067410088524975,53.88993125496472,61.84294867967338,1677.469
B0031,8,17,43,1.8013261041198854,3.4200087266691894,2.4765516954388933,4.2068100656143335,53.87262295937195,61.837947652588504,1666.093
B0031,9,19,43,1.7883722583933568,3.417702003194436,2.359674470455269,4.206952621072369,53.81893583109196,61.84646585876763,1654.328
B0031,10,21,43,1.7765401657373159,3.420480701190782,2.4195090802038206,4.206832562039922,53.82033376097016,61.76013798618494,1643.812
B0031,11,25,43,1.7856209131823229,3.4123332615490005,2.3489668209281325,4.193946956737359,53.821133604090825,61.91960614794014,1652.266
B0031,12,27,43,1.7813634036685941,3.420910074120946,2.3997094392914415,4.206655556995042,53.81794815350033,61.86471031425517,1648.672
B0031,13,29,43,1.7684898383971241,3.4216539858581876,2.4168059304515817,4.207198543313955,53.80194299620242,61.77393480386064,1636.969
B0031,14,31,43,1.766505238291406,3.423749066677016,2.471072287476068,4.206978754188053,53.75880729814269,61.645390510898466,1625.187
B0031,15,33,43,1.751740527921767,3.4209893105313918,2.4044472636058316,4.20675228195214,53.78850848662172,61.88870329111738,1622.016
B0031,16,37,43,1.7352349314055016,3.40095456627701,2.4059387688210077,4.168980783747018,53.8368863785077,61.98674236534618,1638.422
B0031,17,39,43,1.7782778274549178,3.421591713831319,2.386904670931757,4.207227268504839,53.773379186088945,61.736554527800706,1646.438
B0031,18,41,43,1.7649894859707393,3.420573981542695,2.3650342661568575,4.207303258469689,53.77386924606414,61.822305205835185,1634.765
B0031,19,43,43,1.762591283533551,3.422624599533156,2.4186775515647607,4.207353806036226,53.754659591825344,61.702657378071684,1622.016
B0031,20,45,43,1.744314576121582,3.4201177255120836,2.360775838409723,4.206667054740019,53.766677549195336,61.83339482415222,1616.25
B0031,21,49,43,1.7628373753518478,3.4199667649637617,2.4505597087782616,4.198651200144167,53.731744909320135,61.71886225058171,1622.218
B0031,22,51,43,1.747857930947971,3.4203305433739613,2.3428829070219703,4.207348617133544,53.77927288646249,61.9456150656118,1619.656
B0031,23,53,43,1.7441167338864993,3.422863512888695,2.411955819284382,4.2072481474909695,53.77940592279519,61.68681561807962,1605.484
B0031,24,55,43,1.7268422932817387,3.4198002859215846,2.3413222526109294,4.207149488755062,53.7498055148608,61.72142337926525,1600.75
B0031,25,57,43,1.7203093493042265,3.4194705619732524,2.328244465576847,4.2072173595407625,53.75572683773813,61.922368397426354,1595.0
B0031,26,61,43,1.7394245516699778,3.4145994489347062,2.318164845471509,4.196145238330935,53.7542876562008,61.875049319197814,1612.422
B0031,27,63,43,1.7367384416372014,3.4248774653161553,2.4548236850102603,4.2069462617112805,53.711431807207,61.49120341342234,1598.969
B0031,28,65,43,1.716963468448543,3.420974185160828,2.3584309858697914,4.207372373768093,53.69342764953342,61.70751319442212,1592.187
B0031,29,67,43,1.7127773558366357,3.4245085053170605,2.4660401403368404,4.206841499612997,53.61958378565316,61.49432037699378,1577.484
B0031,30,69,43,1.7061083466554066,3.4232173747975634,2.442554361335084,4.207073830058116,53.633628437869824,61.505904797603456,1571.547
B0031,31,73,43,1.713732696207521,3.4217612690112014,2.455972935605985,4.202288246181564,53.64298219337473,61.58650298757853,1578.484
B0031,32,75,43,1.7093475797926974,3.4200957312475437,2.3451886335989784,4.2068098855652165,53.640194623026446,61.668030365099106,1574.469
B0031,33,77,43,1.6901000454115587,3.418207639268387,2.3048157078228537,4.207132897125494,53.65373339276206,61.83745125268187,1568.281
B0031,34,79,43,1.6946883343387664,3.4190055604969225,2.327904771892418,4.207018144824621,53.65355338521763,61.7791359328034,1561.422
B0031,35,81,43,1.687010991299212,3.4200180230564365,2.3672431402232186,4.206967994384534,53.647830742878845,61.63755727730526,1554.234
B0031,36,85,43,1.6957069027070075,3.41552953622903,2.32931910043758,4.198742074510769,53.654715008055895,61.76541153453152,1573.734
B0031,37,87,43,1.687696889615565,3.4189014427486333,2.3136169782429055,4.206906802432806,53.66098543950281,61.71412204720752,1566.578
B0031,38,89,43,1.6819617127259294,3.4233537843227144,2.464103908062826,4.20664698001037,53.59867010741405,61.46370523914892,1550.047
B0031,39,91,43,1.6750033888978846,3.4227287920309317,2.450218643464606,4.206935457661614,53.628910349751585,61.45868723262231,1543.64
B0031,40,93,43,1.6672987794846676,3.422760457985402,2.4650879684691613,4.207096999865798,53.61379694880726,61.44540062417477,1536.781
B0032,1,1,43,1.7048641073512139,3.31356881404843,2.62709691854036,4.087016142066692,52.14812251926887,59.47600707924567,1572.359
B0032,2,3,43,1.8940319526948572,3.360932103985418,2.6672646952717707,4.187844886919987,53.49862731805315,60.121290886265,1723.281
B0032,3,5,43,1.8747686491853095,3.362818742242725,2.653980741191812,4.187701456265651,53.56355547229223,60.28987126771494,1705.906
B0032,4,7,43,1.8654947184112376,3.3620666570592657,2.614778884516638,4.187956631748198,53.636497641934646,60.570618627724706,1697.688
B0032,5,9,43,1.8527398169018068,3.362352506750974,2.611753951946988,4.187837270519941,53.66821955000141,60.444872622429784,1686.094
B0032,6,13,43,1.844174397003866,3.3539141264171213,2.6899647104301128,4.176580463554566,53.78514931831166,60.80514996345169,1678.563
B0032,7,15,43,1.8430238477512753,3.359881578137895,2.6352220172441965,4.187717629562103,53.80370465565283,60.791314861400984,1677.469
B0032,8,17,43,1.8302818174911863,3.358862190732693,2.616116680441599,4.1875582845369195,53.860865202701575,60.824534439051064,1666.093
B0032,9,19,43,1.8173838456081814,3.3601097902247443,2.6377575512804055,4.1878149871796655,53.86937461780675,60.93844327722512,1654.328
B0032,10,21,43,1.8057992981104682,3.3601434422461938,2.6425811435343314,4.1878814798124315,53.919241142689074,61.056928797496845,1643.812
B0032,11,25,43,1.8149829605049186,3.355149818972587,2.6868552360676885,4.180429711622443,54.04736439027926,61.26264235870029,1652.266
B0032,12,27,43,1.7995150369321797,3.3593418283288132,2.6740516269543457,4.187435297570574,54.07432799473692,61.309095933731044,1648.672
B0032,13,29,43,1.7866516942518147,3.358629751735543,2.6712280977184064,4.187467933100937,54.13198237630402,61.35860964032413,1636.969
B0032,14,31,43,1.7735550719416031,3.3590704748251823,2.6834486699239664,4.187491241001438,54.1706485784692,61.482188769123354,1625.187
B0032,15,33,43,1.769995333364443,3.3579238322389635,2.670098200587867,4.1874322769983605,54.230275057026425,61.558060893098116,1622.016
B0032,16,37,43,1.799526080374287,3.346388148340216,2.6512994484308834,4.174276691190384,54.344649105313806,61.75555924618304,1638.422
B0032,17,39,43,1.7968530684449833,3.3534652549262995,2.6257034386294866,4.186860433427951,54.34024033975075,61.788148736083365,1646.438
B0032,18,41,43,1.7838265504081745,3.3539379658636705,2.6363985091733704,4.187242083144707,54.383818324015124,62.026796878552666,1634.765
B0032,19,43,43,1.7696444491040102,3.352033498067153,2.6091385279000474,4.187348698823322,54.44223460892958,62.05922080379437,1622.016
B0032,20,45,43,1.7512940457049684,3.356088193037498,2.6928273258727593,4.187458308694366,54.47793957059441,61.81678431928173,1616.25
B0032,21,49,43,1.7697554297961993,3.3485978246821815,2.6580053475407666,4.18032452902128,54.522884319691855,62.13034562682843,1622.218
B0032,22,51,43,1.7547726933914918,3.350888760453381,2.622656733898926,4.187278944270903,54.63737439274004,62.20855323363066,1619.656
B0032,23,53,43,1.7389166355812984,3.351949039148667,2.6579673401898325,4.186871482774904,54.626766126568995,62.27936068413306,1605.484
B0032,24,55,43,1.7337200518764075,3.349297591300232,2.62449780009349,4.187368946542894,54.64310926864166,62.40536913200032,1600.75
B0032,25,57,43,1.7150972597500092,3.351231111091802,2.6693549937573904,4.187171328295389,54.70581681215588,62.216007793788314,1595.0
B0032,26,61,43,1.7462926148815636,3.3435018088780115,2.6245992054256915,4.179483481777926,54.73634803491553,62.6157960112704,1612.422
B0032,27,63,43,1.719149261914565,3.3521161040604457,2.6829848740711117,4.187057003834118,54.729006905014316,62.26360588854172,1598.969
B0032,28,65,43,1.711582246191498,3.3500497479561155,2.6671246169170018,4.186996418231206,54.73589338579687,62.42580063958537,1592.187
B0032,29,67,43,1.6951051195225901,3.346822633241171,2.6334454972272856,4.1871621368173555,54.73540508711326,62.5594040849182,1577.484
B0032,30,69,43,1.7005124371100973,3.3445668126766406,2.6133538721871226,4.187124475593186,54.74865999209295,62.582629376324434,1571.547
B0032,31,73,43,1.7080989351250158,3.3426166901503263,2.647938106735209,4.181856074494181,54.78747299373422,62.57090441669303,1578.484
B0032,32,75,43,1.691435430587127,3.34732439121854,2.6715941703662405,4.18690867607217,54.781382520592445,62.42898686923908,1574.469
B0032,33,77,43,1.6844494328889932,3.3453547357724522,2.6462614968063676,4.186886051758731,54.78435229628446,62.43152363917722,1568.281
B0032,34,79,43,1.664037581688075,3.346646262078225,2.6718636231921065,4.186961283097403,54.845012944023324,62.5729328576623,1561.422
B0032,35,81,43,1.6686372014231974,3.3430379418002483,2.6372752376377897,4.186797536056034,54.84412055277582,62.57967644827836,1554.234
B0032,36,85,43,1.6899344075625968,3.3373798184076704,2.6027515790201994,4.180871809929545,54.916794359881244,62.96996562520999,1573.734
B0032,37,87,43,1.669431712846442,3.3435347690202875,2.6344496446331838,4.186876840985748,54.90429470994109,62.75574288944966,1566.578
B0032,38,89,43,1.6634226761839213,3.3406975425250534,2.612265282912701,4.1866310585931235,54.85304065526831,62.70443033939053,1550.047
B0032,39,91,43,1.6436152195947373,3.3456376475453258,2.6874948249577777,4.1868719484291095,54.870101858468004,62.46020747529598,1543.64
B0032,40,93,43,1.6358000873538245,3.33983349960651,2.6076358711453813,4.186758471539941,54.9152115205818,62.789754357166764,1536.781
B0033,1,0,24,0.06842572240601812,3.3726641134399764,1.9848598462488805,3.6772190710694983,29.26541655615828,34.973341925251844,1819.406
B0033,2,4,24,0.6895699007862814,3.717995304466161,1.9816234331870684,4.191105953862248,32.82332257180906,47.876225604831575,3260.531
B0033,3,6,24,1.1610848192311252,3.524738825009034,1.287217552704193,4.19762922160552,35.79329539654299,53.521374145800095,3265.75
B0033,4,8,24,1.2529393053824995,3.489168398195939,1.92499373482904,4.199816411135521,36.38266836733648,53.59969491765948,3264.109
B0033,5,10,24,1.302918002447558,3.4703882503796533,1.9480187400221975,4.2005663942344365,36.45901475182768,53.81770081109488,3253.531
B0033,6,12,24,1.3218773211472525,3.453967625388434,1.891347070952385,4.200743805234223,36.279780573622936,53.57104302015468,3242.578
B0033,7,16,24,1.2884694418301417,3.4578247593455274,1.1932458808760276,4.197576934147749,36.16552578493363,54.60856796915766,3234.625
B0033,8,18,24,1.713169326386719,3.209334990541558,1.9170515174362301,4.20050246544483,39.93652051985124,54.191463730088664,3235.36
B0033,9,20,24,1.6560966776720512,3.2871463464425337,1.9084502918482382,4.199260915072752,38.25328053802186,52.934331210631875,3236.125
B0033,10,22,24,1.6197297341990775,3.3197461384202485,1.9529802665635712,4.200453230054564,37.62899446299115,52.5032036116964,3230.25
B0033,11,24,24,1.604655812282729,3.3333097880411087,1.9889951350881314,4.200671023041403,37.32713409422702,52.17652816361563,3226.078
B0033,12,28,24,1.6255699769029337,3.335992217657965,1.9634548720089502,4.19613941105053,37.40237649452651,52.04937847239831,3224.5
B0033,13,30,24,1.5900967306245992,3.3499333575510475,1.9596564991730565,4.200736119460894,36.995742754141574,51.73549267436528,3222.188
B0033,14,32,24,1.5739402299623984,3.352100511151755,1.9224375381620544,4.199983318886737,36.85780455256667,51.66117418178819,3216.546000000002
B0033,15,34,24,1.5711303351557309,3.364435103530164,1.9701535031712945,4.198997952942716,36.6450177655176,51.20270858784091,3211.859
B0033,16,36,24,1.5897706153457416,3.3619403221625435,1.9056198246248632,4.200390681379551,37.06472736671567,51.54633126076106,3215.859
B0033,17,40,24,1.6257378771074,3.3654741602580085,1.9194841380159542,4.19244756297013,37.66051476409482,51.68734548388082,3225.125
B0033,18,42,24,1.6523506333962537,3.3663272801721305,1.8976584375642789,4.2017771251555125,38.32310986221148,51.806645557310055,3234.343
B0033,19,44,24,1.6143816761595386,3.377217174172977,1.9491950772703672,4.201164004146235,37.01126182016034,51.013524625767204,3218.25
B0033,20,46,24,1.58697453394504,3.380792043459977,1.984512151427813,4.201517882926393,36.45751890099188,50.612625791907234,3203.5
B0033,21,48,24,1.5818355572787333,3.379892729676732,1.9563552671465751,4.20178668140198,36.245832392874156,50.476231965221594,3194.39
B0033,22,52,24,1.6919769406371152,3.3335163148815434,1.9541530671990093,4.1779630595627175,38.88044910257506,52.80944186421341,3225.219
B0033,23,56,24,1.6879483800354476,3.35231211831231,1.9044972660711088,4.196973763278454,37.68662439550755,52.001298745862094,3252.985
B0033,24,58,24,1.6586223007531458,3.359089419531549,1.8748346357265961,4.200398891523595,37.02885798715912,51.65598739515965,3245.25
B0033,25,60,24,1.6420179032789863,3.3667293867076395,1.897981208291145,4.200117032191553,36.84829116229335,51.50939532095622,3235.031
B0033,26,62,24,1.6381810791118743,3.376711639438572,1.991339490634848,4.199696801054791,36.78338270641005,51.25839715822789,3228.141
B0033,27,64,24,1.6422892507912386,3.367781888938211,1.8710207024150525,4.199468615978848,37.1454352740502,51.77188968997154,3217.875
B0033,28,68,24,1.651270876264092,3.372839244866595,1.9449657495126544,4.1967559287812986,37.43950673452506,51.73759469619592,3220.219
B0033,29,70,24,1.6326559297917211,3.374002354868022,1.907571146047148,4.199575185389948,37.21232307005263,51.61243426951156,3210.234
B0033,30,72,24,1.6260888111680731,3.372312698394194,1.853794752061886,4.199545032445997,36.823942592131566,51.546238399221565,3210.546
B0033,31,74,24,1.6079292963823688,3.3827767161652114,1.9738070273097836,4.199505571389485,36.46405070511895,51.03143629880169,3200.969
B0033,32,76,24,1.6125361114907395,3.375532247108578,1.8729343749213587,4.199241343123339,36.76266900330653,51.41437811978397,3188.625
B0033,33,80,24,1.6218384168987892,3.3809635204151607,1.9731628226811078,4.196166399561636,37.105629207043215,51.44638168113912,3191.735
B0033,34,82,24,1.6145443029101134,3.3849609857132434,1.9801558945564506,4.199389890561037,36.92446822577901,51.30248392082844,3190.313
B0033,35,84,24,1.5953958917107596,3.3815674619499325,1.8983018980313588,4.199342510279409,36.60695698382364,51.29496206472584,3182.156
B0033,36,86,24,1.5877243027113057,3.3851857877548657,1.9438604398554957,4.199371542863236,36.55039143131212,51.186634675664926,3180.156
B0033,37,88,24,1.5811840578305605,3.3864604240259375,1.9632916036547936,4.198739953896501,36.5823314777477,51.182616761589756,3171.953
B0033,38,92,24,1.6128422608267754,3.38478424054856,1.9667908439255781,4.196658469661701,38.03675863150647,52.16803502599322,3192.172
B0033,39,94,24,1.61998606328022,3.382889233805488,1.9197120509411163,4.199179844744276,38.760697217070216,52.74767841756611,3194.735
B0033,40,96,24,1.6099381853611876,3.3844125991586744,1.90479520665137,4.199367783528825,38.235160610115415,52.437956139686314,3178.75
B0033,41,98,24,1.5770977539565159,3.3857968945581733,1.9002006601986492,4.199251268298133,37.20770413073148,51.81197793605918,3165.359
B0033,42,100,24,1.5708599066554392,3.3829095031701564,1.8511721039377573,4.199383120313636,36.9160184906247,51.73653410504897,3155.25
B0033,43,104,24,1.6261581345348248,3.3669463001908233,1.9532771236637267,4.1862894653699865,38.272310782775065,52.54160752520686,3173.766
B0033,44,108,24,1.6348129972245726,3.3716190861386144,1.8536215036991406,4.19649142433425,39.10342018909909,53.32326193954195,3199.485
B0033,45,110,24,1.6117053637342613,3.383250579221141,1.8889976705304934,4.1993042516227,38.33805950325132,52.66626648084271,3196.015
B0033,46,112,24,1.8851401699720662,3.3541040884435995,1.9693514891283213,4.297261420299437,40.78203629126505,55.391416850220025,3595.281
B0033,47,116,24,1.6584957887780232,3.363721350351351,1.9935504677327178,4.196439332501794,38.52395699562303,52.73529025292928,3198.0
B0033,48,118,24,1.62418934644937,3.366918878823245,1.9102322543360104,4.198801406927717,37.84185542205372,52.530629852108135,3183.516
B0033,49,120,24,1.6041720988563641,3.376033697850269,1.9518631378335147,4.199283799066005,37.464100471383695,52.2186933985822,3183.797
B0033,50,122,24,1.6080016740907346,3.3722882262741316,1.8963514295309498,4.198824744163288,38.110532137074216,52.72731536294026,3191.516
B0033,51,124,24,1.6256752138435595,3.371464716917886,1.8979233738345112,4.1991786619721845,39.04860411133125,53.20573413452146,3189.985
B0033,52,128,24,1.617632765910718,3.3745591325938995,1.9266531976002355,4.196322805258936,38.882226863166906,53.164414772235126,3189.734
B0033,53,130,24,1.5973191489094263,3.3793714907223658,1.939997570224548,4.199012202779581,38.10273900805949,52.600411784093296,3176.016
B0033,54,132,24,1.5875852250170606,3.3812950636091506,1.9585672641473335,4.198460705965928,37.91537679971282,52.46865748904612,3171.36
B0033,55,134,24,1.5802530015403684,3.382171233915879,1.9572832344435456,4.198803103697235,37.92480929373238,52.40979732740365,3170.843
B0033,56,136,24,1.583036530487776,3.3795623822599756,1.916168037790613,4.198672374221831,38.34698157796738,52.834042544635665,3164.672
B0033,57,140,24,1.6027138832797037,3.37961009118628,1.9463675093023414,4.195265814954276,39.30988108210959,53.601451975349555,3177.453
B0033,58,142,24,1.5930709154513834,3.384287544034087,1.9780549546482917,4.198697754700443,38.964980792259276,53.25152711755672,3172.375
B0033,59,144,24,1.5448888685020246,3.3822784871834886,1.905966283713238,4.198102779366344,37.72135386687406,52.64070518740206,3158.406
B0033,60,146,24,1.5352188565640517,3.3814602813053565,1.90750106961619,4.19847889707735,37.45856152891539,52.51312011499367,3141.578
B0033,61,148,24,1.5252677314227332,3.382560441964418,1.9292976600569,4.198444396938235,37.2659552140469,52.3982280962388,3138.187
B0033,62,152,24,1.5559492005453626,3.3801788533503028,1.8981581536679577,4.195342051626477,38.74887799470947,53.455944890050766,3157.969
B0033,63,154,24,1.5648029438427147,3.3800922874688264,1.8884361117708077,4.198552819065784,39.69321386954275,54.15574298880717,3159.281
B0033,64,156,24,1.5518620461881205,3.382133740383054,1.8935389971250938,4.1984923238862795,38.99544744527789,53.69393683990001,3150.375
B0033,65,158,24,1.5144550545105004,3.3814913105388644,1.904031637069275,4.198232140934075,37.746988287643894,52.91956948214362,3134.078
B0033,66,160,24,1.5051936202146428,3.3819655060503893,1.9196175823544368,4.197903885845773,37.50735630364932,52.77330169161603,3129.797
B0033,67,164,24,1.605823969917045,3.329913840594753,1.852348915398631,4.181130210987576,38.883555668352116,53.75237854927132,3161.89
B0033,68,168,24,1.6249005195877049,3.3467196974403497,1.8154710749647818,4.195489950082467,39.70651744278487,54.49882525049124,3196.859
B0033,69,170,24,1.589785130036615,3.366597142576843,1.9709912361310515,4.197775741628386,38.69688917568081,53.48032268666943,3171.906
B0033,70,172,24,1.5552386152299904,3.3665010841717966,1.8937050882323652,4.197620289512095,37.93115370815918,53.19212326974819,3160.8429999999935
B0033,71,174,24,1.539756404636803,3.3683893640779714,1.936708367530743,4.197694092086119,37.670702628979534,52.91631108720558,3147.141
B0033,72,176,24,1.5293174002138357,3.3686183095745217,1.898472277042985,4.1974767325796405,37.48833504505954,52.95164787724483,3141.203
B0033,73,180,24,1.547680553576876,3.3619229093944987,1.8471266740226868,4.196099622186929,39.01194436489727,54.15703950174405,3151.047
B0033,74,182,24,1.5659920939439786,3.362373596039391,1.8671703949444942,4.196552042597536,39.95408175672587,54.90254753232506,3159.172
B0033,75,184,24,1.5416252851780505,3.368466070250841,1.9378745892006957,4.197202431807518,38.629206981182826,53.80008363828377,3141.047
B0033,76,186,24,1.517590655990168,3.36347185491077,1.8429746742692776,4.197066813581793,37.93003488357471,53.54505652293522,3135.0310000000027
B0033,77,188,24,1.5075202042593092,3.363235953553388,1.8767034375876257,4.196924945892409,37.62158369702063,53.29577183051126,3117.984
B0033,78,192,24,1.49549282626034,3.3583847581016526,1.823408615215652,4.196262893825219,37.78621151878811,53.690652187482364,3125.328
B0033,79,194,24,1.4997618811573148,3.3645795285682984,1.914352330463475,4.196791007353091,37.780545613375104,53.4617189956508,3120.172
B0033,80,196,24,1.4906966807803954,3.3647328172276567,1.9242052922698998,4.196494518150467,37.48831223397221,53.31089209854774,3116.641
B0033,81,198,24,1.4800999425051866,3.360281651978189,1.846946703906843,4.196813869211146,37.84650784146758,53.6277468644108,3110.844
B0033,82,200,24,1.4676091496100632,3.3661837656093314,1.912127707319289,4.196812382131576,37.50067380952265,53.311289666668536,3101.406
B0033,83,204,24,1.4729818491920503,3.369029139242048,1.9981993087869525,4.194034862013672,37.46771056598812,53.24781973161767,3099.563
B0033,84,206,24,1.4742872137206404,3.3652385724141607,1.9676969517090999,4.196764423571106,37.59818541161091,53.32567282742489,3104.64
B0033,85,208,24,1.4635162808346138,3.3618926452165643,1.8011165493797345,4.196547768827336,37.701434924362204,53.67135316275077,3099.875
B0033,86,210,24,1.4527095680488362,3.363675541904795,1.935722285136851,4.196047705028354,37.53461374251148,53.425915759836265,3093.25
B0033,87,212,24,1.4557303847230247,3.359060505999303,1.8530896744385115,4.196278080515848,37.84394106488913,53.80241246385534,3086.688
B0033,88,216,24,1.459740099618568,3.3651551542737717,1.9965159983729222,4.195876729666962,37.62240216799661,53.538703332548565,3094.281
B0033,89,218,24,1.448711504158192,3.3585848303538435,1.817348554391127,4.195934498287595,37.85402355267617,53.85443523479271,3088.328
B0033,90,220,24,1.4666759762884336,3.35905242705326,1.8401196811491933,4.196120687135332,38.470904652851125,54.312710923117564,3095.687
B0033,91,222,24,1.4689502109504418,3.362682403709533,1.8717606752777658,4.195965348408379,39.05355467673962,54.717249684368554,3102.062
B0033,92,224,24,1.471116588522042,3.3650098815184712,1.9004154638642285,4.196021550334557,39.44221992740732,55.03279239327084,3107.141
B0033,93,228,24,1.4473012364654927,3.3557747858772635,1.7953236556353753,4.19600538145272,38.22999069332894,54.39303449657184,3090.719
B0033,94,230,24,1.4205315547561643,3.3539193468726696,1.7802670666869505,4.195641283102845,37.758104647901995,54.05963088053671,3069.812
B0033,95,232,24,1.4241466094817417,3.3605316490849235,1.921681538108464,4.200886512488945,37.428049618035296,53.59788130809244,3064.437
B0033,96,234,24,1.4412820083364295,3.3547493929832592,1.7788153560287199,4.201002724229119,38.5029228575476,54.608136974659445,3083.25
B0033,97,236,24,1.4448965388921615,3.3635996156389574,1.9534408897799111,4.195465495994929,38.83348222581879,54.5574027155619,3076.484
B0033,98,240,24,1.4540256354795746,3.3569917985687048,1.8222744588584345,4.193707044291354,39.052180409304285,54.99418815591436,3081.297
B0033,99,242,24,1.4226030447542912,3.356737655890981,1.8129227899512983,4.195380315548316,38.021927947894824,54.16320225337546,3065.953
B0033,100,244,24,1.410196954589097,3.3595402684946825,1.9001242255219513,4.195068887696935,37.73309166360951,53.87733726225828,3055.828
B0033,101,246,24,1.4144881298999457,3.3577795891012125,1.8618268075580215,4.200794831783912,37.88253804875795,54.005408924827464,3051.468
B0033,102,248,24,1.431360032946153,3.3555412354678467,1.7571531937270366,4.201229193181646,39.09683297382756,55.01715436055076,3069.0
B0033,103,252,24,1.4515133236517528,3.3594857050424136,1.8292747932433169,4.195456528334941,39.85321278395099,55.56824997306065,3079.235
B0033,104,254,24,1.4230376757726733,3.358051208135682,1.7807877780971682,4.195112832732734,39.04623892631281,54.92871435196593,3070.344
B0033,105,256,24,1.396298696255913,3.3644871236228617,1.93715684685712,4.194675647244639,37.820538353520355,53.80101502575858,3051.4839999999967
B0033,106,258,24,1.3979060730399124,3.361244790495099,1.8780478013995328,4.200892254113164,37.73310595477053,53.90914216170243,3054.812
B0033,107,260,24,1.4011347560096767,3.35671886762914,1.8094020919691347,4.2008538258066634,38.006666099531806,54.23260277977909,3046.532
B0033,108,264,24,1.436782528945267,3.359022917654344,1.8197773356081153,4.194606941815903,39.784628994566496,55.63045478699343,3071.782
B0033,109,266,24,1.4370006879546382,3.360671828990881,1.8363818810073882,4.194748069677628,40.35944876635067,56.16713312985831,3074.532
B0033,110,268,24,1.410355528453481,3.358394883350331,1.75385880069876,4.1950937664854155,39.40096297699252,55.53601912262827,3053.656
B0033,111,270,24,1.382633397996189,3.3625185980231946,1.977912246538546,4.19415713586591,38.23202468655914,54.42859597766174,3031.953
B0033,112,272,24,1.3699403583067564,3.352730063565273,1.8406238091435183,4.194421518890087,38.186119358463095,54.60293074972065,3023.5
B0033,113,276,24,1.3786129327882322,3.348905668243179,1.793591568720353,4.193864909249693,38.7565059715467,55.29175004355109,3042.703
B0033,114,278,24,1.8035959863147193,3.457384162912773,1.880422567759453,4.4683580435456935,39.21824541685028,57.637403832441095,4424.203
B0033,115,282,24,1.4234424290662009,3.376673863925851,1.9260869684651196,4.192884657368934,39.05310062274121,54.65393012817871,3066.766
B0033,116,284,24,1.3946003892958663,3.373391130621014,1.9774094380313447,4.19449660552562,38.41375319607374,54.152949724280695,3046.125
B0033,117,286,24,1.3961613987822286,3.364186626496377,1.8428005555738187,4.194231055547011,38.46902673499884,54.53515875704883,3033.625
B0033,118,288,24,1.384968608315797,3.358003989298615,1.7746653306163975,4.200536096823805,38.5100324254832,54.77734925210607,3028.562
B0033,119,290,24,1.3715114742475478,3.36155800725267,1.8460476497404992,4.1938611255659515,38.40063671961678,54.64702813763124,3020.984
B0033,120,294,24,1.3616865084879255,3.3646263159375533,1.9599501667839596,4.1912968364535725,38.39044541549165,54.505104228610136,3017.391
B0033,121,296,24,1.3796301360966086,3.360892538206702,1.9111619475065968,4.193746611615085,38.413629652125955,54.421332192558104,3022.14
B0033,122,298,24,1.364231776003204,3.3571675251434945,1.7914848144741025,4.1937859295628215,38.44024987650422,54.599932749714995,3009.016
B0033,123,300,24,1.3418414512081456,3.3650892446963074,1.8461845656811995,4.200650322742635,38.18714693456589,54.621715057959925,3014.672
B0033,124,302,24,1.3552215695792247,3.363027417163423,1.8424801617142232,4.2006243085499655,38.18649962226669,54.55731341596549,3010.703
B0033,125,306,24,1.3403860264029774,3.3583632498611675,1.8293764049246997,4.193697387023266,38.536213089297746,55.041315475822266,3011.75
B0033,126,308,24,1.3594078914195438,3.3574236498195957,1.7818288008009142,4.200544185864463,38.552272664006516,54.87421915377841,3005.734
B0033,127,310,24,1.3457100861355502,3.360766302094452,1.8799745135000576,4.193351413646578,38.45551116751203,54.605029117345865,2993.75
B0033,128,312,24,1.3477611420854358,3.3594711162840047,1.8632410129416257,4.200351692306739,38.45383838785278,54.77196645266215,2998.125
B0033,129,314,24,1.335482103134067,3.352476127724087,1.7604885282268967,4.20027821207153,38.59571101696619,55.081324460303485,2990.859
B0033,130,318,24,1.353154941842234,3.3599659156305464,1.8980864731881966,4.192818631069228,39.84838963202564,56.28817834549751,3024.453
B0033,131,320,24,1.3709677706044292,3.352934086228004,1.765463647928582,4.193616398463828,40.8588418858713,57.273543680267444,3030.765
B0033,132,322,24,1.357426672491866,3.343287590707508,1.7789329307031558,4.2001549210390445,40.645674557350794,57.229192207488595,3020.813
B0033,133,324,24,1.3443678821106904,3.3304566806630636,1.9751406850610134,4.199721786449104,40.22816795562337,57.19704022437858,2998.156
B0033,134,326,24,1.33005823859453,3.320924665615561,1.7718580087129037,4.198848421060828,40.06014962782639,57.01987269382395,2986.766
B0033,135,330,24,1.4033641858066626,3.340032080385694,1.9154948072138342,4.177372245766921,40.062941403566036,55.93330356332492,3032.328
B0033,136,334,24,1.3865570950229378,3.365998712772332,1.9395710043147303,4.191445596329994,40.262388264621016,56.299084505467846,3047.703
B0033,137,336,24,1.3704138176872631,3.3457011047959266,1.9213252989145688,4.193389880737777,39.997401224885536,56.50951504855041,3034.968
B0033,138,338,24,1.325319393635713,3.346323103330572,1.9978451295419197,4.200380611368274,39.574089613864224,56.69165778744567,3011.7339999999967
B0033,139,340,24,0.8439684993200656,3.5025083166259967,1.4425192802033469,4.2006020565736515,35.98333032061264,55.51714083426434,3002.922
B0033,140,342,24,0.29866180371583506,3.8878704029237765,1.5585045696383768,4.193070577827655,30.119688488829738,45.807200259053744,2986.718
B0033,141,346,24,0.2344867974702557,3.9545425965879493,1.203791745361808,4.189611396704824,30.940513967139797,46.034595491761756,3006.203
B0033,142,348,24,0.20256330380725823,3.987610232479158,1.5484910888494308,4.191309904018761,31.002948619577534,44.981619190674095,3011.609
B0033,143,350,24,0.23531995654070248,3.9673029925231815,1.9233358352697387,4.191105087223256,30.353188245577265,44.437719613927904,2985.953
B0033,144,352,24,0.23550427837482876,3.949305726224602,1.477441018016571,4.1909851193067675,29.92194766382464,46.16094346830902,2976.3129999999946
B0033,145,354,24,0.4304242256752923,3.7530265184592335,1.7051348869638063,4.19146431605178,32.39035931572692,51.875290776017344,2964.75
B0033,146,358,24,0.46436333202696434,3.7437278161410794,0.9861339962587278,4.189169176120785,32.954165794905116,51.767777887259,2969.953
B0033,147,360,24,0.3994839380247729,3.802542903312754,1.3263821081867295,4.191809961918757,32.988995755051256,51.02675215928651,2988.453
B0033,148,362,24,1.461469789426299,3.2312787223699537,1.8345225826317897,4.190743825523512,45.33521672468352,61.13715999731606,3001.235
B0033,149,364,24,1.4150999545382532,3.337618232944289,1.9860807469381487,4.1981379242882495,40.620147730266055,56.348749401178914,2976.234
B0033,150,366,24,1.383632373873956,3.3407978157952662,1.8841219743920603,4.199581881706975,39.683995746406474,55.51777727453801,2950.39
B0033,151,370,24,1.3705402893609833,3.3451260552283553,1.8129527074235323,4.192675713672651,39.047236578784684,54.98845662264607,2941.719
B0033,152,372,24,1.3557042566115398,3.357137371109369,1.9644189853209997,4.200041578787561,38.66855198329813,54.53862414235327,2946.969
B0033,153,374,24,1.3578385793919763,3.351453240465127,1.8546413788349956,4.199761584906472,38.84148471879362,54.72686731387149,2936.171
B0033,154,376,24,1.3609083979571395,3.346026215342865,1.7877573640818558,4.19986267410377,39.052551352201455,55.0046224518596,2927.281
B0033,155,378,24,1.3495626547684758,3.3509794200278593,1.9183209167927542,4.199784078520709,38.79448240276511,54.71731449617404,2924.422
B0033,156,382,24,1.1888877132486642,3.342644131880222,1.8528656809384136,4.044618024605659,38.509868638012954,54.428778601713,3023.859
B0033,157,386,24,1.5041493934608645,3.3518592869527803,1.9484758716380042,4.19403031740486,40.15830993087354,54.890003781719805,3056.172
B0033,158,388,24,1.4899088638712767,3.3468424673944153,1.8283531317172372,4.19296029632327,39.45022733421382,54.47368119654309,3045.078
B0033,159,390,24,1.475330178643193,3.3508471294894773,1.888528315752074,4.199907627033468,38.94097771129498,54.12307476528604,3034.25
B0033,160,392,24,1.459830765413703,3.355670268634571,1.924025874710363,4.199827998046917,38.66654129149028,53.773029666511476,3022.609
B0033,161,394,24,1.4474169057725728,3.353308872329983,1.800492506386291,4.200007095257734,39.336362061944186,54.609405212648525,3028.828
B0033,162,398,24,1.4676323674647154,3.355576427429911,1.793120582655924,4.193196345687703,40.212462412867474,55.29324534393817,3037.875
B0033,163,400,24,1.441552493165527,3.3638323924431814,1.8969132609228214,4.191982585507099,39.15441493084491,54.26200652741747,3023.187
B0033,164,402,24,1.418392873584403,3.3571376570885594,1.8056023837774513,4.2001706293322,38.472340837695874,54.01880189925328,2996.922
B0033,165,404,24,1.4031824838852518,3.361111422960934,1.862859289057269,4.200074212399141,38.10278800382275,53.57147874982123,2986.469
B0033,166,406,24,1.3911104661211642,3.3674136761881366,1.9520601805312336,4.200092034422385,38.13961733869117,53.4828168564585,2979.219
B0033,167,410,24,1.4086019958134537,3.3717064606024185,1.9878541604164133,4.192967636550445,38.75498314355583,53.870140403015185,2995.047
B0033,168,412,24,1.4137708903948947,3.3721296388578876,1.9566455890224006,4.2005612724264685,39.165872874745595,54.16164128030712,2989.828
B0033,169,414,24,1.412472234540845,3.370281011025519,1.8936715311451313,4.200390037061694,39.025069457187186,54.165344351537804,2989.391
B0033,170,416,24,1.3831900026575588,3.364268931307196,1.828763483963188,4.2006160691556556,38.3251245457817,53.79228026466776,2967.2810000000027
B0033,171,418,24,1.3646098107432565,3.3720392126554684,1.9584399411299582,4.200037449743801,37.878182669376734,53.22509160340434,2962.609
B0033,172,422,24,1.369751365782437,3.362230190450641,1.8220675972367208,4.1925009960437745,37.905840036253096,53.57857958784029,2957.016
B0033,173,424,24,1.3867946911071662,3.3636193969648573,1.7715995765672343,4.200097022210454,39.1223902532353,54.498255010844275,2973.281
B0033,174,426,24,1.3918615875742792,3.3703866336965356,1.8584436263684134,4.191446103300025,39.39196447810482,54.468132892109516,2968.016
B0033,175,428,24,1.377162352180965,3.3756959922995033,1.9792800716788903,4.19205219049645,38.80564596554866,53.89419947351141,2959.281
B0033,176,430,24,1.3599525359390852,3.366639210990064,1.846857607499265,4.20026251718639,38.29516028833109,53.782251370205934,2942.797000000006
B0033,177,434,24,1.379779043170725,3.3707194031916488,1.9297681149166706,4.170526417555859,39.482066579608755,54.80009542618075,2978.89
B0033,178,438,24,1.3631373661966442,3.368376555569585,1.9404476337602206,4.193298745157419,38.22420789035359,53.59426450012642,2948.891
B0033,179,440,24,1.3652295228794809,3.3605555096355064,1.8078076221500168,4.200151767615752,38.212225319933545,53.860038336831,2938.547
B0033,180,442,24,1.3498620694059131,3.3664344500865964,1.901348395168944,4.199734233391325,38.03726842877258,53.50394440240513,2925.484
B0033,181,444,24,1.3529504172332432,3.360999914466085,1.820065501803385,4.199873842512875,38.08745383569629,53.71091736477066,2917.297
B0033,182,446,24,1.3535740542605128,3.359714561556011,1.781542687267246,4.199220802674783,38.371162533264,53.96609282803159,2918.938
B0033,183,450,24,1.3432225183905024,3.360790017915932,1.8027051007685868,4.189411926667855,38.21500087152169,53.89601837110568,2918.25
B0033,184,452,24,1.3412081769053426,3.364551990412796,1.845120981293168,4.199234827601777,38.068361542357145,53.58335886886063,2915.4839999999967
B0033,185,454,24,1.3277389969987805,3.370459024271422,1.9386542857041755,4.199099264533491,37.98761504071771,53.35830232724686,2906.015
B0033,186,456,24,1.329778900445409,3.3647395351261364,1.8652024206914875,4.197710813920559,38.3556643629041,53.56872781314004,2894.14
B0033,187,458,24,1.3356045028702495,3.3724762289358954,1.9741597310368288,4.194824465751656,38.587739723836165,54.028944257752215,2892.031
B0033,188,462,24,1.3177489685711123,3.3682526298407933,1.9140482800494218,4.190646284256201,37.84946765760722,53.32084823607714,2888.719
B0033,189,464,24,1.317605472474197,3.368834125820871,1.9249905185886904,4.199787523647983,37.81892879614016,53.15804525272694,2875.641
B0033,190,466,24,1.3185279522072382,3.3643721242108837,1.8483263197000261,4.198644370031491,37.98975162560657,53.44440984728841,2860.7810000000027
B0033,191,468,24,1.3215397269813982,3.3599563575039135,1.7964863123561203,4.199051265280784,38.110497566784815,53.71116793928585,2852.844
B0033,192,470,24,1.3046615372928705,3.3696602072768207,1.9550178000855183,4.198244533751371,38.158711514227996,53.18757385880901,2854.64
B0033,193,474,24,1.3280324770208678,3.3817276755972934,1.9991954704388994,4.159889361487179,41.90171461734474,56.49572691828426,2897.844
B0033,194,476,24,1.3634549770713926,3.379780519797374,1.982805388419431,4.195184914935837,40.72593783748325,55.32081069602003,2896.063
B0033,195,478,24,1.3291316747402466,3.365666799367813,1.8088951260538597,4.199591464734624,39.388005009279006,54.57622829352292,2866.234
B0033,196,480,24,1.3124201086917682,3.3648038854052915,1.8655437173642175,4.1997715267621105,38.64570917130626,54.008789265404765,2836.609
B0033,197,482,24,1.3152825503676357,3.371817482414552,1.9943670583085842,4.199637020490028,38.3036813037848,53.47500454222108,2829.516
B0034,1,0,24,0.7459302957645664,3.1178767585161347,2.170439265213917,3.8542753609711045,38.95836982096889,51.867480808484146,1819.406
B0034,2,4,24,1.6623217152845853,3.3022762078952885,2.184438966859873,4.185182030297302,39.10734156415766,53.72590623785784,3260.531
B0034,3,6,24,1.645087369694532,3.3294991412960915,2.1716683590196997,4.191235610410253,39.20920805238827,54.1404555915866,3265.75
B0034,4,8,24,1.620729289277574,3.349383007098789,2.182463026326082,4.190305001839791,38.936075977838854,54.228682107998424,3264.109
B0034,5,10,24,1.5967402025126005,3.3541317530780055,2.0979416663773915,4.190367874669205,38.60445981652459,54.17641516112459,3253.531
B0034,6,12,24,1.4856500618812698,3.369692035482086,2.177479814637099,4.18989933406868,37.79484872719341,54.09745559724325,3242.578
B0034,7,16,24,1.4866702197497013,3.3729072074215103,2.164719422934807,4.18599771136978,37.65277428767197,54.03810589370243,3234.625
B0034,8,18,24,1.4701330958405268,3.376976361461993,2.1685179095920546,4.191866541196004,37.91666092404816,54.56296443841966,3235.36
B0034,9,20,24,1.4565041801019636,3.3791099564139215,2.159913301643853,4.18853091556387,37.78228277348195,54.47381276284677,3236.125
B0034,10,22,24,1.4418961035576472,3.3845619896694177,2.188985459937614,4.188375692870302,37.5830936155511,54.157190141377896,3230.25
B0034,11,24,24,1.4370949588970292,3.383128626739751,2.161327607707136,4.187976084521654,37.550522561172464,54.45256615419595,3226.078
B0034,12,28,24,1.4458703624967404,3.386094893398141,2.140456418044363,4.185168395505227,37.681954258546924,54.20147817586685,3224.5
B0034,13,30,24,1.4321040545618373,3.3916477322319585,2.170940246075281,4.187927929507927,37.440274736517715,53.813937104977754,3222.188
B0034,14,32,24,1.426720633302465,3.3914152987340267,2.1531556355876535,4.187886599518975,37.402773880575964,53.84994246144553,3216.546000000002
B0034,15,34,24,1.4230846885129826,3.3964131813944722,2.182519668385055,4.186569652343309,37.26498054251945,53.61278420241196,3211.859
B0034,16,36,24,1.4409479522418907,3.403051791482094,2.188496149834977,4.186557905906351,37.570569601089254,53.35590902048553,3215.859
B0034,17,40,24,1.486901544051865,3.4002648970649156,2.100542699118501,4.184379902708746,38.400250729227935,53.83102716771526,3225.125
B0034,18,42,24,1.5245313226850703,3.402154252869035,2.1129616454982556,4.187835929449723,39.102942991019354,53.994059646351175,3234.343
B0034,19,44,24,1.4629049605190707,3.407206655670774,2.1659225933828385,4.187676357576053,37.80351021576893,53.39429065914855,3218.25
B0034,20,46,24,1.4230794508549893,3.404574250610661,2.148786443036186,4.186173516948595,37.356060000664904,53.38470633939791,3203.5
B0034,21,48,24,1.4051040863603435,3.4067467727915552,2.1763046045885015,4.183451670510337,37.06076524279572,53.12872869294344,3194.39
B0034,22,52,24,1.6329463925070862,3.327594909243545,2.11932965334224,4.171109136894672,39.94613025797719,55.80847324293826,3225.219
B0034,23,56,24,1.5687138208259117,3.387012528508769,2.1509974200024624,4.183529138373987,38.718351533776065,55.579127556921776,3252.985
B0034,24,58,24,1.5149520966053402,3.39384813983459,2.1142806141482584,4.188330656095053,38.131331549186825,55.5590605953301,3245.25
B0034,25,60,24,1.4855182940634626,3.4020764335853744,2.1801548663736754,4.186643866753638,37.90482918212311,55.43438713431678,3235.031
B0034,26,62,24,1.480771929049074,3.400466282848084,2.109657199964041,4.187573632919629,38.06681078125698,55.91432751133226,3228.141
B0034,27,64,24,1.484026357317059,3.4030809584663944,2.1306422513355594,4.187294591248425,38.24251669378549,55.78439633575717,3217.875
B0034,28,68,24,1.4922153055506522,3.4070525055582563,2.1787867991793113,4.183701675158018,38.56098530062726,55.819046085150106,3220.219
B0034,29,70,24,1.473312924099279,3.4060276994838254,2.1208148015326507,4.187348905123759,38.38922286871294,55.81813101636483,3210.234
B0034,30,72,24,1.441593178980006,3.408174888188947,2.1326343880232206,4.186484904879302,37.90831705954933,55.508529806144075,3210.546
B0034,31,74,24,1.4225873198015788,3.405126191511401,2.080806437045425,4.1865382627627215,37.78900459955153,55.810474269938815,3200.969
B0034,32,76,24,1.4266489379486664,3.409764436063523,2.153621018125857,4.187164525329423,37.868460669545925,55.5580463265768,3188.625
B0034,33,80,24,1.4596775560238577,3.410480218060336,2.16386574936286,4.185560165483177,38.32719437027863,55.7456104997617,3191.735
B0034,34,82,24,1.4396159938545154,3.4102489283524573,2.110862355108561,4.187111715287616,38.222749634083,55.88273287086187,3190.313
B0034,35,84,24,1.4195512657848512,3.4144357338683236,2.1889361346194556,4.187953553733828,37.708662488006475,55.520919470345916,3182.156
B0034,36,86,24,1.4118101714470452,3.408669177651725,2.076995222056859,4.186573417418747,37.8703638417689,56.03798112972515,3180.156
B0034,37,88,24,1.4044196701845313,3.4118322352896917,2.138330613016186,4.187350410759027,37.83489284744581,55.7872631992585,3171.953
B0034,38,92,24,1.4735059098606866,3.412313772481234,2.163289759388807,4.18502843595743,39.269306296372,56.29505678813318,3192.172
B0034,39,94,24,1.492658600645149,3.4055246588869954,2.011759892668098,4.186257969039418,40.1506450904851,57.203641711448896,3194.735
B0034,40,96,24,1.4820260149945934,3.412772999015033,2.162343975515107,4.186398813067427,39.44313364004617,56.48442346523092,3178.75
B0034,41,98,24,1.423575357658995,3.4159307513752806,2.1921995805381784,4.185933256660042,38.29706396735563,55.71155596776208,3165.359
B0034,42,100,24,1.4038252197245347,3.414462463305671,2.16034888083278,4.187334986366342,38.00009263186772,55.725184853786985,3155.25
B0034,43,104,24,1.5363173478836125,3.3922002422487143,2.165521364045302,4.176473851854755,39.66453202372922,56.68734909187956,3173.766
B0034,44,108,24,1.5440367168176732,3.3972119520639095,2.0714906018792005,4.186547012412841,40.503647950320534,57.523569542125074,3199.485
B0034,45,110,24,1.507892155360249,3.407734218697208,2.160000438530016,4.1868364391694275,39.602225792574906,56.64647124225468,3196.015
B0034,46,112,24,1.8203060058691092,3.3050275542473186,2.07023691471502,4.267804722238553,43.00893271743553,61.22071154968515,3595.281
B0034,47,116,24,1.5936575758226643,3.350291194323394,2.0513249674406295,4.183147061073988,40.64495633031262,58.28488787096781,3198.0
B0034,48,118,24,1.533070464968097,3.378826251452736,2.126099692893142,4.186094144264648,39.63966215341089,57.592019665372526,3183.516
B0034,49,120,24,1.4862143093107285,3.3905180732853615,2.1895562891910765,4.1869069503681295,39.16680148065847,57.28443182001311,3183.797
B0034,50,122,24,1.5029318848267783,3.387526907959532,2.074340759266504,4.1855620437934515,39.82254974386062,57.872088061267284,3191.516
B0034,51,124,24,1.5202185406928062,3.3911818711119515,2.1265733975652816,4.186540363518264,40.67552783597674,58.01475740778219,3189.985
B0034,52,128,24,1.5118194735004464,3.390835631837091,2.062739747604538,4.182887718757515,40.582538417129676,58.312052179468594,3189.734
B0034,53,130,24,1.464601301820905,3.396934021472626,2.1030377322448675,4.183577669537621,39.684346755235566,57.74556007237976,3176.016
B0034,54,132,24,1.4546140961511749,3.3994906529891598,2.1244761059896846,4.186336344550888,39.47995207463314,57.59063118746153,3171.36
B0034,55,134,24,1.4333400490204142,3.3981483429417363,2.0601307559265187,4.184762302875813,39.48992781243277,57.760237316191684,3170.843
B0034,56,136,24,1.4493262346396159,3.3988819411159534,2.066307670696809,4.185022396532557,39.852310270589804,57.843854984407734,3164.672
B0034,57,140,24,1.495199821798908,3.3979295593430394,2.063118102136468,4.183906394520297,40.873690307547484,58.50818415025991,3177.453
B0034,58,142,24,1.4720590241846008,3.3987236708202504,2.015578277968309,4.18478065365082,40.55984735939729,58.39804679399696,3172.375
B0034,59,144,24,1.4097383014648728,3.4080267118315724,2.1825208655708153,4.184572904357356,38.988662122088876,57.19671566450291,3158.406
B0034,60,146,24,1.3861944181384176,3.4076313780555267,2.177635067318021,4.186221928288161,38.71511147644418,57.093582209047106,3141.578
B0034,61,148,24,1.3624125407550536,3.407885887358127,2.1675497721171437,4.185645972879193,38.51149851182021,57.056434523826645,3138.187
B0034,62,152,24,1.4471377445077278,3.4003875411941866,2.0235981843621835,4.184966155089575,40.112479285456395,57.99096942950453,3157.969
B0034,63,154,24,1.4554483390450048,3.4076622967245975,2.184010507272112,4.181330176160959,40.84012758949483,58.16328313862759,3159.281
B0034,64,156,24,1.4423952167302958,3.4032529056881784,2.0392577121107047,4.186951481965634,40.348969230016365,58.29542391419101,3150.375
B0034,65,158,24,1.377541945989605,3.406174357529073,2.0999808615526177,4.1857251578423,38.95729074496056,57.375182540416354,3134.078
B0034,66,160,24,1.3539935892900532,3.4049736944362246,2.063136946201327,4.18361645238679,38.73711200799833,57.42041259082052,3129.797
B0034,67,164,24,1.5509038861664448,3.3580774287935817,2.120762756881349,4.17325067272426,40.231060876384255,57.71520595046742,3161.89
B0034,68,168,24,1.5562932697752867,3.38250056099739,2.19170788700899,4.184028931910909,40.929553501935686,58.17136403259683,3196.859
B0034,69,170,24,1.5067526605064707,3.390086865994553,2.1203887966971293,4.185455613390746,39.993709319022244,57.753084428922655,3171.906
B0034,70,172,24,1.444138733302766,3.392978809154906,2.0630039985317543,4.183582231077479,39.1022619385273,57.5103657978898,3160.8429999999935
B0034,71,174,24,1.4144103811292437,3.400527096110287,2.1811524820912926,4.1831604654402685,38.63703610404588,56.86348453612092,3147.141
B0034,72,176,24,1.3897574212362729,3.4009920061492966,2.155432405052415,4.184589576893444,38.457946337552535,56.97607576818629,3141.203
B0034,73,180,24,1.449968311475299,3.395963139634734,2.0671609840346776,4.1839152437949645,39.988534225003114,57.956995411354825,3151.047
B0034,74,182,24,1.4678653068012166,3.399629787670528,2.1233368877812127,4.184717109573573,40.84025138634754,58.3663921180059,3159.172
B0034,75,184,24,1.4290644310445066,3.3983167205445777,2.032509026773449,4.184251380689682,39.64173378499159,57.883249801186295,3141.047
B0034,76,186,24,1.376744834668327,3.398539512076107,2.0100958477489637,4.182749347441237,38.82196729294636,57.62604602919208,3135.0310000000027
B0034,77,188,24,1.3515813262521057,3.4065465230061798,2.1845053475658913,4.182152014334447,38.27601981086532,56.803768142247485,3117.984
B0034,78,192,24,1.353993472828928,3.4067781130872956,2.1991319506434475,4.1833235259541075,38.30615482092432,56.88027382398077,3125.328
B0034,79,194,24,1.3577165116893766,3.4044214192090116,2.1256164107912863,4.18535045289718,38.50347850214561,57.11228470728586,3120.172
B0034,80,196,24,1.334169315351027,3.4020136665550305,2.0595928588832932,4.182766239696235,38.25735173096823,57.23777746505438,3116.641
B0034,81,198,24,1.3372147888783987,3.408929572366065,2.196715966153447,4.181823483700895,38.29433048905591,56.79550408983589,3110.844
B0034,82,200,24,1.339045224276927,3.407512024075691,2.179169443366329,4.1857303262234575,38.19006452807094,56.74357378980126,3101.406
B0034,83,204,24,1.3439244604756322,3.4012246723873067,2.0729178734316847,4.180937577273335,38.326737735855446,57.1850535860252,3099.563
B0034,84,206,24,1.3454786192090245,3.4019343263921806,2.0585536221704452,4.185670680684665,38.326112920062165,57.131636004992664,3104.64
B0034,85,208,24,1.3482263029682544,3.4080993396118826,2.1859283824053053,4.184780807786567,38.2504483640825,56.68621589748299,3099.875
B0034,86,210,24,1.3373192299576058,3.4012585484878985,2.047929270109934,4.184776951807234,38.2552215314073,57.14457415944487,3093.25
B0034,87,212,24,1.3402523341553034,3.400118948427692,2.0282334120244614,4.184920385211051,38.4827926779255,57.289854087208134,3086.688
B0034,88,216,24,1.3290965682379121,3.4044380735101045,2.128944717359417,4.181326694340018,38.208311929566015,56.90074118043176,3094.281
B0034,89,218,24,1.3323485655766352,3.4027761465827293,2.080780257241255,4.184466822637345,38.37963443029051,57.126183132620525,3088.328
B0034,90,220,24,1.3501541310555516,3.407661438923026,2.18178697368346,4.185698992912854,38.847888287026734,57.09006956503022,3095.687
B0034,91,222,24,1.381523441054128,3.406219322901771,2.1600430451609207,4.188177492671976,39.55793696996327,57.56129571557157,3102.062
B0034,92,224,24,1.3835971952817807,3.403483836522725,2.0578741386350488,4.181899265811891,39.995989656775905,58.12885115554352,3107.141
B0034,93,228,24,1.3301161862080901,3.401643655881062,2.0545776989805833,4.180083219210065,38.637111363644244,57.35750604508094,3090.719
B0034,94,230,24,1.3176982121703233,3.401100143150002,2.0610721424538947,4.1821779958572005,38.17458507378806,57.07647448385972,3069.812
B0034,95,232,24,1.3063657719651272,3.406245698013471,2.1769630360366774,4.1841115419161925,37.84309122903104,56.56265009891403,3064.437
B0034,96,234,24,1.3381567383793782,3.404609654515602,2.123117073996824,4.182953933920961,38.7849806497393,57.16856231635899,3083.25
B0034,97,236,24,1.3563258092165067,3.3978374456616303,1.992728560786441,4.185231964742196,39.47058624854092,57.902838661735686,3076.484
B0034,98,240,24,1.3648997529550058,3.3958647763622594,1.9677573642714887,4.183603781291225,39.61654428235802,58.115178902093014,3081.297
B0034,99,242,24,1.3337639975535058,3.4029256137765205,2.1243524375356397,4.1847480185320505,38.42381623938057,56.98035659049231,3065.953
B0034,100,244,24,1.3060123668658763,3.4052852363977686,2.1817137827751827,4.18481289618272,38.11461669687029,56.672084425511734,3055.828
B0034,101,246,24,1.3101868361375808,3.4007629589889867,2.087539695609617,4.182816385597531,38.33391837467719,57.04472631715234,3051.468
B0034,102,248,24,1.3567668941696103,3.4011297944340977,2.068960188840925,4.182086976575588,39.42514383600653,57.64730160708694,3069.0
B0034,103,252,24,1.3916857433587717,3.399331416433363,2.0596285731276476,4.181559459677035,40.315066740163225,58.29336025761747,3079.235
B0034,104,254,24,1.3629935079344777,3.3981521617785853,1.9953872570984859,4.182529313505233,39.53448316157278,57.95445943311949,3070.344
B0034,105,256,24,1.3211711973900628,3.4035091903916523,2.1529421051579973,4.184076900714323,38.37203224972586,56.91514213395795,3051.4839999999967
B0034,106,258,24,1.3074869015593356,3.3990218794534157,2.0405401202035574,4.184435637134828,38.3101923015924,57.19634917626827,3054.812
B0034,107,260,24,1.3105881895483489,3.4057934055092884,2.197033181830859,4.182198079486951,38.27774779605142,56.74944920850043,3046.532
B0034,108,264,24,1.376312668196664,3.3956244120578263,1.9756647286286777,4.18257252176705,40.334191485925615,58.608348897573435,3071.782
B0034,109,266,24,1.391764929132287,3.400151892919731,2.083403258487322,4.184144535847567,40.79229920392578,58.69313490028398,3074.532
B0034,110,268,24,1.3649746353453525,3.395401002342427,1.9776004444482063,4.183745596310435,39.99900717802979,58.287617732907975,3053.656
B0034,111,270,24,1.3219093937291897,3.3978188140801495,2.0648428293008756,4.182564922322223,38.793911542282345,57.38456939785952,3031.953
B0034,112,272,24,1.3090033888073913,3.392562018908607,1.966575784508242,4.184886457411625,38.67005005769116,57.58115209169171,3023.5
B0034,113,276,24,1.3327005721973733,3.40172041057263,2.1711822809863026,4.182256888930097,38.826649526191886,57.13289738293001,3042.703
B0034,114,278,24,1.7423975189669398,3.483606791060758,2.069253006874651,4.444767752853825,40.05350414099234,61.43732341776916,4424.203
B0034,115,282,24,1.37734756281946,3.4027541068274787,2.1429326564674485,4.182008963324631,39.89751111071057,57.73883179659806,3066.766
B0034,116,284,24,1.34875988767775,3.399518032588874,2.0661656290024695,4.183084128990252,39.197243061406944,57.386080612263264,3046.125
B0034,117,286,24,1.3501504559881146,3.4048948132853294,2.1996082620797504,4.183718969246597,38.90698912730004,56.89633685865634,3033.625
B0034,118,288,24,1.3387814875085953,3.3989458032986057,2.0698222657269465,4.184086373500983,38.91493347992841,57.238769179765264,3028.562
B0034,119,290,24,1.3253371210402685,3.402552549263599,2.1637591808058576,4.180084668986179,38.753372299612906,56.92287178370967,3020.984
B0034,120,294,24,1.3308160596334049,3.3917372089469744,1.9665760341302796,4.182272685375916,39.091854428154555,57.63060311370659,3017.391
B0034,121,296,24,1.333083376618503,3.399163910018903,2.0993400599564533,4.183571382297645,38.79791433490267,57.01462861282404,3022.14
B0034,122,298,24,1.3333226534895923,3.3961519106185554,2.051523215347617,4.183893272585923,38.87342544692156,57.17373710163345,3009.016
B0034,123,300,24,1.3264281097516475,3.3999185413871995,2.127535513157563,4.184006388641318,38.72429474171124,56.96912010183172,3014.672
B0034,124,302,24,1.323971040986857,3.397850235603045,2.0823277676119383,4.181910454160974,38.693927613601694,57.103594586187974,3010.703
B0034,125,306,24,1.3249364225071156,3.399278705498605,2.1365617064803337,4.181304092373182,38.83689474258564,57.068326741336485,3011.75
B0034,126,308,24,1.3283067675570923,3.393991029909916,1.9941210557405098,4.181467747221002,38.98262569198278,57.42601185667435,3005.734
B0034,127,310,24,1.314584348909226,3.3920728040875394,1.9772527709370782,4.184933925854431,39.051031869034375,57.61101162387096,2993.75
B0034,128,312,24,1.3166841798543303,3.3991110461098466,2.126873333723975,4.183605741258281,38.79001119015603,57.13778358983724,2998.125
B0034,129,314,24,1.3041727649654073,3.395190942431077,2.0395114895210718,4.18498220766507,38.89401391225135,57.23603082155364,2990.859
B0034,130,318,24,1.3534450073572306,3.3964846031258618,2.0358214749013905,4.181710702444723,40.171574663158054,58.39093066235441,3024.453
B0034,131,320,24,1.371294082513786,3.394474869519725,1.9730425062614987,4.184181072689387,41.036063659744045,58.90073826779548,3030.765
B0034,132,322,24,1.357699321922511,3.396433031795198,2.0280193684749017,4.18330455406694,40.43961489235273,58.27129279916865,3020.813
B0034,133,324,24,1.3286903090919502,3.391155270712207,1.9435482703621492,4.183090426902681,39.651877682602084,58.03064804249352,2998.156
B0034,134,326,24,1.3143943268181724,3.395487164367482,2.0636905936063763,4.184001846460157,39.179107326892364,57.376456720947886,2986.766
B0034,135,330,24,1.3866783030110723,3.3795305779550775,1.9437968709766946,4.173319870139646,40.11810121003218,58.48728985101988,3032.328
B0034,136,334,24,1.3868330458429208,3.392303218262864,2.071041778175654,4.181768359109135,40.80596825835928,58.63748276638773,3047.703
B0034,137,336,24,1.3548037379291014,3.4001334063326003,2.185338383273266,4.182301042571854,39.68459882372221,57.63608525053667,3034.968
B0034,138,338,24,1.3255787669951669,3.393642423268678,2.0310061849780774,4.178121720093713,39.35391690299883,57.60594379182819,3011.7339999999967
B0034,139,340,24,1.3119728676377553,3.401001567788519,2.1906611266270994,4.181856458554027,38.774974385595264,56.80159282025973,3002.922
B0034,140,342,24,1.3064487948795198,3.400303147037451,2.142279706628003,4.183618050676316,38.265844006523615,56.21047251769452,2986.718
B0034,141,346,24,1.3418431880549024,3.4014259376568985,2.160163197204225,4.180694864027114,39.684480872315234,57.153953136576106,3006.203
B0034,142,348,24,1.3609210170759327,3.3937688197583187,1.955449063066795,4.184699791551839,40.52184920089412,58.22840707938393,3011.609
B0034,143,350,24,1.3299603677394973,3.40281516420186,2.186393196562525,4.184264442346774,39.34384441360489,56.896536733279625,2985.953
B0034,144,352,24,1.299069387625936,3.402086089777065,2.1725626411969494,4.1832269410899645,38.612144786286876,56.43024249534344,2976.3129999999946
B0034,145,354,24,1.2984544371955695,3.3974407926386454,2.107521375414201,4.18242247093296,38.61589548680076,56.60428484008346,2964.75
B0034,146,358,24,1.3176486091610087,3.3900153291758635,1.9724956503793716,4.181677931125044,39.405725006770766,57.47493245382511,2969.953
B0034,147,360,24,1.3360648564106594,3.4000590460263824,2.15288424756184,4.184377456853175,39.93466601122023,57.43585109945852,2988.453
B0034,148,362,24,1.3635797361860138,3.3987353103697178,2.175170885643991,4.1820883067461185,41.55493252456659,59.12207312090748,3001.235
B0034,149,364,24,1.3333112541544827,3.3928187346829195,2.0442124222047857,4.181101635503988,40.30936955838523,58.23289082409849,2976.234
B0034,150,366,24,1.3023273463118925,3.3901374196096965,2.030057772957424,4.179766813903975,39.63376472877464,57.69877961341635,2950.39
B0034,151,370,24,1.2888728444455875,3.38449140744984,1.9600053057358238,4.180263086800403,39.397264101530574,57.777112656377554,2941.719
B0034,152,372,24,1.2902746194203034,3.3921220546792745,2.097517979952191,4.1809918219864,39.0556543100656,57.23966158430743,2946.969
B0034,153,374,24,1.292407565676824,3.389816955641987,2.063176636612858,4.181979956691477,39.19214857830457,57.39229514777536,2936.171
B0034,154,376,24,1.2954091505102339,3.3881964986011384,2.050195394002453,4.1832960690677,39.3246784315448,57.49397345620112,2927.281
B0034,155,378,24,1.283229881592695,3.392372693620385,2.142448068324373,4.1823492523016785,39.020958953665634,57.117778050999135,2924.422
B0034,156,382,24,1.4557454024367817,3.3581270184036267,2.132265781269793,4.166622490761778,41.16886509114223,59.0081622348613,3023.859
B0034,157,386,24,1.454676342673242,3.3640532409111272,1.9849347747870358,4.183046790056729,41.53076127734769,59.53806687629183,3056.172
B0034,158,388,24,1.423427718198495,3.38037517618057,2.1394084619831197,4.180727864826346,40.35674808373947,58.40787633507069,3045.078
B0034,159,390,24,1.392551210363313,3.379746726032651,2.04587233974925,4.182665046607197,39.90529016402678,58.34388806897325,3034.25
B0034,160,392,24,1.3765732493746907,3.383744830197482,2.0970875648564333,4.183546703480425,39.6263343523975,58.00881689774913,3022.609
B0034,161,394,24,1.3810190828982352,3.382914022586479,2.0432611124631137,4.184556412259601,40.251117050644716,58.52325787492752,3028.828
B0034,162,398,24,1.4007568321672863,3.378266732241365,1.961939116178396,4.183306721542989,41.28365494023095,59.508378271914516,3037.875
B0034,163,400,24,1.374645303479972,3.386601516930242,2.0966495970812926,4.186122527731293,40.27720417425089,58.58184665309335,3023.187
B0034,164,402,24,1.3345924114397838,3.3873478555743035,2.126944667717326,4.187372242173173,39.458737885900284,57.97580640887124,2996.922
B0034,165,404,24,1.336396621564738,3.3839254722198504,2.0654092965524384,4.194441292072135,39.29135666075848,58.05700140061033,2986.469
B0034,166,406,24,1.3069152971756248,3.389334235413473,2.148229610932935,4.178978876708447,39.19247737595363,57.78193242469556,2979.219
B0034,167,410,24,1.341539456674081,3.3898762516669514,2.1586251956084066,4.180760079138194,39.892115077092285,58.20713739139197,2995.047
B0034,168,412,24,1.346388970161922,3.387534636174606,2.095346963555327,4.1815749331430805,40.35117578100876,58.613406449206195,2989.828
B0034,169,414,24,1.344989807277774,3.3867620663269333,2.0626265502864713,4.182056202732491,40.23284401135697,58.64476637032693,2989.391
B0034,170,416,24,1.3158760805047784,3.3856540718379167,2.076505393409293,4.185552990507065,39.47675997912519,58.05107392892897,2967.2810000000027
B0034,171,418,24,1.2972766889740088,3.3809895778096553,1.9787021969242387,4.185152280694706,39.32483875925542,58.291445432401005,2962.609
B0034,172,422,24,1.2851255211005648,3.381603206447632,2.0077745341235347,4.178887193827684,39.06556270503843,58.02893221948005,2957.016
B0034,173,424,24,1.3190209156530253,3.3826507314858842,1.984631695912844,4.18021178705338,40.25366972386004,58.80693345869639,2973.281
B0034,174,426,24,1.3410097849290994,3.3872757037197703,2.120505374633019,4.185160711724249,40.60644361981523,58.770145898372334,2968.016
B0034,175,428,24,1.326126983882746,3.3863391572789534,2.082697161198142,4.179746730828125,40.11087407785343,58.49257429310864,2959.281
B0034,176,430,24,1.3091442679990724,3.3808981042387045,1.9993127386412168,4.185599509953072,39.612138446886284,58.33204656703581,2942.797000000006
B0034,177,434,24,1.363001289617145,3.3749959210790252,2.0166716234512476,4.169799130983922,40.95422192099372,59.3603280691461,2978.89
B0034,178,438,24,1.329285701687194,3.385047602248052,2.1864172793825265,4.1802176939000715,39.368332915328914,57.712318998766975,2948.891
B0034,179,440,24,1.2969085930621855,3.3857894711790375,2.1668802335410113,4.179741845595007,39.15337098937444,57.633102922228126,2938.547
B0034,180,442,24,1.2986285924941396,3.380809465968222,2.073777619248528,4.181172769902619,39.243985033148604,57.87686984231968,2925.484
B0034,181,444,24,1.2840657611821942,3.385818012946154,2.1762844479074928,4.179417995861986,39.03574242025546,57.47417762924851,2917.297
B0034,182,446,24,1.3021015914136362,3.3852891991053005,2.178495224886361,4.192681708507562,39.362600417809674,57.69186868894567,2918.938
B0034,183,450,24,1.3089076351731335,3.375861800258899,2.003802772888259,4.1874346087886645,39.45158799429391,58.235126532756595,2918.25
B0034,184,452,24,1.2722519696513912,3.3766457982542852,1.9787571590097042,4.179967885403278,39.280231448753895,58.159040648414255,2915.4839999999967
B0034,185,454,24,1.276011534360331,3.383954937211064,2.137223761530643,4.180528142405268,39.093994194844335,57.66508009332591,2906.015
B0034,186,456,24,1.2605053003103004,3.378072965642498,2.026812719380422,4.179166028461803,39.19231540051725,57.950977227160536,2894.14
B0034,187,458,24,1.2660681251347115,3.386411304876093,2.1955750105431733,4.18010360467577,39.05035096355298,57.50629199129354,2892.031
B0034,188,462,24,1.265829016865281,3.3853753800263027,2.198015566541252,4.177719373483749,38.99238106302636,57.45114086897508,2888.719
B0034,189,464,24,1.2655873898206993,3.3831949117830207,2.1741564738787473,4.1806916832597745,39.013996139611024,57.51486337636169,2875.641
B0034,190,466,24,1.2663598323027554,3.3703776888462564,1.9597037966635267,4.184107730812699,39.39352264576831,58.24937682662199,2860.7810000000027
B0034,191,468,24,1.2868479432728903,3.37385872825505,2.0588486889378887,4.19339113872627,39.40321172109691,57.97580626211991,2852.844
B0034,192,470,24,1.270026164613209,3.3788676910292508,2.1472699436122746,4.184650326377129,39.209002406361016,57.6936935982226,2854.64
B0034,193,474,24,1.34598253292492,3.3775187954558987,2.046243465893371,4.179142866728917,41.7029996329405,59.714275603056464,2897.844
B0034,194,476,24,1.3286875315413778,3.3764102425962137,2.0152140329169153,4.183823497630528,41.54042703429465,59.59622829096066,2896.063
B0034,195,478,24,1.31203071983408,3.374457339617825,2.0220579671885415,4.183386852109095,40.70765268927143,58.94389183765572,2866.234
B0034,196,480,24,1.295125492961198,3.369493571122545,1.9943823501630709,4.193391153250369,40.21142863220933,58.684673836382025,2836.609
B0034,197,482,24,1.2802601605963335,3.3671763894263442,1.961659201159055,4.182734512107648,40.0046687891377,58.63989407541342,2829.516
B0036,1,0,24,1.001982588175331,3.3100621558905616,2.692363558999662,3.848136609578083,24.892073733003087,25.25510878948548,1819.406
B0036,2,4,24,1.8011007566288924,3.4631992414146664,2.685636595881031,4.176656530010924,25.959062630105592,26.547068220384585,3260.531
B0036,3,6,24,1.8044229856020628,3.4699576163352273,2.662489466857697,4.183288040976774,25.802571879383937,26.495839445842005,3265.75
B0036,4,8,24,1.804388833772829,3.4705857000702847,2.6573808763123017,4.1841614854004145,25.60229945293067,26.383869073507284,3264.109
B0036,5,10,24,1.7989248871784247,3.4698672359538234,2.663543957344219,4.18413822475754,25.340807182068417,26.038513721787698,3253.531
B0036,6,12,24,1.792996521672392,3.463667726287471,2.6678994227263173,4.184490871998835,25.066700521969093,25.52893924273116,3242.578
B0036,7,16,24,1.7885507985621891,3.4626756481952126,2.6568692251182435,4.18002707662199,24.87901399238054,25.434898613415253,3234.625
B0036,8,18,24,1.7890856930727703,3.466538555244563,2.682881821919537,4.184814968147981,24.962178834594535,25.49992828339642,3235.36
B0036,9,20,24,1.7893137312833287,3.465990459572376,2.643495320901669,4.184936056128164,24.97176766201835,25.538807420659257,3236.125
B0036,10,22,24,1.7860759459480868,3.466849428071611,2.6529146015025353,4.185159966585472,24.904899107239256,25.42021899627584,3230.25
B0036,11,24,24,1.7836324249650817,3.467879751690846,2.6640070437952477,4.185259470361049,24.82894570331574,25.376173446672198,3226.078
B0036,12,28,24,1.7829728738072719,3.4680189335962623,2.6528698625456295,4.180678430986266,25.10525347823647,25.609167303887258,3224.5
B0036,13,30,24,1.7813775963259668,3.470195201959518,2.6683619850669116,4.185452668161143,24.951154809529978,25.488141454729305,3222.188
B0036,14,32,24,1.7785359545932946,3.471307979909313,2.6856316852084854,4.185644073979811,24.904434158959226,25.39250622395775,3216.546000000002
B0036,15,34,24,1.7759043090943398,3.4716713367418284,2.683085255855837,4.1855690457286165,24.887170444449442,25.45190297763985,3211.859
B0036,16,36,24,1.7780426649905914,3.474226898019182,2.6821176155277855,4.185513751822039,25.527212929862493,26.00580839279124,3215.859
B0036,17,40,24,1.7830029333591655,3.4759464645675298,2.6596681327390566,4.18175155698921,26.409994049975936,26.845307972510515,3225.125
B0036,18,42,24,1.7883000424613877,3.4817927176696424,2.6726649868851067,4.18601707914653,27.24956363748299,27.815052029087454,3234.343
B0036,19,44,24,1.779294712578026,3.4752876993515778,2.6506943508802054,4.185429868468947,25.79213906476866,26.20275128566912,3218.25
B0036,20,46,24,1.7709235500451854,3.47360641557491,2.6668651734647586,4.183946382168659,25.237865068781456,25.704404765618435,3203.5
B0036,21,48,24,1.7659050180801104,3.474225056890293,2.699376305602087,4.184483195811819,24.99097283085835,25.460838794232757,3194.39
B0036,22,52,24,1.7826929241469245,3.476093760887936,2.627373237504619,4.166505229896513,32.801252523370806,37.62543555779899,3225.219
B0036,23,56,24,1.7964662072920203,3.478693083596387,2.6486517814110364,4.181691190398081,31.56958368042232,36.14360152332376,3252.985
B0036,24,58,24,1.7909083533422898,3.4750535971066037,2.6240374089622858,4.184954917937507,30.90999308530252,35.625609247013934,3245.25
B0036,25,60,24,1.78518002808874,3.473958373265381,2.626618792448541,4.186460975475055,30.76520980990786,35.57170100720283,3235.031
B0036,26,62,24,1.7811343176546524,3.473907031933396,2.6336670386490053,4.186163586614144,30.827871356237775,35.70160875626844,3228.141
B0036,27,64,24,1.7755577789223567,3.4760652075601257,2.663548100827095,4.186271381082588,31.04477819361822,35.94641088579465,3217.875
B0036,28,68,24,1.776885870616115,3.4762696586688855,2.645759955186599,4.182325498451744,31.495558048290054,36.334410213773005,3220.219
B0036,29,70,24,1.7713083410378214,3.4773296157781552,2.682232775431839,4.185344353963488,31.22858520243483,35.97981353599547,3210.234
B0036,30,72,24,1.7713348840874137,3.4741834201518116,2.636976729427503,4.186613141003604,30.77808307184711,35.59540889841283,3210.546
B0036,31,74,24,1.7660842866405053,3.4723504122251145,2.6254732315495026,4.185053437368516,30.558421734854203,35.45428075393079,3200.969
B0036,32,76,24,1.7592793663412327,3.4751627339527484,2.6876812013759497,4.184793481944206,30.72558468538039,35.64366066127881,3188.625
B0036,33,80,24,1.7610368813762423,3.476326267904414,2.68500337747393,4.182513698980909,31.23295964013785,36.101132129359335,3191.735
B0036,34,82,24,1.760242767365706,3.475057563311369,2.6519664988321767,4.185287638546102,31.072817634800376,35.918627450147724,3190.313
B0036,35,84,24,1.7555899416034397,3.4727432532131424,2.6336440877825646,4.1849685069062055,30.6408857593701,35.53291026153138,3182.156
B0036,36,86,24,1.7545602176655593,3.472459772164966,2.627746605322606,4.186322425483099,30.615000516436165,35.58661163053266,3180.156
B0036,37,88,24,1.7499108336094897,3.4727100432360887,2.6356796620702037,4.184832493551693,30.62198587167864,35.60387176093939,3171.953
B0036,38,92,24,1.7610225525303758,3.4792060334218475,2.6450931525551966,4.182846104868844,32.233363947568954,37.150900989394586,3192.172
B0036,39,94,24,1.7624094574337117,3.483370799287766,2.6704116794436663,4.185109686462477,32.95844838713035,37.80882382148786,3194.735
B0036,40,96,24,1.7536170397120676,3.481411230676488,2.6837393111584085,4.184971879756314,32.33796562819801,36.917059178726916,3178.75
B0036,41,98,24,1.7462044775191679,3.4750001030504976,2.654784886935533,4.184935582810448,31.201004004004968,36.08766208839117,3165.359
B0036,42,100,24,1.7406176172769725,3.4729861560107773,2.650821200008131,4.184405459993748,30.844212128034435,35.833124475553674,3155.25
B0036,43,104,24,1.750690404425682,3.4793522768122993,2.6761945611553157,4.173893175797129,32.19294879984907,37.01706025174733,3173.766
B0036,44,108,24,1.765112055153915,3.4863598949467836,2.679442027657799,4.18216296627966,33.06146735060497,37.72356956982813,3199.485
B0036,45,110,24,1.7631888267564881,3.4833864674331436,2.656640378340114,4.185045339068736,32.35366819628823,36.98324646085538,3196.015
B0036,46,112,24,1.9854929528970957,3.521360251690921,2.697143455219266,4.290021871695731,34.70040609904863,39.35953919640877,3595.281
B0036,47,116,24,1.7653557308133239,3.481761447167762,2.6612712387136295,4.182247008545814,32.421923396380706,37.027075053721425,3198.0
B0036,48,118,24,1.7571880383127276,3.4797578588851743,2.6908838763824483,4.184685800633224,31.609192155405946,36.34456840908186,3183.516
B0036,49,120,24,1.7573770661844437,3.4759650916373124,2.6365640724626367,4.184560765856749,31.31596403602263,36.1535770040422,3183.797
B0036,50,122,24,1.7617376127979814,3.4781154314639453,2.6235919177171154,4.186186804679722,31.998588265349394,37.00649086775502,3191.516
B0036,51,124,24,1.7606892547636663,3.4830514284703322,2.6614571813493306,4.184681735978706,32.98892411466723,37.85686718856992,3189.985
B0036,52,128,24,1.760669562156983,3.4809173250237535,2.640601067759597,4.1823560692950785,32.83558656237567,37.45005504798,3189.734
B0036,53,130,24,1.752963802649152,3.478940078791892,2.6732282064652693,4.1845961576838935,31.97863874379167,36.77795934417618,3176.016
B0036,54,132,24,1.750535708024147,3.4777534118948465,2.668754575341305,4.184643118766144,31.7958885352369,36.644215074090106,3171.36
B0036,55,134,24,1.7500761995337284,3.4766647808370212,2.658195971284472,4.184427133733743,31.804649399184477,37.138598100953445,3170.843
B0036,56,136,24,1.7465957802278385,3.4791247798630294,2.6846493703739718,4.184330747490862,32.18425444090601,37.11821986816654,3164.672
B0036,57,140,24,1.753614286788707,3.4818392989655798,2.668665957651981,4.1823205235968235,33.27019350164624,38.21028860245779,3177.453
B0036,58,142,24,1.750725029920349,3.4813626313858914,2.6672344803975685,4.1847408536372885,32.91813190932092,37.5096400873081,3172.375
B0036,59,144,24,1.7433053490810113,3.473301690187071,2.627654590987336,4.184091920673459,31.48100878915281,36.38797733722857,3158.406
B0036,60,146,24,1.7336625052776187,3.4736758521826694,2.6888969070187216,4.184211671090554,31.127100398792322,36.055083131001204,3141.578
B0036,61,148,24,1.7319207051538927,3.4715154587275445,2.6648936078550007,4.1841757466144065,30.925481627228724,35.91912656959304,3138.187
B0036,62,152,24,1.7428604522751463,3.476844269698795,2.652977190328466,4.181891771142459,32.53816915596416,37.598391918046985,3157.969
B0036,63,154,24,1.743306971099712,3.4828021334350594,2.69728379874788,4.184541597131144,33.5082870689835,38.473409883226125,3159.281
B0036,64,156,24,1.738524506272696,3.4787179923634985,2.666438804228148,4.1846109764992505,32.72223824057796,37.37835847467748,3150.375
B0036,65,158,24,1.7295622663746972,3.47116141622232,2.644225504233063,4.184012676032451,31.339643544788586,36.32515383321495,3134.078
B0036,66,160,24,1.7273036765742085,3.469009856426531,2.6270672485920983,4.184121216441852,31.09122546658414,36.17136327433497,3129.797
B0036,67,164,24,1.7449370491071912,3.4757008802735143,2.681073460503821,4.1715485738177795,32.074525923461515,36.94271187003511,3161.89
B0036,68,168,24,1.7642432071133693,3.4820950413929173,2.6173518629094725,4.182622974222649,33.167208512161885,37.96104323229247,3196.859
B0036,69,170,24,1.7504882032049596,3.480244357608362,2.6882522902609858,4.184454856344911,32.14047774193924,36.73214755581345,3171.906
B0036,70,172,24,1.7442710815479923,3.473582906957752,2.639398647353621,4.184476537283623,31.245399132402053,36.082389553135755,3160.8429999999935
B0036,71,174,24,1.7365413923373951,3.4722242034096427,2.6623791019309224,4.184024889589791,30.941808328244683,35.84834420893077,3147.141
B0036,72,176,24,1.733223093105756,3.4700774937906473,2.6561014633579925,4.184261427009467,30.729579296950984,35.70394071930231,3141.203
B0036,73,180,24,1.73860622908762,3.4765508294649767,2.6878503046332485,4.182041097453936,32.241219078736684,37.23120350609712,3151.047
B0036,74,182,24,1.7432134953746192,3.478023823464381,2.606635521236163,4.183342596486669,33.273484981762124,38.21827936701842,3159.172
B0036,75,184,24,1.7332698214832971,3.4748978056910036,2.684954312438798,4.184140679167282,31.82186022608825,36.626274908995,3141.047
B0036,76,186,24,1.7298906291663272,3.468132135397358,2.6296325002671597,4.1842480944363025,30.953485299150877,36.01597323994527,3135.0310000000027
B0036,77,188,24,1.7204403348841348,3.4677152773874327,2.676552998785705,4.183757537025025,30.594113322212998,35.64214686208444,3117.984
B0036,78,192,24,1.724420729012913,3.464870080840597,2.62514939238803,4.18290280302208,30.621050708667628,35.82141559167005,3125.328
B0036,79,194,24,1.7214872814061166,3.4658543618027586,2.628502877540015,4.183818903348512,30.73760557478901,35.84687241575459,3120.172
B0036,80,196,24,1.7197448773569262,3.463489697714707,2.619866867748,4.183839437859511,30.475687104433288,35.6948403215532,3116.641
B0036,81,198,24,1.7164304142145894,3.4657104202129614,2.6612878285284127,4.183940441185628,30.665478038053948,35.819676472043525,3110.844
B0036,82,200,24,1.7112029253299619,3.4645909946616262,2.6699917743429817,4.184066892064025,30.48169086494209,35.629734084261784,3101.406
B0036,83,204,24,1.7102343231599222,3.4629772764216105,2.6688661295694205,4.181908017913433,30.501790386236014,35.66196676336087,3099.563
B0036,84,206,24,1.713096882151029,3.4616288821771044,2.6222751020303923,4.1838810012271175,30.48295279202987,35.75183992747387,3104.64
B0036,85,208,24,1.7103708617208135,3.4628964155593924,2.643376209522438,4.183938680731157,30.592002581671938,35.77783462667514,3099.875
B0036,86,210,24,1.7064617296121434,3.4611295820153054,2.6362266436030413,4.183997413375148,30.424569049276556,35.713721223369035,3093.25
B0036,87,212,24,1.7029429979110946,3.4632231738970973,2.6753943315026825,4.183680554471844,30.570652220376168,35.725860691702124,3086.688
B0036,88,216,24,1.7072612643840062,3.4594353969848526,2.626280067476453,4.182869408506432,30.460459721443804,35.768527567848494,3094.281
B0036,89,218,24,1.7038637196766078,3.4619323762511636,2.6699754309728454,4.18373987583806,30.547691944309644,35.84926876193408,3088.328
B0036,90,220,24,1.7079617948422274,3.4640211108291785,2.6485692977117936,4.183750461912779,31.189572257243857,36.56783936040424,3095.687
B0036,91,222,24,1.7113022833627787,3.4674082899150327,2.652784779103966,4.183786894340978,31.898081785720198,37.22026804863562,3102.062
B0036,92,224,24,1.714122057472244,3.467669094088933,2.61112320884266,4.183945554245884,32.32306890954346,37.24354714231705,3107.141
B0036,93,228,24,1.7053324925701605,3.4590063160949422,2.6171931724123265,4.182910559206333,30.83436798904695,36.101954503621805,3090.719
B0036,94,230,24,1.6934609472531408,3.4580229191527696,2.6630699292303373,4.183616020558508,30.287043848864634,35.590895284221084,3069.812
B0036,95,232,24,1.6905244127230223,3.4563349020618155,2.659720848238619,4.1835063699815285,30.072000414523774,35.41708929698686,3064.437
B0036,96,234,24,1.7007774858498304,3.460450149170936,2.6273527452578365,4.1862295732164165,31.093661069729663,36.542285984903515,3083.25
B0036,97,236,24,1.6971104467944576,3.463960681885895,2.679397409659904,4.183727110735532,31.607623511235108,37.06815080209899,3076.484
B0036,98,240,24,1.6997924522951837,3.4630674142567415,2.6638409912727004,4.182211079560967,31.68782676208534,36.82684422999281,3081.297
B0036,99,242,24,1.6912704773954121,3.456673276206162,2.638750759665419,4.183505107711148,30.64130472367544,35.92988720620677,3065.953
B0036,100,244,24,1.6857127009469863,3.455027058159508,2.6521564133104056,4.183301376056718,30.35775664232519,35.781290058222865,3055.828
B0036,101,246,24,1.6832093771286156,3.456388317029322,2.6736629264226712,4.183248853903273,30.46760275047682,35.83938701624516,3051.468
B0036,102,248,24,1.692886364169521,3.462072409842235,2.665966871855665,4.183494017304386,31.690335464880064,37.17156479403066,3069.0
B0036,103,252,24,1.6984668174144633,3.466006130026554,2.6818321771597287,4.181646831165721,32.58002111430288,37.84191340591018,3079.235
B0036,104,254,24,1.6935813413828429,3.4601239314707923,2.6354438765341697,4.183467994187793,31.69291039725797,36.94021929474592,3070.344
B0036,105,256,24,1.6830951253781283,3.453593464720813,2.633581331346773,4.1834014802387,30.608400390292736,35.979852438003704,3051.4839999999967
B0036,106,258,24,1.6850462226942986,3.4519795194744436,2.6164895194312585,4.18648088216282,30.399652022711006,35.91143435448471,3054.812
B0036,107,260,24,1.6803098840017598,3.4544340644325837,2.662037646915503,4.18650094380192,30.547315574796166,36.0224357923641,3046.532
B0036,108,264,24,1.6944038437227715,3.4638257834252806,2.6705894388847278,4.182814594549196,32.47851626978816,37.65075812929836,3071.782
B0036,109,266,24,1.6955686127180103,3.4669219935055278,2.668638829617292,4.183640043729965,33.085111849545555,38.27191158762031,3074.532
B0036,110,268,24,1.6841854728350405,3.4626538753824714,2.6931351824491827,4.1835457131046185,32.12056072268224,37.26845925037034,3053.656
B0036,111,270,24,1.6722180144870118,3.4554390863736857,2.6913462011853904,4.183400261585032,30.90915966232928,36.23919416621716,3031.953
B0036,112,272,24,1.6675976965747183,3.453636642746737,2.6988025346836504,4.183219724741507,30.586499493516442,35.989930424393194,3023.5
B0036,113,276,24,1.6781873787039017,3.4530724754532334,2.6523436778902467,4.182242945113323,31.078305845971443,36.752805224654765,3042.703
B0036,114,278,24,2.4440624320786557,3.626510481777051,2.691307184686052,4.519252349646744,33.98757612493629,38.49714613607372,4424.203
B0036,115,282,24,1.6913403148932205,3.466145279289297,2.6565288043863395,4.181498148571605,32.26010764297862,37.31224141481378,3066.766
B0036,116,284,24,1.6802787096613283,3.4640146950069006,2.680162151919943,4.183547797387942,31.42619925446257,36.59740421257035,3046.125
B0036,117,286,24,1.673147301023026,3.4626259258314476,2.686423419926791,4.183620162153654,31.20956154006514,36.44126696853565,3033.625
B0036,118,288,24,1.6704292090032429,3.4609363258654184,2.672431142055385,4.183446864929328,31.078110221174402,36.32670051789851,3028.562
B0036,119,290,24,1.6659903350115992,3.4616449511434926,2.6906755654263526,4.183128389159035,31.053614094154142,36.29811998606583,3020.984
B0036,120,294,24,1.664241575272447,3.46014320685645,2.697829479340451,4.180942847373935,31.06053283354067,36.315665405173284,3017.391
B0036,121,296,24,1.6668450767774965,3.4580980197093147,2.6506127411002423,4.182939031295494,30.97728291917627,36.31712206468977,3022.14
B0036,122,298,24,1.6594501560667536,3.459389982444422,2.690672074169337,4.183242834674278,30.93918723715448,36.228571111440864,3009.016
B0036,123,300,24,1.662412523067319,3.455631406481116,2.6272249252599598,4.183686841202558,30.926289651305336,36.35810336081934,3014.672
B0036,124,302,24,1.6603526083225701,3.4549175745634897,2.6243035932050947,4.183358354217051,30.863054927475556,36.29901438256062,3010.703
B0036,125,306,24,1.6610231379633236,3.4567232383364708,2.6669662761212,4.182728484057378,31.038017243387284,36.42868217427085,3011.75
B0036,126,308,24,1.6575187557321613,3.4566056806279244,2.6573427494924386,4.183421219857983,31.04050751190746,36.39664144336581,3005.734
B0036,127,310,24,1.6507877959674548,3.457263997632369,2.6914302974482167,4.183196106021016,30.957302786226403,36.317435246585276,2993.75
B0036,128,312,24,1.6532570062110141,3.4540018182289085,2.641029666264374,4.183209699462281,30.945276932009087,36.40596657880105,2998.125
B0036,129,314,24,1.6494214846772686,3.454729708764956,2.6663067674348446,4.183138406019062,30.888914324823496,36.28093983069052,2990.859
B0036,130,318,24,1.6678591915666705,3.4602322781016106,2.6520245119510846,4.182486390609512,32.321489418619095,37.95295717388789,3024.453
B0036,131,320,24,1.670862764324967,3.4653467037084007,2.650846498933422,4.183464386226038,33.23510488083581,38.41829396059596,3030.765
B0036,132,322,24,1.6658118164053368,3.4612961227490118,2.636443131108017,4.1834582213062665,32.672384089467116,37.82488704281872,3020.813
B0036,133,324,24,1.6532998517617,3.4568319834213184,2.6573768263158466,4.183218486473692,31.627875999689845,36.92206046060923,2998.156
B0036,134,326,24,1.6468787023528522,3.454274871932744,2.661750337550587,4.183226539078387,31.234092745007935,36.61884081007243,2986.766
B0036,135,330,24,1.6718953249703756,3.459039144301172,2.6766475071440374,4.174285560234163,31.95070753872921,37.26760229905419,3032.328
B0036,136,334,24,1.6807743463585727,3.466556169993412,2.683234032060573,4.181276067644604,32.94223311807837,38.257226591815964,3047.703
B0036,137,336,24,1.6737717086703074,3.4591810827626084,2.622356052772389,4.18302191595724,31.941852555671353,37.22999793294153,3034.968
B0036,138,338,24,1.6605773762487392,3.4577876655294553,2.6656468752025866,4.183316981130492,31.44720711271493,36.750095375605376,3011.7339999999967
B0036,139,340,24,1.655987781146086,3.454417180570097,2.6416903037262225,4.183031434193402,31.12482497372082,36.461339694064534,3002.922
B0036,140,342,24,1.6468623183898439,3.4527482715790674,2.6595878021770023,4.182347238057592,30.75545169222773,36.121581178683655,2986.718
B0036,141,346,24,1.6574621175432847,3.460599249296477,2.687257575540443,4.181133837276345,32.32491302674166,37.62901534109348,3006.203
B0036,142,348,24,1.6603991175216894,3.4634741461937795,2.6749338603361448,4.18258237874211,32.9527098749988,38.17206500603514,3011.609
B0036,143,350,24,1.6460789092837111,3.458931693641407,2.6883490982654625,4.182469644453435,31.963338156822648,37.074417465672504,2985.953
B0036,144,352,24,1.6408366462659327,3.4515443093644445,2.6341133806914536,4.182289875103196,31.192560893948695,36.555960407488875,2976.3129999999946
B0036,145,354,24,1.6344408920281601,3.451340191696518,2.6535520046660226,4.182381246517502,31.01189616418059,36.35822055804636,2964.75
B0036,146,358,24,1.6374039186504212,3.4541105051819967,2.682065697865543,4.18080325573756,31.59342641124915,37.04815005782166,2969.953
B0036,147,360,24,1.64738207540524,3.456542656900933,2.623022825320866,4.1824485661725594,32.451352345308976,37.78142773101782,2988.453
B0036,148,362,24,1.6545646441622355,3.462836576734922,2.638877668106794,4.182854046942437,33.70907658061942,38.98412239569435,3001.235
B0036,149,364,24,1.640896560729935,3.455642847223531,2.6345026369215763,4.182728439067422,32.3628652503866,37.65911041193654,2976.234
B0036,150,366,24,1.6265229979339635,3.453765407751183,2.6856425973144904,4.182876278594965,31.558941182174713,36.92167189475025,2950.39
B0036,151,370,24,1.6217349144630457,3.4500406564088526,2.68786797873656,4.180649883777921,31.135887556686384,36.59954969750561,2941.719
B0036,152,372,24,1.6248200059639546,3.447400483446299,2.6302060684262494,4.182879997125387,31.04112225235265,36.62217023847058,2946.969
B0036,153,374,24,1.61880119736137,3.449026045033965,2.6641914790243417,4.182616597040702,31.054879323980543,36.590898812608955,2936.171
B0036,154,376,24,1.6137350490334217,3.450376630404453,2.689303373660729,4.1825067669668625,31.10833607101402,36.59234456560626,2927.281
B0036,155,378,24,1.612012823654141,3.447000121773302,2.65147651386545,4.182535478785295,30.944663670795183,36.48018480302178,2924.422
B0036,156,382,24,1.6671032556887178,3.4669760884346075,2.6896892125914618,4.1690491680104165,32.6791979812127,38.23567263982747,3023.859
B0036,157,386,24,1.6850133383886254,3.4736386683731344,2.6628469651561684,4.181271830692525,33.03296653786076,37.930952706812825,3056.172
B0036,158,388,24,1.6786654987614698,3.467958204671299,2.626900680068646,4.1830606408887965,32.14080730031082,37.19257582780181,3045.078
B0036,159,390,24,1.6729763502191373,3.4632760700749996,2.6081515730092875,4.182456210343196,31.54659714469647,36.76201438343683,3034.25
B0036,160,392,24,1.666489034299654,3.4628276335315356,2.6357331981420877,4.182764774519028,31.32211217550974,36.54833629882202,3022.609
B0036,161,394,24,1.6698420840710908,3.4646012546935614,2.629018498984386,4.183320176415955,31.944476209251814,37.37954300419149,3028.828
B0036,162,398,24,1.6746744228027035,3.4679372219489957,2.6266603184816235,4.180963257164536,32.95970790517297,38.17965570439169,3037.875
B0036,163,400,24,1.6665045335145643,3.462497796397771,2.602450788874241,4.182710427278442,31.94954978552722,37.06880928199277,3023.187
B0036,164,402,24,1.6522220848347273,3.4597555835668237,2.662872873818505,4.182466447324255,31.016509562928245,36.3207199175235,2996.922
B0036,165,404,24,1.6462718275099526,3.4575027462160053,2.6641259048235493,4.182351343336321,30.717850318637232,36.10688426616758,2986.469
B0036,166,406,24,1.642399234692521,3.4593887120996203,2.6980994427054057,4.182757605057146,30.879779806825745,36.31248307899438,2979.219
B0036,167,410,24,1.651178607099992,3.459697403340653,2.649240292513478,4.180861110367055,31.650221324336044,37.07549861586275,2995.047
B0036,168,412,24,1.6481683120281931,3.4641295904583864,2.691344905562854,4.182794520703595,32.06625589927076,37.414877687125575,2989.828
B0036,169,414,24,1.6478887725428397,3.460169463632063,2.6312837349184783,4.182556061512275,31.895952062496796,37.09639528593206,2989.391
B0036,170,416,24,1.635843650915682,3.4561756716228116,2.6584363442335084,4.182810830291452,30.985495506316067,36.366051667033084,2967.2810000000027
B0036,171,418,24,1.6332362811945516,3.452053305545746,2.6231998193879877,4.182635286848819,30.72140290899611,36.234238027710575,2962.609
B0036,172,422,24,1.629926467682987,3.4498706612134633,2.633671931011382,4.180865480888278,30.525764579406868,36.13330283566238,2957.016
B0036,173,424,24,1.6387862629287224,3.4562888987795763,2.613160298710749,4.182371604193263,31.861104818689885,37.40631592104371,2973.281
B0036,174,426,24,1.6359654863840773,3.4606240664312637,2.664776371262019,4.182870580087216,32.31201872670814,37.77076533558071,2968.016
B0036,175,428,24,1.631137043967566,3.456019242182233,2.632939371611515,4.1827611176443975,31.793010248024903,37.14813436098321,2959.281
B0036,176,430,24,1.6220189720888463,3.450712115143618,2.6282834158429433,4.182395237195288,31.01748043918613,36.53239990681521,2942.797000000006
B0036,177,434,24,1.6416044978422155,3.457628617948717,2.6382695335398956,4.174632559195338,32.52627247756125,37.81511547301817,2978.89
B0036,178,438,24,1.6253090231457805,3.453055943057908,2.666855394758346,4.180584396863127,30.971239918679984,36.404593910301536,2948.891
B0036,179,440,24,1.6196134522239483,3.450668341610227,2.645771603606621,4.182361662503121,30.76463270446893,36.31178502135717,2938.547
B0036,180,442,24,1.6124236174774371,3.450902810317066,2.6749192828697232,4.1825612222864805,30.660177115279623,36.180551238597374,2925.484
B0036,181,444,24,1.6077701029913394,3.4500594839606094,2.6772635289500464,4.18253016588314,30.586674094126863,36.10348020899565,2917.297
B0036,182,446,24,1.6088077531981582,3.449110812692783,2.651409246777448,4.1821683496152,30.83253477381729,36.398158452424276,2918.938
B0036,183,450,24,1.6083556258734268,3.4458169090139847,2.6359845840555653,4.180085195716553,30.68860522383244,36.348677496156625,2918.25
B0036,184,452,24,1.6068202519011539,3.4453799620249113,2.6203632515294,4.18247008024948,30.620490468656016,36.30340414585353,2915.4839999999967
B0036,185,454,24,1.601770977206713,3.445133112798374,2.6353503124760125,4.182402126830995,30.598226708173872,36.26566178605087,2906.015
B0036,186,456,24,1.594911734692208,3.4458558996634645,2.665160202735034,4.182271283338991,30.522404975221356,36.17313667131571,2894.14
B0036,187,458,24,1.5938139125387372,3.4444897117952333,2.6439462094074133,4.182247103438741,30.572012594415884,36.20038317528244,2892.031
B0036,188,462,24,1.5920273129504596,3.4452529094036595,2.680823910703161,4.182668785784587,30.525594309542488,36.12974352283867,2888.719
B0036,189,464,24,1.5847361549778751,3.4433682977623126,2.6584332895177942,4.182325389472558,30.460152624234137,36.15128962766672,2875.641
B0036,190,466,24,1.5763429363936798,3.444044633354944,2.6858136443865597,4.181890851070748,30.42634729502671,36.06503580876304,2860.7810000000027
B0036,191,468,24,1.5720229174642286,3.4436657042772842,2.686590802386354,4.1819812339971225,30.477932880980596,36.12802521407918,2852.844
B0036,192,470,24,1.5729874285512353,3.4414697554582165,2.6569680605487678,4.182031710997783,30.47370962894708,36.26774799217623,2854.64
B0036,193,474,24,1.596985400389019,3.4563046908197936,2.676038889381632,4.1803143719336,33.14386747805384,38.43630283495838,2897.844
B0036,194,476,24,1.595726023703856,3.452089547010762,2.6188084347235887,4.182098322143219,32.934539010545976,38.52063845392343,2896.063
B0036,195,478,24,1.579500338340559,3.4477573593842226,2.645949573946669,4.182097383940862,31.954024468442526,37.489412293667954,2866.234
B0036,196,480,24,1.5629469877520186,3.4451953986146564,2.6883439532038187,4.181667072254369,31.19189073934152,36.78751789975617,2836.609
B0036,197,482,24,1.5591129431541175,3.4432584336378476,2.67894320816739,4.182118777318184,30.99297651094941,36.62637340717898,2829.516
B0038,1,0,24,0.8980573709676724,2.883239659655731,2.1981645845929387,4.053116638334503,38.8265055747093,51.693778100060996,982.938
B0038,2,4,24,1.1026236331914077,3.1713316750997853,2.173538006790758,4.1851064801192095,40.49651673815248,51.136880141242045,1489.953
B0038,3,6,24,1.0885801879473431,3.1803732612872655,2.191128315273502,4.18694152805074,40.3082686076966,51.3517572303697,1479.703
B0038,4,8,24,1.0613249847591086,3.2014600077361552,2.1749283790642226,4.187310082648276,39.93347404849829,49.541551118224994,1468.172
B0038,5,10,24,1.0347062057983545,3.2011146598082543,2.1623047751632316,4.185977695675653,39.949996492029705,49.944004344349516,1457.0
B0038,6,12,24,1.0269978594353013,3.1928056969575156,2.1523889970129018,4.187105297284753,40.03056196708513,50.47284162905345,1437.047
B0038,7,16,24,1.0785019710989419,3.0561380160526412,2.1947161370182617,4.18045914385637,39.44913263410249,49.83589725328242,1170.531
B0038,8,20,24,1.0638897478802845,3.181450544509047,2.1463956973341785,4.183492564102866,40.058567746287395,50.058224679961086,1436.141
B0038,9,22,24,1.0366551223324423,3.192741049083457,2.1983669967426582,4.186120317256443,39.916070861462195,49.70254627455938,1420.172
B0038,10,24,24,1.030941327482094,3.167665290347624,2.1858064268526136,4.185843165124554,40.27645391572808,51.354295522888854,1397.0
B0038,11,26,24,1.0140084541034655,3.1781927267469925,2.151862863027953,4.185966509890458,40.1754669430076,50.44246795838984,1393.25
B0038,12,28,24,1.008516095994519,3.1613474600189155,2.164578187429903,4.186351056855524,40.41336717515726,51.33205933952721,1380.938
B0038,13,32,44,1.7419245088095903,3.608926624109929,2.180206803089782,4.177730241404494,44.29688064198706,49.52801806570102,6375.828
B0038,14,36,44,1.779741859708433,3.6118191487524745,2.1921466685430167,4.186620638463225,47.195451017988766,49.28701938671706,6574.671
B0038,15,38,44,1.7815666306452766,3.614149636005495,2.16658130125341,4.188933311711306,47.146072926598166,49.17905905171433,6571.156000000003
B0038,16,40,44,1.7834859577156017,3.6144683724527336,2.1366453580856253,4.189402399305119,47.127641701986995,49.180910484252195,6569.11
B0038,17,42,44,1.7864411650415675,3.6165883435722845,2.1909799678189845,4.189825570933335,47.09918641441624,49.05688408240341,6558.75
B0038,18,44,44,1.7859997608067948,3.6160610851845387,2.166402675362294,4.191065310739852,47.133209565495285,49.130320508041244,6567.516
B0038,19,48,44,1.7769523773001608,3.6257089708628913,2.145739105715045,4.18123625379194,47.15436113022586,49.23198595690627,6430.172
B0038,20,52,44,1.781428917321899,3.613285312724596,2.139096537674337,4.185716420658905,47.16342394557887,49.16417337699806,6554.327999999994
B0038,21,54,44,1.7859452772697197,3.615119723068454,2.1550256706410824,4.189329902417763,47.14213994735863,49.04035070342245,6560.922
B0038,22,56,44,1.785208429691551,3.6158365688729885,2.1776344857025127,4.189967846272303,47.07812277465954,48.97912041843542,6559.047
B0038,23,58,44,1.783596609584544,3.615503145763946,2.1804158381574807,4.18974503175606,47.07326100880018,48.978872169562095,6553.781
B0038,24,60,44,1.7796783152744713,3.6139392243174577,2.1075006723313274,4.188353739927258,47.08146790123274,49.04045996790738,6540.187
B0038,25,64,44,1.7841102592788645,3.61791112455575,2.1931517470679913,4.1880636486598535,47.087615537529175,48.958853345028835,6535.922
B0038,26,66,44,1.7833032331592193,3.615792342161085,2.1577326042974923,4.18971330698209,47.09422579980021,49.017772603097235,6544.078
B0038,27,68,44,1.7796186141356956,3.6151540820598718,2.1621899189117855,4.188131880621521,47.083185115341905,48.99249018111872,6531.187
B0038,28,70,44,1.7816592334352586,3.616195897791123,2.199945094089768,4.188924695577913,47.06402084308688,48.94618497316047,6528.562
B0038,29,72,44,1.7775911304124035,3.6135506508279374,2.1302151249881103,4.187542870745614,47.07142767555465,49.0209427982368,6525.187
B0038,30,76,44,1.777701881971679,3.615401963428833,2.164304791761506,4.1857951584704445,47.094941474493815,49.014180829264426,6515.938
B0038,31,78,44,1.7789547618270618,3.6125287354843523,2.103101288221301,4.187443417451479,47.0995133510692,49.08755174393166,6532.015
B0038,32,80,44,1.7807753731135043,3.6160020417093457,2.1449886066523933,4.1900372622396045,47.07452189489319,49.000307836809725,6527.922
B0038,33,82,44,1.778415319026661,3.6145930156040587,2.1205293855533207,4.188861157517333,47.12153419194554,49.05042538685695,6519.328
B0038,34,84,44,1.7789773899108463,3.616664144234103,2.1339834463152427,4.190060028748116,47.15829653400459,49.08198729235301,6510.063
B0038,35,88,44,1.7792479347236045,3.616763225911199,2.1093887147366805,4.187583021759709,47.161612217353984,49.132796873113755,6501.718
B0038,36,90,44,1.7779204573685081,3.6149940792944446,2.098244904990502,4.1891099360693005,47.155567707969865,49.13552693190528,6509.047
B0038,37,92,44,1.779227040224144,3.6159145027179576,2.1367946107881166,4.18915400521565,47.13225621283967,49.04172173314357,6502.438
B0038,38,94,44,1.7760634320079352,3.6146610547862235,2.103206542363035,4.188887533318818,47.13346886842004,49.09468753497383,6502.047
B0038,39,96,44,1.775103937963957,3.6150827947076762,2.1895312972615004,4.187944942179681,47.176385542899524,49.057064718364046,6498.86
B0038,40,100,44,1.733064100138742,3.4389023365216986,2.1594623220347016,4.182064571336064,50.154407994251926,54.42193934195762,3162.047
B0038,41,104,44,1.7394892806215223,3.437169559941295,2.023065783993831,4.186725946685351,50.1979427615177,54.61602412701822,3173.141
B0038,42,106,44,1.7378064360392924,3.4370308930893247,2.0028176202456365,4.189706586585002,50.18895736512512,54.621843575697525,3169.844
B0038,43,108,44,1.730028145799833,3.437230626486004,2.061244397117138,4.188139594837195,50.178407502665095,54.57283441287881,3156.563
B0038,44,110,44,1.7290404566542985,3.4363115548278413,2.030738155835073,4.189030830558383,50.182509844874,54.65884815489962,3155.047
B0038,45,112,44,1.7286072907068815,3.4394075704239655,2.1901431826977382,4.189306425000166,50.173666427799,54.51993729622157,3142.312
B0038,46,116,44,1.52573884649634,3.0455602167949416,2.11587711023423,4.17467236177005,58.41948951650429,69.28796559754325,1485.047
B0038,47,120,44,1.5301475534434217,3.0241360171924403,2.052769819032336,4.186501078488458,58.954810986890266,69.86974573152932,1489.313
B0039,1,0,24,0.11903831859341765,3.3780267772090253,2.4897962179516666,4.078325990995359,34.70141183965182,41.68577610887712,982.938
B0039,2,4,24,0.4729861500927512,3.5388339739777925,2.4756646285889476,4.201433690744269,34.602296282226774,42.96184230643531,1489.953
B0039,3,6,24,0.16280793829202067,3.5283987355327224,2.497942856856816,4.202601079177913,34.706915531211784,43.606076550083,1479.703
B0039,4,8,24,0.4787632853388766,3.523734020299432,2.480114715641411,4.20285727861485,34.771517765327,43.90627471664096,1468.172
B0039,5,10,24,0.4711383364607152,3.5290210250014034,2.4872303300157066,4.203125866428561,34.709560141583104,44.013774813837145,1457.0
B0039,6,12,24,0.4668172561120673,3.528853302126734,2.489183697067473,4.203130606417118,34.65890294500357,42.922031048645835,1437.047
B0039,7,16,24,0.4699932676625547,3.4540436783572668,2.498492440398465,4.199225453541231,35.44499437757343,43.24542727979999,1170.531
B0039,8,20,24,0.4627052684317185,3.53257704827921,2.4971812527928607,4.201734819728371,34.6176662375867,43.86578283702087,1436.141
B0039,9,22,24,0.46049447826560974,3.5299976922060075,2.4988010332333745,4.202672121596153,34.65017232704175,43.67270130471354,1420.172
B0039,10,24,24,0.4412227248835694,3.5156652919077627,2.487295552712161,4.202779797627703,34.822277873738145,43.79137016976176,1397.0
B0039,11,26,24,0.44354421943965844,3.5295294248045366,2.4958019219001284,4.202689684084776,34.67233382014022,43.92654641714406,1393.25
B0039,12,28,24,0.4126655541164234,3.52826089394077,2.498934011647546,4.202868370613372,34.74469432520436,43.36143647499468,1380.938
B0039,13,32,44,1.7461791006389626,3.6461406726770127,2.4987062304520014,4.197294023274615,44.007524345018545,48.10057733769074,6375.828
B0039,14,36,44,1.7695250734505363,3.64392186740937,2.473002904156423,4.204972433209606,46.67611297517316,48.36094927051516,6574.671
B0039,15,38,44,1.7715391419501945,3.6463500592094675,2.4894344650176916,4.208448210539393,46.6383045331837,48.205077970133914,6571.156000000003
B0039,16,40,44,1.770625483958279,3.645585479395615,2.473981445559395,4.206898230242775,46.624310116631904,48.181498766889746,6569.11
B0039,17,42,44,1.7704040639447296,3.6468115454863126,2.4673788761032256,4.207946244454896,46.60181681852236,48.22285805925047,6558.75
B0039,18,44,44,1.7695081788801759,3.6451349051966417,2.458737817987512,4.207227267233697,46.64079559317347,48.311132730789595,6567.516
B0039,19,48,44,1.7638356274269416,3.6561026070574316,2.4562277920171924,4.197666044398925,46.65269866016946,48.31988246057892,6430.172
B0039,20,52,44,1.7715725869786123,3.6458870173477007,2.4379313646643412,4.2045074487347165,46.637301691869546,48.191612511475654,6554.327999999994
B0039,21,54,44,1.7701196454489683,3.645766068703999,2.4476008226100348,4.208084129481043,46.62385161772923,48.22746339794149,6560.922
B0039,22,56,44,1.7667569752860521,3.6446971444609972,2.467377500135635,4.207142953751636,46.59535143073503,48.171946839870586,6559.047
B0039,23,58,44,1.7648743629092642,3.6438349804131214,2.457416820096295,4.207099547920701,46.59281927437507,48.20204512091098,6553.781
B0039,24,60,44,1.763838685943225,3.6455211713700875,2.4702283951852175,4.2078293027865055,46.595538716376765,48.208085483124755,6540.187
B0039,25,64,44,1.7657225752056789,3.6442867502271574,2.47756542534469,4.20415549392574,46.61592285314662,48.216947901934525,6535.922
B0039,26,66,44,1.7645632809383045,3.6438395995465793,2.480137502417058,4.2074857099225,46.61306744285817,48.23861432117145,6544.078
B0039,27,68,44,1.7608991948479125,3.6432430775983096,2.4411463439008707,4.207192516257174,46.60739102749507,48.2409468668017,6531.187
B0039,28,70,44,1.7598362095817717,3.6429596917730023,2.4393843779206725,4.207616345532635,46.59731896053421,48.28638353591076,6528.562
B0039,29,72,44,1.7590955400143164,3.6431420009845095,2.49689484054888,4.207147287931799,46.60563234024716,48.23633627651948,6525.187
B0039,30,76,44,1.7560495443976523,3.6420393576004138,2.465533668800099,4.204165409407158,46.62474216211915,48.268194411694395,6515.938
B0039,31,78,44,1.7571677199949287,3.6405822186622365,2.487866062972102,4.206316214831835,46.6386326424737,48.25892855404056,6532.015
B0039,32,80,44,1.7558911269459976,3.640101281169697,2.480376897645346,4.20729233602744,46.62408082494751,48.27406092264485,6527.922
B0039,33,82,44,1.7533419072229914,3.6389138404319192,2.4235129554433494,4.207400407989978,46.6573959514452,48.37743085469793,6519.328
B0039,34,84,44,1.7506673845335168,3.6390963886375602,2.4421166575524973,4.207172779835573,46.69850634609825,48.34229218799801,6510.063
B0039,35,88,44,1.7510006664162403,3.639310178523211,2.48916723023537,4.203796739473216,46.70366699259687,48.35205523072366,6501.718
B0039,36,90,44,1.7496058853847873,3.6382966465278597,2.486277943958813,4.207405098710311,46.69858207228199,48.36227474052515,6509.047
B0039,37,92,44,1.7477359172183355,3.6368192187368806,2.4621592876012923,4.2069497463433745,46.68478011498361,48.39407566049798,6502.438
B0039,38,94,44,1.7444225468099093,3.634846725471178,2.419307605326947,4.20717367641765,46.691631182155156,48.40712816602448,6502.047
B0039,39,96,44,1.743308366083936,3.635905813888798,2.498091152649448,4.206902271296153,46.752413955353425,48.476824345274245,6498.86
B0039,40,100,44,1.6556691733888471,3.470841442961561,2.4729033909981424,4.196674813894532,49.300859599002976,52.90221489344579,3162.047
B0039,41,104,44,1.64297669457593,3.4717307267626065,2.482404434239833,4.204257320385259,49.34643167372232,53.04880173105535,3173.141
B0039,42,106,44,1.6343822729361266,3.470065952813119,2.4529055944220666,4.206474730273981,49.35236153077406,53.017440171542674,3169.844
B0039,43,108,44,1.6265067062165601,3.468937839466871,2.442965370421763,4.206865048530781,49.34646841409122,53.07430485716129,3156.563
B0039,44,110,44,1.618865991735961,3.468115577491925,2.450251182214539,4.206889463177472,49.35565140520816,53.15177003577248,3155.047
B0039,45,112,44,1.6114968339209264,3.467077155738093,2.447037438010891,4.206575007421019,49.368284273788476,53.01718592680281,3142.312
B0039,46,116,44,1.3240805773461226,3.2199500199575746,2.4740907394153795,4.189178895374635,55.97390404609549,63.94078057196598,1485.047
B0039,47,120,44,1.3153386221697692,3.22661988786129,2.442276380666166,4.204083091786472,55.95647115817562,64.14381595669508,1489.313
B0040,1,0,24,0.6734628137095633,3.2570770872838057,2.689034363728547,4.068028641979544,34.520854008155766,40.67740211970284,982.938
B0040,2,4,24,0.7913062105760345,3.435168668765134,2.6944224499802396,4.181329419378459,34.02922924081149,41.121867004450536,1489.953
B0040,3,6,24,0.7865824034601745,3.4309758033508495,2.6769978869674524,4.182169713231169,34.012090723638956,41.63283156392668,1479.703
B0040,4,8,24,0.7795871426061582,3.4348636528845424,2.675172001926867,4.1821186375364,33.978388906178346,41.715752737182754,1468.172
B0040,5,10,24,0.7628241523125163,3.445308801417867,2.69268420954805,4.181769825430115,33.83721613724266,41.61695629052659,1457.0
B0040,6,12,24,0.7405021514606399,3.458759767508341,2.695919341909784,4.181957861733809,33.67935609685469,40.41568117134027,1437.047
B0040,7,16,24,0.7783970881100656,3.344897364124835,2.6973035934049494,4.177687640263026,34.856675647434145,41.6427020562054,1170.531
B0040,8,20,24,0.7733165409025605,3.435394313904374,2.680482862570943,4.181217465945281,33.93437846177736,41.666127528934624,1436.141
B0040,9,22,24,0.7589575236409498,3.4407328862516335,2.6867581507978358,4.182275640250018,33.87341008861747,41.55823578501682,1420.172
B0040,10,24,24,0.7407399462256391,3.4424940628831777,2.674688015022009,4.181827468882669,33.801632457231946,41.25451200429936,1397.0
B0040,11,26,24,0.7446218752617147,3.4441875855764166,2.686289969564933,4.181567286734688,33.841214598826475,40.054637074465475,1393.25
B0040,12,28,24,0.7149875629820736,3.458256040593686,2.6945279873006065,4.181983804533861,33.68915739169769,40.76452850374992,1380.938
B0040,13,32,44,1.7075144448533202,3.624872673514505,2.682915069119874,4.175387518911088,44.27504698193625,47.459255426003025,6375.828
B0040,14,36,44,1.730880859428193,3.6219123150772736,2.6893633842231073,4.183371957728605,46.496780020843715,47.733284854985534,6574.671
B0040,15,38,44,1.7328212845233328,3.621615017492515,2.663011590614207,4.185403574589526,46.4678468881245,47.68533526444168,6571.156000000003
B0040,16,40,44,1.7317734323431513,3.622864388629409,2.6936866986118786,4.185139783184118,46.45190241544343,47.67231335727975,6569.11
B0040,17,42,44,1.7341296392350067,3.6220494199910203,2.644136217828117,4.185518450705473,46.440231939332925,47.70025798751115,6558.75
B0040,18,44,44,1.7334756929990074,3.622162963654601,2.6743889241293513,4.185427919430507,46.465222077063906,47.70250785089967,6567.516
B0040,19,48,44,1.7243057179457875,3.629361907913309,2.6812131139529,4.1761905648713675,46.49072067213048,47.775675904382155,6430.172
B0040,20,52,44,1.7318975861687205,3.6234871903936696,2.6999262584848243,4.182711714289401,46.47888431603475,47.68448077336878,6554.327999999994
B0040,21,54,44,1.7333691208377457,3.6222932883799372,2.6709504481448794,4.185107481198763,46.45480276183313,47.66868390973605,6560.922
B0040,22,56,44,1.732175650153278,3.622128684193048,2.677767553221005,4.185322736341408,46.423098338329766,47.63553822379171,6559.047
B0040,23,58,44,1.7334832776102866,3.6212784001178204,2.6464594317551624,4.185286474015191,46.417883981463206,47.64097688926351,6553.781
B0040,24,60,44,1.732372495746513,3.6222214851987244,2.654408689336339,4.185544800435261,46.41962937983974,47.676606958578276,6540.187
B0040,25,64,44,1.7338175297202416,3.621600293236707,2.6386466599890395,4.182805883908282,46.437216774742105,47.670062907549664,6535.922
B0040,26,66,44,1.7329630786357868,3.621303558836112,2.650918288963567,4.184959782592119,46.440515516123355,47.67504818462313,6544.078
B0040,27,68,44,1.7318839084573339,3.6217314334668362,2.6471595195723987,4.184990348881109,46.438246093452804,47.662264804076635,6531.187
B0040,28,70,44,1.7306960059812662,3.6224802575418096,2.669669356026842,4.1849433685502655,46.419799968945064,47.65776484346084,6528.562
B0040,29,72,44,1.7296011601947467,3.6227913336348077,2.6833023579431665,4.184970988659253,46.41925960985013,47.65588226485245,6525.187
B0040,30,76,44,1.7296187381064656,3.6219039988656228,2.664835318499988,4.182014111969684,46.442880190211326,47.68924379895171,6515.938
B0040,31,78,44,1.7307198617163877,3.6231487093600996,2.695190974478952,4.185325352263018,46.455010751151,47.68013294716548,6532.015
B0040,32,80,44,1.729274556175907,3.620727454558004,2.659441128426158,4.18476201200528,46.42899601057106,47.69683888709109,6527.922
B0040,33,82,44,1.7297962212599596,3.620851281939705,2.645724055946119,4.184831315830137,46.44608315517329,47.68346890250753,6519.328
B0040,34,84,44,1.7268942069037494,3.6223530356435982,2.686333486141192,4.184646274630554,46.477279245422224,47.72656082449746,6510.063
B0040,35,88,44,1.7272191689306016,3.621799074855713,2.67226557137279,4.182435522794885,46.50566493668475,47.7336433887077,6501.718
B0040,36,90,44,1.7285674981160106,3.620827200366945,2.6426430588133014,4.184925895802646,46.489529302216496,47.73354479118836,6509.047
B0040,37,92,44,1.726636381605547,3.6206286090197306,2.6490836320353925,4.184718733685154,46.47422502580763,47.74132595782936,6502.438
B0040,38,94,44,1.7262424141835067,3.620461858040284,2.65252579490315,4.1846888191470475,46.467598009037445,47.737403270809644,6502.047
B0040,39,96,44,1.7252725927602899,3.6207850957418692,2.6675427612038987,4.184286661063821,46.50711933936233,47.780084445812335,6498.86
B0040,40,100,44,1.6668026877455053,3.4599911073457075,2.6781395492001447,4.176406009176324,48.821116047310866,51.74025766413764,3162.047
B0040,41,104,44,1.666754853762041,3.459413541721385,2.6375556284574677,4.182388453906596,48.862739172817825,51.80596353207629,3173.141
B0040,42,106,44,1.6583274448761054,3.4606411813742883,2.654677503869026,4.184674961031428,48.859668212563015,51.79140734732303,3169.844
B0040,43,108,44,1.65032263550715,3.4619795504624093,2.6785586854358763,4.184986819959415,48.84759659003841,51.7543308845732,3156.563
B0040,44,110,44,1.6493406341242296,3.4582381856512225,2.619691419158041,4.184706989313181,48.86015453747502,51.86320043661648,3155.047
B0040,45,112,44,1.641919055037739,3.460434749861773,2.6631019561941023,4.184343189730703,48.85593683732135,51.81917888349145,3142.312
B0040,46,116,44,0.425812451177779,3.7482973521924325,1.7489828090032307,4.168100705327105,49.04132294442338,53.95646661253941,1485.047
B0040,47,120,44,0.5569902643736575,3.653849277043623,2.5354681123911122,4.1824060069381375,50.17313973556242,55.67880428959517,1489.313
B0041,1,0,4,0.055620243768194036,4.033096790443365,1.9487619326826215,4.18729715087111,7.85677103517608,9.925006929139913,1063.609
B0041,2,3,4,0.05569747261227687,4.014033100816979,1.9012002130732606,4.1926577100385645,7.793067309492065,10.752582877071836,1067.641
B0041,3,5,4,0.05583901629185397,4.039068503173861,1.964899016000036,4.191826198838155,7.471857159027487,10.859754872978824,1048.687
B0041,4,7,4,0.056148059974053,4.035518711643437,1.9253389098858817,4.192086560129419,7.8427380417497545,10.755318068306904,1039.984
B0041,5,9,4,0.05647053159913906,3.980423400468268,1.9131372213178368,4.192301938512631,8.729861757639965,10.897588103290213,687.328
B0041,6,11,4,0.044092291840801906,4.032988865305357,1.8627826858792498,4.193625714514964,7.667746337954232,9.341307040097297,1047.531
B0041,7,15,4,0.05677191308141789,4.033685949693059,1.9143969587004501,4.19119960945764,7.7591749084721195,10.393349980789248,1038.375
B0041,8,17,4,0.056938376500757296,4.032799639644717,1.8935647470508339,4.192541976485373,7.595487830652279,10.096648262126735,1030.703
B0041,9,19,4,0.04440148411312257,4.024475259565998,1.839446966520227,4.191749338859155,8.243992753511499,10.90616342735489,1010.765
B0041,10,21,4,0.04463435818491618,4.057419271798581,1.976983963738619,4.192711269669948,7.468945958924572,8.568134800681483,1025.719
B0041,11,23,4,0.04479872243657484,4.0272103363763785,1.873021814547241,4.191685049461782,7.530653071201209,10.723989411834728,1016.859
B0041,12,27,4,0.04670898780785478,4.050486744587676,1.9477419384591268,4.191473973303783,7.508014036482144,10.069265727154304,1021.079
B0041,13,29,4,0.04495371533089529,4.0253168657448795,1.848331298599493,4.19266348713535,7.7964600722995465,11.678125966059154,1010.562
B0041,14,31,4,0.045219329019542696,4.052602606442854,1.9596888390790306,4.191170886079178,7.8034524490998285,10.184555541046695,1003.313
B0041,15,33,4,0.04540222414694979,4.05448270357176,1.9992324205815248,4.191474565768196,7.338169121535551,10.778359079693514,1006.187
B0041,16,35,4,0.04567901224974174,4.049754413243471,1.9251333188603235,4.1914127894156605,7.996082185455724,10.339342995308634,996.765
B0041,17,39,4,0.04552080257033988,4.05160764529163,1.9740055332079238,4.190379159747539,7.616516148546487,11.13650452054683,999.422
B0041,18,41,4,0.045728541460242564,4.046009584492231,1.8695092344510635,4.192073381143846,8.204866825805862,9.695569312291523,990.234
B0041,19,43,4,0.045860512192502,3.9895918681265607,1.9264050760509093,4.1904893432927715,8.60158441430347,10.5100184115379,608.953
B0041,20,45,4,0.045983556030275076,3.985571015537921,1.9303413820598547,4.192034113238024,8.142046999932631,10.61900706852965,586.719
B0041,21,47,4,0.04612876296673401,3.980535614492745,1.9192879295943026,4.191331438635326,8.360837093570488,10.81117656025071,575.922
B0041,22,51,4,0.0463714545530443,4.044423526176633,1.8958889997737756,4.183657953138958,7.424942900733046,8.406830339250588,1050.406
B0041,23,55,4,0.04642385425314327,4.046519260018804,1.8503922251966067,4.190189952777753,7.9013472750820934,9.345446470246115,1040.75
B0041,24,57,4,0.046579469530564604,4.0486772026987,1.9189577261874917,4.19007809729293,7.528844792233565,10.959408995323104,1019.125
B0041,25,59,4,0.04672600894839656,3.987337891451254,1.8900554775200376,4.190880582293337,8.9516558822886,10.83821929996881,618.844
B0041,26,61,4,0.046863472432443716,4.044136561678348,1.8174460639575951,4.191090626108922,8.178079824357086,9.713734913231036,1039.547
B0041,27,63,4,0.047123070484888584,4.04413456868279,1.8839750015583074,4.189832720082945,7.858156748807482,11.338971542207569,1004.328
B0041,28,67,4,0.047089685801538064,4.043477180478885,1.8734696416805767,4.190041335900519,7.290664996377678,8.874610339188825,1005.75
B0041,29,69,4,0.04716816990682447,4.04227054005478,1.886110144063044,4.189984813034986,7.329912113720836,10.892975819528624,995.797
B0041,30,71,4,0.047416623395846624,4.040909605277031,1.8739632417811318,4.189413584762128,7.554859379508905,9.921480417012175,998.921
B0041,31,73,4,0.04747365818614322,4.034959849871617,1.8016696485993338,4.1899380782665405,7.849809440149771,9.340703602759723,989.141
B0041,32,75,4,0.04767107168829607,4.036614663983007,1.8542865324237547,4.189327989081172,7.70135529903965,10.415323507314886,979.203
B0041,33,79,4,0.04775614866793622,4.037642497951333,1.843811769338875,4.189084331721328,7.894047750295666,10.395152109274877,994.031
B0041,34,81,4,0.04783369052905227,4.034094593369476,1.8387012636266087,4.189241659101563,8.037186019526875,11.381000616023893,971.516
B0041,35,83,4,0.047922817158937946,4.012161986962798,1.839823604952559,4.189006943800672,7.949369169721323,11.200598645773905,810.563
B0041,36,85,4,0.048108024971614455,3.9650186584361826,1.811117308582499,4.189396334961549,9.047225819573063,10.936042652403566,599.047
B0041,37,87,4,0.04808782735825877,3.340751046871069,1.750577605139322,4.189766782198294,6.867303793453594,9.652988520428657,109.078
B0041,38,91,4,0.04842261926326617,3.376535267030834,1.7948775590357675,4.1899278595155955,7.376798555753924,9.298616166335734,109.17099999999999
B0041,39,93,4,0.04798649525462829,3.516920360081993,1.975138784399138,4.191983739835927,6.443867741135219,8.441835425382303,96.484
B0041,40,95,4,0.04822175200495124,3.356583779630796,1.7728949542450014,4.192299139301579,8.159447293088878,10.811071564713467,109.094
B0041,41,97,4,0.04787731566765343,3.506509095784585,1.9302106494417557,4.193421662600735,5.5290205453691215,7.830975218816948,96.906
B0041,42,99,4,0.04829032055579415,3.5159000773941735,1.9650910927147995,4.193648125269162,7.124961498497141,9.120173569834156,97.015
B0041,43,103,4,1.2156494086360898,3.3112454225976364,1.9984945380049617,4.146039771927649,9.154846882609299,14.806765885071044,5608.781
B0041,44,107,4,1.1476416320946565,3.3541760641303275,1.9980483774045472,4.165360918422926,8.881539906101905,13.99744937533934,5703.296
B0041,45,109,4,1.1194574527298193,3.3570606628058544,1.969259944196061,4.187489255858448,8.750669611128531,14.356275659290002,5668.032
B0041,46,111,4,1.0841325641850128,3.360601023233454,1.9711826686049976,4.186438859109176,8.86215516188506,14.518586105925962,5634.047
B0041,47,113,4,1.0607784232892656,3.376453566741124,1.992456853950006,4.1865714064230355,8.671218071184748,12.628628797798616,5582.375
B0041,48,115,4,1.0170312865626592,3.3670420302190878,1.9860813942080053,4.187026822244992,8.757399436040695,14.249076739876307,5567.329
B0041,49,119,4,1.0000374999808574,3.364330094542419,1.9641170559105665,4.163770340966965,8.639658664137915,13.400963787224587,5528.453
B0041,50,121,4,0.991506494786248,3.3751162200711295,1.9738816345942323,4.187200947787786,8.65548107609068,13.143596987494343,5513.39
B0041,51,123,4,0.9655644425371017,3.3621759630641312,1.96202217374659,4.186784389157799,8.759984675272241,14.777209247015291,5486.187
B0041,52,125,4,0.9383311962439673,3.368210631607209,1.9654140118768377,4.186125026049552,8.830297151200996,14.304402604245366,5461.922
B0041,53,127,4,0.9298903389240268,3.370853913355754,1.9863126768890387,4.186746028379296,8.799768115250679,14.331273599738246,5438.157
B0041,54,131,4,0.9072117399448598,3.3581793261108124,1.9630747982406382,4.163158535852763,8.745105198865453,14.563719307573445,5402.875
B0041,55,133,4,0.9176870676937323,3.37598164284238,1.9779431503032714,4.186772472927074,8.946917298516645,13.829855263617011,5384.438
B0041,56,135,4,0.9157430721963028,3.375216189144452,1.9639398858129093,4.186831658425379,9.040543925569377,13.737164003906683,5344.859
B0041,57,137,4,0.9111662690050432,3.378276210248986,1.9702983324374248,4.186655518987532,8.532733645586704,12.81091218035467,5305.156
B0041,58,139,4,0.8968901443572698,3.3576825497066554,1.9730383300739132,4.18742749688236,8.782675041661408,14.671197747849568,5284.547
B0041,59,143,4,0.8862133472800153,3.372443445163586,1.9838761544280692,4.162787419492519,8.560357801003482,13.038382746716444,5267.843
B0041,60,145,4,0.8931124136187014,3.3616482008091766,1.9788346452939312,4.187165554713402,8.764133478033603,13.714494392375379,5229.688
B0041,61,147,4,0.880898507091054,3.355787384613788,1.9814002802204322,4.187045396695641,8.765404824218605,14.575589138075149,5206.954
B0041,62,149,4,0.8798879382023741,3.3727607964555295,1.9709138772975623,4.186293612544601,8.755093905294753,13.067203225526347,5179.062
B0041,63,151,4,0.8682347537115443,3.3509928631825083,1.963309434324626,4.187093036345873,8.893802155578395,14.838581695723233,5144.109
B0041,64,155,4,0.8443569490395516,3.3532732844068915,1.969632856814267,4.1622764650624795,8.81827276383748,14.14400886283852,5142.891
B0041,65,157,4,0.8657093203148538,3.3628002392609977,1.9745500537070804,4.186536627382842,8.817889726396931,13.627764711730384,5109.734
B0041,66,159,4,0.848696904019178,3.3571560938046225,1.9757714925691652,4.186463574636571,8.813349159884925,13.996072333026769,5078.937
B0041,67,161,4,0.8364948433646345,3.353212474513757,1.9845398354520498,4.186593388980786,8.798028132789177,14.227945473001952,5051.672
B0042,1,2,22,1.7287126633755356,3.4614155612128847,2.129158438168119,4.186140431282269,30.57466734048236,36.717449850963185,3360.922
B0042,2,4,22,1.7314706281853145,3.4852386922159138,2.1712317301519577,4.187001880186287,29.95773352180402,35.70113647811508,3289.406
B0042,3,6,22,1.7282350363146088,3.488650146996854,2.0952902803723332,4.187021318592124,29.657371849977196,35.604456217007545,3244.797
B0042,4,8,22,1.720344742291621,3.4946031502677606,2.1366970037230573,4.186893543931745,29.58111945436258,35.76285352997919,3211.438
B0042,5,10,22,1.7221734367707637,3.5041466859903747,2.168073033459323,4.187506351946306,29.852452033753185,36.007677297437105,3175.594
B0042,6,14,22,0.0,3.5813916541827884,3.3813406435619986,4.182774174856053,29.44940696187815,33.431937420119205,2646.625
B0042,7,16,22,1.708669577331945,3.511927235956774,2.139145470034486,4.186160728297307,30.133153080135422,36.26317829568585,3121.672
B0042,8,18,22,1.7036476485918646,3.509889497883845,2.0578186631112567,4.185572306171051,29.740453708978055,35.7623078299739,3102.937
B0042,9,20,22,1.6958375743577971,3.508503301766948,2.0659696365057045,4.185230831091511,29.503354124651093,35.6522927277619,3089.437
B0042,10,22,22,1.6949064846676911,3.5093738486555153,2.1287000635251876,4.185842765241663,29.324509292718897,35.46408341742395,3077.75
B0042,11,26,22,1.6874768094352455,3.5046118772654107,2.0313187007109774,4.181929749098425,29.22569193760115,35.57686579319408,3074.875
B0042,12,28,22,1.685989172917945,3.5095049490219243,2.1649043558777703,4.185220171197086,29.238210532728655,35.388257294125744,3061.891
B0042,13,30,22,1.6782864747774933,3.505007993364287,2.0349571700229223,4.185080917700821,29.20609205353922,35.480764002425865,3058.469
B0042,14,32,22,1.6739647640901527,3.508074728787427,2.181544114739576,4.184485186999273,29.183920322474094,35.44318242068533,3040.75
B0042,15,34,22,1.6722378801237066,3.505745200469688,2.113769860085841,4.1847915856010305,29.153714127894734,35.53526888191109,3037.641
B0042,16,38,22,1.6759897900491967,3.5048985290607786,2.098421577709346,4.184774909668599,29.10632507144163,35.63389752973798,3044.828
B0042,17,40,22,1.6618247672847988,3.5020910209596536,2.037616415551784,4.183886479555269,29.126742424015156,35.59922975777694,3030.25
B0042,18,42,22,1.6606710352566112,3.5056874475759354,2.187174985653482,4.185135902762495,29.11535255703125,35.43687423276839,3017.578
B0042,19,44,22,1.6530644874507203,3.501789524982507,2.072733153164181,4.1851821245426,29.12272547212756,35.61618852753751,3015.0
B0042,20,46,22,1.649953986270456,3.5025833976800564,2.153538168709435,4.1837159565353605,29.13774561916092,35.607533152172905,2999.454
B0042,21,50,22,1.681297805444492,3.5037983873679237,2.0832977472531726,4.180907860399083,29.35747712988229,35.78017086282214,3054.859
B0042,22,54,22,1.6700520424481298,3.512523395065813,2.199482829433638,4.1839131722082135,30.058298726634376,36.29735151754127,3034.875
B0042,23,56,22,1.667181860354792,3.509324438333478,2.053610599291471,4.186499199755687,30.335552136245834,36.77407258413331,3030.0
B0042,24,58,22,1.6568865613275168,3.507216525411572,2.0842633816547624,4.185720302344454,30.22790176989086,36.689880841645596,3011.781
B0042,25,60,22,1.6449819446579936,3.5055185795629873,2.1599889328107214,4.183888714545253,30.04068826163031,36.474588298798025,2990.25
B0042,26,62,22,1.639214585000014,3.5041328171645443,2.1678081694534352,4.18402917199016,29.995148407588697,36.537300845099665,2980.234
B0042,27,66,22,1.6410599890208055,3.500597395262485,2.0092759412003707,4.1826825462923845,30.299545316589416,36.91332213005366,2994.844
B0042,28,68,22,1.6432696512198481,3.5042529973432037,2.0586265993400703,4.1858935294796344,30.68092451180232,37.19792815636057,2987.672
B0042,29,70,22,1.6298673102402295,3.501278659398817,2.043267705708337,4.185186392104773,30.663435287795615,37.30788971906059,2975.1100000000006
B0042,30,72,22,1.6238536344658807,3.501431066556208,2.1921151659229676,4.184091250625792,30.40848004603748,36.91850317978018,2953.219
B0042,31,74,22,1.6186308887044174,3.4934993616796306,2.009457332273357,4.185322505991986,30.239404481904074,37.047150483309736,2955.484
B0042,32,78,22,1.6193418112441196,3.491928488990642,2.022898050960585,4.184033603294302,30.138707501965232,37.11898525927804,2957.016
B0042,33,80,22,1.614593271326993,3.4957274527798257,2.0786601580627257,4.186164958491378,30.49092272629849,37.20592886199134,2948.219
B0042,34,82,22,1.6072040891927848,3.4919326250007057,2.0245603644426806,4.18461988628569,30.52916769412123,37.368553487110155,2935.5
B0042,35,84,22,1.6012663590062357,3.4900059195673445,2.1378818450405794,4.184040894709915,30.179619049814637,36.95276259711366,2913.797000000006
B0042,36,86,22,1.5940407410631041,3.487760577211602,2.1834760399486535,4.184856050801538,29.93310245467766,36.815592394057184,2900.703
B0042,37,90,22,1.5946888289374477,3.4820338003810947,2.0156684625826635,4.183683003795162,29.855112852408766,36.96422627426333,2914.031
B0042,38,92,22,1.5882100957302596,3.4857768989088593,2.0632481862122884,4.184611325870051,30.257387669276046,37.23035953747147,2901.968
B0042,39,94,22,1.587985558077698,3.484962036012865,1.9973214087149431,4.185413957037178,30.562785800580222,37.46832272742832,2901.734
B0042,40,96,22,1.5799165406650344,3.4839596946536755,2.040034213071634,4.184723241072492,30.59004134732037,37.650592081498104,2887.407
B0042,41,98,22,1.5655946193652834,3.479594890613384,2.11763338483894,4.182701394192162,30.190272809188617,37.16199226931662,2861.937
B0042,42,102,4,0.07070127737340176,2.7052764231784736,2.166646513631925,4.181775825418943,24.183402923813027,36.86635295736364,1055.25
B0042,43,106,4,0.08416878530139071,2.679525148874618,2.1499182639223604,4.178606054628232,23.826987359225914,38.12553242159685,1012.187
B0042,44,108,4,0.08443785621465827,2.6791157950874176,2.1626004782242956,4.187711795130632,23.77974968565753,38.33981699002702,991.172
B0042,45,110,4,0.08478919060590338,2.671214412999543,2.174009268733748,4.188160354925031,23.729074463498662,37.77196459678644,982.094
B0042,46,112,4,0.09334258183442584,2.691575483192303,2.1861984912538444,4.147325113187213,24.093822128089528,36.82466507220515,1063.609
B0042,47,115,4,0.10603180131397782,2.6739113004169983,2.1758569457027304,4.178007633870366,23.99346261249294,38.55810679258891,1067.641
B0042,48,117,4,0.106505866207118,2.674532494466212,2.1928857082631903,4.187777600667363,24.134267829139272,38.71410921886447,1048.687
B0042,49,119,4,0.09439111585512952,2.672674327169749,2.1962120524397566,4.187801760321389,24.399198659580694,38.82770605774448,1039.984
B0042,50,121,4,0.09450595927387112,2.795919785016863,2.177441070098024,4.187724346556428,19.290333517015608,28.576587463983174,687.328
B0042,51,123,4,0.08211456108215626,2.647432949750048,2.1475982200987445,4.184585351637899,24.880141621063864,39.82101597656743,1047.531
B0042,52,127,4,0.09518470631946747,2.650103128820241,2.1889636369151995,4.174370629404978,24.484790248053308,39.40691039052945,1038.375
B0042,53,129,4,0.09539129998659052,2.6386351740397065,2.1591530449897105,4.187149567075233,24.324380281877854,39.34611379625948,1030.703
B0042,54,131,4,0.08289664565854568,2.641516205964566,2.1872998670546773,4.186990272639876,24.31173812149945,37.81632351305823,1010.765
B0042,55,133,4,0.08343199036452603,2.6361490952131295,2.1645340110741715,4.187147788668544,24.798155128694976,39.87139328791911,1025.719
B0042,56,135,4,0.09624772156495698,2.6207075351068374,2.1770285343272047,4.18639765148157,24.477937441374635,39.50565821587436,1016.859
B0042,57,139,4,0.0871279249656989,2.609437196185719,2.141111284495936,4.171541055891453,24.426888204419104,38.61632478517865,1021.079
B0042,58,141,4,0.09681912182757578,2.6133279392952935,2.169659057289744,4.185612994515991,24.529804368213707,39.5809379115645,1010.562
B0042,59,143,4,0.08440054891345107,2.6084761921076955,2.181654361966916,4.185815228961297,24.521420210496924,38.80523939319278,1003.313
B0042,60,145,4,0.09770121716674529,2.602763654326182,2.152597184317211,4.185190800042781,24.626500323697712,39.65831560799121,1006.187
B0042,61,147,4,0.08517426476572666,2.5909779927483028,2.1543073222809688,4.185054518834841,24.561944088587065,38.948661840205986,996.765
B0042,62,151,4,0.08471993544879124,2.5818616349209504,2.177098848593695,4.168001002398225,24.349376846518034,39.202440143533465,999.422
B0042,63,153,4,0.08548836969893649,2.5894657078700765,2.1860372690383523,4.184494029120111,24.83962802826491,39.957340694247904,990.234
B0042,64,155,4,0.08577749933433501,2.74324665969125,2.1515100073583078,4.184245249283899,18.66421642737719,27.779193601334228,608.953
B0042,65,157,4,0.08595553255245832,2.7253834676969557,2.186039852986656,4.188328512345139,18.036688378070966,28.172175880273606,586.719
B0042,66,159,4,0.08614796979658328,2.719690012340044,2.194439659521147,4.183150067115272,18.05907472602224,28.019806483186763,575.922
B0042,67,163,4,0.08652450808993331,2.615760645023181,2.1996590897894817,4.146111713893696,24.765477730551947,39.575497528042895,1050.406
B0042,68,167,4,0.08676036428685732,2.5894472814365503,2.1361070306368717,4.168085841455298,25.247650848522692,40.52562745153084,1040.75
B0042,69,169,4,0.08662025389371077,2.5730668910828003,2.1419779252621813,4.183024595509789,24.850317398468412,39.732594757918605,1019.125
B0042,70,171,4,0.0869802394927499,2.7401588017218352,2.1988863560155885,4.183194814686632,18.864531156596232,28.137335489275593,618.844
B0042,71,173,4,0.07387787113473963,2.5703065006615917,2.122954770697664,4.187955458211665,25.750153086607327,40.647285732276394,1039.547
B0042,72,175,4,0.08775865702231889,2.554774172450461,2.152849839303629,4.182683957990996,25.210180888220314,40.39876505346307,1004.328
B0042,73,179,4,0.08790576300272998,2.569770688194377,2.196522899315092,4.162514481062673,25.400612986280134,40.90163609300309,1005.75
B0042,74,181,4,0.08808784882200178,2.5650203867450827,2.197996842344396,4.182351033163065,25.47246500800018,41.18900895779625,995.797
B0042,75,183,4,0.08834250268158712,2.5498903733729468,2.1297135396833,4.18217351248383,25.7066698253335,41.34432689728045,998.921
B0042,76,185,4,0.07463055332745072,2.541309292458781,2.167460006041706,4.182212563987984,25.73079046383608,41.46126781944402,989.141
B0042,77,187,4,0.07485698665122698,2.532211294556467,2.188428099048639,4.182029042319134,25.610151874322735,41.26138545585116,979.203
B0042,78,191,4,0.07527573643141765,2.5336398931006547,2.1364927300394707,4.1594358105794,25.871001272619925,41.67057172451578,994.031
B0042,79,193,4,0.07532351860488727,2.5300104336765603,2.191166300272401,4.181389260665308,25.600970602838455,41.186747771669836,971.516
B0042,80,195,4,0.07553765302367196,2.5687661609629626,2.1913163423875845,4.1811310594098385,22.972831047751573,36.899850438855346,810.563
B0042,81,197,4,0.07584285606128259,2.6667675405848916,2.1777089403180425,4.183136931480622,19.739623944709617,29.79153666326944,599.047
B0042,82,199,4,0.0759921803489148,3.1051211862160657,2.1316975124246333,4.186858423852253,6.0573358126113375,9.15118085083689,109.078
B0042,83,203,4,0.07621652609591999,3.133556616526209,2.1969934922661687,4.173229464797026,6.452306826213871,8.639171556267463,109.17099999999999
B0042,84,205,4,0.06216923141552526,3.175407439924743,2.1767041905630014,4.182309477232018,5.8829411130714435,8.36040279366827,96.484
B0042,85,207,4,0.0759822277461493,3.102016459243783,2.137070814591814,4.179128534299532,7.141415346306763,10.13355592147926,109.094
B0042,86,209,4,0.06227013548943564,3.1454428736631384,2.082550981383133,4.181278186068862,4.976092805264432,7.825436879589506,96.906
B0042,87,211,4,0.06259446608798445,3.1652602154514007,2.144385419639702,4.180985964629633,6.411857494253951,8.862063004604039,97.015
B0042,88,215,4,1.4377344766079456,3.375833171038118,2.1679616860507585,4.091725418867881,8.336150156814936,12.075623262738652,5608.781
B0042,89,219,4,1.5246019289244055,3.4250125349211604,2.1808501795778437,4.159841572444575,8.088311260303593,11.61044167945082,5703.296
B0042,90,221,4,1.5215273965539478,3.427812476893316,2.148712088809679,4.180350451491815,8.108636077883194,12.416393344856289,5668.032
B0042,91,223,4,1.5155323631175952,3.4260236276092266,2.126630218048744,4.180484652340476,8.179473273978417,12.741907914911504,5634.047
B0042,92,225,4,1.5044249661534554,3.427137964017458,2.177720591678305,4.179828984428225,8.133323147997125,11.812176644627149,5582.375
B0042,93,227,4,1.5001507149498807,3.4224753028837007,2.1738551413791023,4.179688473119865,8.221548017024785,12.77319183354637,5567.329
B0042,94,231,4,1.489011227320312,3.4137666152192327,2.1739453453589515,4.156718320546126,8.196033184015114,11.714847602816855,5528.453
B0042,95,233,4,1.4810149357562845,3.415284661394718,2.1496986936751377,4.179126280631904,8.16363192494008,11.58953853216132,5513.39
B0042,96,235,4,1.476262027748574,3.411339830211172,2.1308714510516316,4.178321190076967,8.182297960881899,12.228023164640563,5486.187
B0042,97,237,4,1.4662551025438961,3.406171736681637,2.1249846428522594,4.177914160605347,8.239851195999249,12.995413081963957,5461.922
B0042,98,239,4,1.4593282593817019,3.404061107280645,2.124079082604729,4.177668141485771,8.314381068196377,13.00690019959285,5438.157
B0042,99,243,4,1.445704157754381,3.3920891926927386,2.157698091133544,4.153042890139087,8.203300249486228,13.003396618491456,5402.875
B0042,100,245,4,1.4400686089389023,3.3962072676781316,2.128860427750212,4.176783274878805,8.252382764570392,12.802739574235913,5384.438
B0042,101,247,4,1.4290313659547842,3.395827065629725,2.162828573021361,4.176835821672092,8.247452041994245,12.748426837127603,5344.859
B0042,102,249,4,1.414172188151386,3.3924931276502397,2.1882897882574714,4.1765571620332524,8.179356055314594,12.453422458173545,5305.156
B0042,103,251,4,1.415603079129078,3.389283502389414,2.1285029465259013,4.1766999837334025,8.33800631225338,12.169150023943399,5284.547
B0042,104,255,4,1.3994410223300702,3.377876069069322,2.158726692822152,4.150196439454072,8.293330795902381,12.726444405331803,5267.843
B0042,105,257,4,1.3959635285794907,3.386987302997725,2.1998128745691083,4.175707583064406,8.373136255476883,12.125723483812017,5229.688
B0042,106,259,4,1.3929784652630588,3.3829130588839496,2.1540885607694915,4.176508363415245,8.329037453715973,12.113502869241639,5206.954
B0042,107,261,4,1.3740772023800918,3.3774651407729346,2.159795216779738,4.175329405348679,8.396128944133206,12.960410174687055,5179.062
B0042,108,263,4,1.3752493030002435,3.3780934843236405,2.185043715780537,4.1751813693585715,8.43692173445999,12.426232816501301,5144.109
B0042,109,267,4,1.3671966130854505,3.364163079749717,2.1784898920030544,4.147372136171002,8.419794670115083,13.217541890864759,5142.891
B0042,110,269,4,1.356887600783644,3.3705853863809336,2.189853076065801,4.174822480867543,8.409805733876953,13.047668558877342,5109.734
B0042,111,271,4,1.3449320225969348,3.366371835007897,2.169597235193881,4.174669508085626,8.370055044633526,13.073094195785368,5078.937
B0042,112,273,4,1.3374691704584258,3.3609438971566736,2.153907127504055,4.174072805021775,8.33428157906845,13.279102890770861,5051.672
B0043,1,2,22,1.713782642126885,3.475911687674208,2.421307986424623,4.204104775621549,30.907894474048284,36.84241052511593,3360.922
B0043,2,4,22,1.6955681658647108,3.4897388185035,2.4612810169393184,4.2050537738824865,30.363796429604484,36.2511342416132,3289.406
B0043,3,6,22,1.6814906372051954,3.4901234321768033,2.3997609695216755,4.204546702288046,30.07611798184701,36.12855723169499,3244.797
B0043,4,8,22,1.6786372409532953,3.4940185374934947,2.399740066713552,4.204756646870948,30.05896964075817,36.352517880569266,3211.438
B0043,5,10,22,1.6694168550864992,3.5005489873453817,2.3786378834863195,4.204750835132976,30.417149405736243,36.75256708066779,3175.594
B0043,6,14,22,0.0,3.579339612317741,3.3579241790202077,4.2033864964434615,29.92385834200675,34.26334191029433,2646.625
B0043,7,16,22,1.6611938521224778,3.507465391169604,2.416288536712014,4.204901465726193,30.617574721987218,36.83142721849718,3121.672
B0043,8,18,22,1.6506423382064332,3.5054667200956016,2.3791815969853816,4.205123789023272,30.258236869364143,36.54735803665934,3102.937
B0043,9,20,22,1.6424273190907783,3.505146635224542,2.4666546752460183,4.204720843069481,29.936684037867014,36.223678523702304,3089.437
B0043,10,22,22,1.6353664801041328,3.5024428414174498,2.429311406516166,4.204351643955918,29.74762436888935,36.16960256825446,3077.75
B0043,11,26,22,1.633232875930849,3.5007336141613488,2.4024069940444392,4.203254409200642,29.699035458962353,36.19613432531801,3074.875
B0043,12,28,22,1.6258840554387932,3.501947249481621,2.406157541131262,4.204230992986033,29.746622188626663,36.217566438813456,3061.891
B0043,13,30,22,1.617976174654771,3.5002499918856302,2.415785415380386,4.204061240829561,29.642987306218718,36.09047688646367,3058.469
B0043,14,32,22,1.6136652707273988,3.5007698538114447,2.400209592232293,4.204423283955662,29.6639395578783,36.148984496134304,3040.75
B0043,15,34,22,1.605821026619692,3.5004947608560313,2.4374747406672226,4.204490583977483,29.637650852441404,36.15795969792578,3037.641
B0043,16,38,22,1.6033527961961531,3.4961700451758575,2.3865949081957893,4.202477824031488,29.593597067401642,36.16956081888435,3044.828
B0043,17,40,22,1.5951342406182645,3.4993157107183803,2.4489169685849195,4.204489330076927,29.63922727943673,36.13182777424954,3030.25
B0043,18,42,22,1.5878135544728507,3.50080829213355,2.4933649317176108,4.2049536620331756,29.666195384468185,36.12995412374782,3017.578
B0043,19,44,22,1.5800601969084245,3.497552326899387,2.473993010608268,4.204018303566451,29.635949832755518,36.115379230424814,3015.0
B0043,20,46,22,1.575565087879128,3.4969748978677377,2.4568566798816054,4.20390099564762,29.671876354508125,36.260266208231016,2999.454
B0043,21,50,22,1.5950169012164208,3.4931433851686124,2.389783772934692,4.19682124697899,29.993152820136338,36.73407518988127,3054.859
B0043,22,54,22,1.5898075522577595,3.500270597096414,2.3834815017568327,4.202479371762253,30.681276254794994,37.354359945059734,3034.875
B0043,23,56,22,1.5807953202097411,3.5026578112869,2.427559147580718,4.204284851556785,30.871236598447616,37.40944456827136,3030.0
B0043,24,58,22,1.5704333289187615,3.5018704137639554,2.458384607788224,4.20378732342866,30.779999574712413,37.26366414928814,3011.781
B0043,25,60,22,1.5643368431897877,3.4967579517606566,2.394787213470724,4.204330620589128,30.581480715523952,37.270027909781355,2990.25
B0043,26,62,22,1.558307017802491,3.4938467732797593,2.365525236922006,4.2038717516378,30.546605962885614,37.37612563137064,2980.234
B0043,27,66,22,1.5537149289772467,3.498085824975237,2.4742728824322295,4.202475048160179,30.92329503843904,37.57568180724724,2994.844
B0043,28,68,22,1.549528250585513,3.499824440494276,2.4720598546819113,4.203857283529741,31.225884514077716,37.80943515485114,2987.672
B0043,29,70,22,1.5424430535161062,3.4987433448544607,2.4838780206846622,4.203991230539982,31.163201064541546,37.698369730936356,2975.1100000000006
B0043,30,72,22,1.54256227031715,3.496873891743175,2.4291754256355516,4.205957997721127,31.130645067035932,37.67202323454292,2953.219
B0043,31,74,22,1.5309356452520158,3.4895372240361704,2.397532773087188,4.2037856859347436,30.837232735283838,37.5846177818102,2955.484
B0043,32,78,22,1.5247733176952427,3.4871652344467075,2.435189655089205,4.202128090345783,30.641318807832377,37.57163850758581,2957.016
B0043,33,80,22,1.5196742408779502,3.4906015804101496,2.4649257198080514,4.203512527913386,31.01732542847249,37.83811660125229,2948.219
B0043,34,82,22,1.5123696925788683,3.4876146185117345,2.4457109146915506,4.203182025095136,30.93897323974993,37.76120652410461,2935.5
B0043,35,84,22,1.499914486202397,3.4842857075179094,2.4807762094187127,4.202993560256935,30.585360437692227,37.43416840833683,2913.797000000006
B0043,36,86,22,1.4924106271188253,3.4811070895804797,2.482626305221594,4.203399051569862,30.3648233882985,37.31899313705125,2900.703
B0043,37,90,22,1.492624987952706,3.475104459646633,2.397470273055264,4.2008898664224255,30.432401864910737,37.586047363350716,2914.031
B0043,38,92,22,1.4924024018806028,3.4772044059441005,2.370171214445116,4.2034382985534515,30.831835959630617,38.06717620893625,2901.968
B0043,39,94,22,1.4853020201751674,3.4821729368749876,2.4670029904490636,4.203125269256038,31.094991080529404,38.034298138732915,2901.734
B0043,40,96,22,1.477208127101587,3.4803385610467843,2.476788514821077,4.203051054659131,31.038470618761803,37.8850432804777,2887.407
B0043,41,98,22,1.4694738525181406,3.4714831954460226,2.4014857684023228,4.203121514305449,30.652253424171764,37.72173567628911,2861.937
B0043,42,102,4,0.057034391042653794,4.05715902963358,2.4576176811598773,4.199278377795993,7.628394260109583,10.169699784021773,1055.25
B0043,43,106,4,0.0571536334895882,4.049827246639277,2.427637650375664,4.197486385695169,7.4649167649876285,10.073103559906277,1012.187
B0043,44,108,4,0.05729366005937665,4.049066061935538,2.4427831763874552,4.198105245504659,7.503302872635532,9.363713069880482,991.172
B0043,45,110,4,0.05744203185278054,4.044551430084685,2.3604432554634345,4.197970873673746,7.637968852421283,9.49837575629517,982.094
B0043,46,112,4,0.06713062107721124,4.035830307373486,2.381932819122213,4.1944764420212435,7.608951449591351,9.502985965829737,1063.609
B0043,47,115,4,0.06714781920234739,4.044589005651629,2.484673285435373,4.197752247409493,7.076698354969239,8.979535773958249,1067.641
B0043,48,117,4,0.06732001211690299,4.04142282173358,2.4449132183808002,4.198570311408386,7.203287534892745,10.239009824535195,1048.687
B0043,49,119,4,0.06784038051613318,4.038238044394062,2.3975988971956834,4.1988415529393635,7.515405447362731,10.120757638084276,1039.984
B0043,50,121,4,0.06799604927210635,3.9848046527051646,2.3944641668469124,4.199385029561721,8.284967270173246,10.16908687877008,687.328
B0043,51,123,4,0.06828011147886554,4.061944839809303,2.484746371426068,4.198510355333928,6.857064194557378,7.981964148617724,1047.531
B0043,52,127,4,0.06844632943125976,4.0390164727182745,2.439654912409003,4.198662948375451,7.332807580550581,9.506796063481339,1038.375
B0043,53,129,4,0.06851361914788083,4.0361346398417846,2.4090725568197633,4.197798424948824,7.093409222592422,8.947219582076908,1030.703
B0043,54,131,4,0.06887402435616684,4.057393658498293,2.4859989490669228,4.197881021158161,7.192057776504479,9.048570192927317,1010.765
B0043,55,133,4,0.056544389321695726,4.057321348653442,2.4347562857307143,4.198733839270603,7.020826540727179,8.214832927581378,1025.719
B0043,56,135,4,0.06918353164189846,4.033634353087378,2.406517387646374,4.198110326587282,7.160800567147388,9.472969870923514,1016.859
B0043,57,139,4,0.059122086455436665,4.051793890502685,2.451707097247213,4.197869647773584,7.125807255445202,9.447247671252791,1021.079
B0043,58,141,4,0.06956120084140223,4.030996821807475,2.381706206862016,4.197430661878491,7.276161437071745,10.624675414528705,1010.562
B0043,59,143,4,0.07017897804376615,4.055018337093391,2.474242037374171,4.197964103178539,7.0723476874628055,9.289965371994613,1003.313
B0043,60,145,4,0.07028148183862523,4.030113750605147,2.3764067993680786,4.1984290827154815,7.211729709283271,10.405043941704964,1006.187
B0043,61,147,4,0.05787364202878375,4.052423434416539,2.444206792905019,4.197776325811346,7.126821145688813,9.269985860917538,996.765
B0043,62,151,4,0.07056618554293374,4.027129856353761,2.3625240054533236,4.196951926227284,7.168249960966138,10.696409617431332,999.422
B0043,63,153,4,0.057989410208958,4.048117106628375,2.3656545996286327,4.19797990922366,7.434058256465138,8.841145903774922,990.234
B0043,64,155,4,0.07129266446800787,3.9942812603304247,2.4649338982361098,4.198154349205609,7.930969485581617,9.601778804173833,608.953
B0043,65,157,4,0.07146546557664281,3.989213116660272,2.4780138487049133,4.197870451831717,7.59327498772461,9.775871193110238,586.719
B0043,66,159,4,0.0716254973792324,3.985650654864829,2.467345657591589,4.198411457661763,7.6206831277866485,9.77507439966935,575.922
B0043,67,163,4,0.07192596356272017,4.052984666529467,2.453991394977099,4.194430059860958,6.882286937183749,7.9530776238610095,1050.406
B0043,68,167,4,0.058840095111364746,4.051719519499582,2.3794329527267557,4.197497159574681,7.3351511578492685,8.70377999346024,1040.75
B0043,69,169,4,0.07213853480103966,4.026760095683099,2.3452670801496267,4.1973835054560045,7.3668189489801215,10.861930060972163,1019.125
B0043,70,171,4,0.07231835711877917,3.9942222633789237,2.474574662858291,4.196870024472014,7.9936664890195335,9.628805360691263,618.844
B0043,71,173,4,0.05938170626668099,4.049966366718909,2.3452420900020043,4.198079959089733,7.296477939821086,8.740129795491647,1039.547
B0043,72,175,4,0.07294488485625279,4.051191449078818,2.4837961610187183,4.196857869022103,6.946289418376631,9.890833414808087,1004.328
B0043,73,179,4,0.07306917734079586,4.0502554179984545,2.45187326606884,4.197040748347509,6.902633045655659,8.123599018265942,1005.75
B0043,74,181,4,0.07317054128128272,4.049866693334642,2.481690176251403,4.196682246183551,6.896174405116905,9.54039758015595,995.797
B0043,75,183,4,0.07347430293304898,4.04947173354325,2.469341225978269,4.19696998692681,7.035611200131563,8.68981677408595,998.921
B0043,76,185,4,0.06010697591831878,4.043702193909917,2.3359478200885606,4.197583527373011,7.22435677434366,8.648121468375715,989.141
B0043,77,187,4,0.07383162509955737,4.04662199809222,2.455991331590063,4.1970633301567934,6.990028087646541,8.766749021949757,979.203
B0043,78,191,4,0.060495215307428206,4.0478344519741825,2.446533765156367,4.197323566834658,7.072814815985095,8.697295284987012,994.031
B0043,79,193,4,0.060604010237618126,4.045020633492667,2.4401050698854356,4.197136062671134,7.152123066131912,10.097658187656732,971.516
B0043,80,195,4,0.06073438432235217,4.0242391243497195,2.426379928299938,4.196810616000894,7.40243656537614,10.08193635042433,810.563
B0043,81,197,4,0.06099653048237791,3.980071334963229,2.3818713355998336,4.19749831364625,8.281671008133785,9.867385484495305,599.047
B0043,82,199,4,0.061130459259873135,3.3967939181762525,2.259462555169981,4.197443547761606,5.990209166830171,8.668191215610703,109.078
B0043,83,203,4,0.06129124410987595,3.4366476653788816,2.3642680452849265,4.197249677217233,6.4435194897145704,8.230234796537065,109.17099999999999
B0043,84,205,4,0.06130329065804092,3.3244665701392724,2.2200788093903734,4.199324238157774,5.804997367748431,8.3473989032227,96.484
B0043,85,207,4,0.061151661574090986,3.4223166127184776,2.3089650825269894,4.20125127915007,7.064649745993309,9.566970302021362,109.094
B0043,86,209,4,0.061405387192057306,3.517134909435146,2.4643253089090313,4.201927103230439,4.857763577409316,7.155555764844436,96.906
B0043,87,211,4,0.06175780765942851,3.3308466979658498,2.227174478989743,4.201871725413588,6.365147956644147,8.849096539219643,97.015
B0043,88,215,4,1.5250840516518187,3.4693912792577155,2.487710804240493,4.151713316448254,7.784854957371514,11.059155779143234,5608.781
B0043,89,219,4,1.552568811301301,3.4896631252373917,2.4700528908595785,4.1860990142535135,7.677310156075022,10.464754894665266,5703.296
B0043,90,221,4,1.5427752626774387,3.4883481289690543,2.4917865311625422,4.20024763178396,7.720355963617298,11.117824082083432,5668.032
B0043,91,223,4,1.5331932831264679,3.4828518772266346,2.4681420264399123,4.199618145627328,7.795012554263815,11.465947003288688,5634.047
B0043,92,225,4,1.5152721949172019,3.4797712380230035,2.4840346404021036,4.1989206972349695,7.802002705131443,10.672391649812306,5582.375
B0043,93,227,4,1.5074989761997712,3.4723642645257145,2.4820985064146877,4.1989096150494385,7.8854226977198625,11.55324188297086,5567.329
B0043,94,231,4,1.4896288908647644,3.465591847973898,2.4995448861629077,4.182123550892078,7.865599621307659,10.678188237457311,5528.453
B0043,95,233,4,1.4780778852088083,3.4621709600387423,2.4624361945446704,4.198072340064109,7.840911830800532,10.67885056037868,5513.39
B0043,96,235,4,1.4700035345334466,3.4569777103220325,2.4931009972754072,4.19729618680157,7.866129688953066,11.249497515672802,5486.187
B0043,97,237,4,1.4565623180137077,3.449217752251389,2.462787320418678,4.196562826262564,7.9393273558149495,11.637480263714385,5461.922
B0043,98,239,4,1.445976962830235,3.447579855504856,2.497516098993309,4.1961404278065615,8.020423171340544,11.797524620709758,5438.157
B0043,99,243,4,1.4325855992469252,3.4358831885309766,2.472999574663348,4.178175250938716,7.909281139740462,11.717322041018162,5402.875
B0043,100,245,4,1.4197344854662965,3.4393737351491587,2.4798848457409326,4.195619110791885,7.9764627392531535,11.400146543773253,5384.438
B0043,101,247,4,1.401262575071573,3.437163038991663,2.483308761917933,4.195354802720307,7.975220288628877,11.27412857657329,5344.859
B0043,102,249,4,1.3862945308535968,3.432715938014848,2.4722726688004673,4.195137899317883,7.919276364601211,10.939205926809544,5305.156
B0043,103,251,4,1.384130256052478,3.4312793781460638,2.4995232811069013,4.195919647393222,8.087848756281263,11.469256268063758,5284.547
B0043,104,255,4,1.3651743201871416,3.423768606452633,2.492874341811692,4.176270279535014,8.02258709983945,11.07680003582411,5267.843
B0043,105,257,4,1.361508332192898,3.425776013992083,2.466722917823166,4.195157601948688,8.12948679263687,11.26155378961363,5229.688
B0043,106,259,4,1.351001663879717,3.4199159770745933,2.4707802117428486,4.195480097537295,8.089656475775936,11.576966830401837,5206.954
B0043,107,261,4,1.3282588067265129,3.419545032162598,2.4848489819284896,4.1943133355165845,8.144440591218109,11.16400609714747,5179.062
B0043,108,263,4,1.3257206687421472,3.4121967412564467,2.4661345187240347,4.194450936586587,8.231983414070719,11.988971088033125,5144.109
B0043,109,267,4,1.3142909715978441,3.407362058046422,2.4725812888729317,4.173215087704208,8.207473278156359,11.73519417014362,5142.891
B0043,110,269,4,1.3003260094811093,3.4128712396915972,2.4919564449811342,4.193501778898149,8.189312466474622,11.299125699617386,5109.734
B0043,111,271,4,1.2881071401556836,3.408624211537015,2.485517355170574,4.193305249397542,8.139466322876048,11.376911439849154,5078.937
B0043,112,273,4,1.2767801501201566,3.405803295662315,2.499796953515674,4.192997819348426,8.11394700059043,11.488807348025915,5051.672
B0044,1,2,22,1.686525555152074,3.439679725636751,2.6909422904080547,4.181787286734685,32.08333169533252,37.78004007704112,3360.922
B0044,2,4,22,1.6624606531639186,3.452824239327816,2.6852515353168815,4.183923616071334,31.44294016626267,37.37920163006831,3289.406
B0044,3,6,22,1.6534010755700512,3.4521568195939896,2.6435613323767395,4.183717457974608,31.14990089807352,37.15907806475986,3244.797
B0044,4,8,22,1.6452145903490936,3.4552256770525456,2.6433677125804977,4.183480576276661,31.12954746264574,37.12091726941865,3211.438
B0044,5,10,22,1.635664062367341,3.463672030116032,2.684789036307898,4.181986298076157,31.513994261671055,37.70825289621454,3175.594
B0044,6,14,22,0.0,3.5268413438277695,3.2896584926178556,4.18108163961898,30.9572734254796,35.59949904890386,2646.625
B0044,7,16,22,1.6267769765146463,3.4680330762776053,2.6725301429926103,4.183320051971667,31.634787338016164,37.649599494653536,3121.672
B0044,8,18,22,1.6159715504743064,3.4679406316174908,2.69384241497005,4.183385673000076,31.273656122735403,37.14337821498799,3102.937
B0044,9,20,22,1.6076028386649623,3.465103331199183,2.6763379244951913,4.183075069105795,31.0513882525287,37.11952925248905,3089.437
B0044,10,22,22,1.6003360401431612,3.463878052026492,2.6678573050009757,4.18316470580942,30.825315603911406,36.8278472964388,3077.75
B0044,11,26,22,1.5978700914991917,3.4618790737027214,2.651692148341609,4.1809489315384525,30.772306222074594,37.07362320866197,3074.875
B0044,12,28,22,1.5900310265163515,3.4619567664351507,2.638384304971687,4.183395298117799,30.77793162980491,37.27343452416563,3061.891
B0044,13,30,22,1.5816311155652092,3.4608461967292694,2.633572972853497,4.18312292936732,30.734077377574607,36.925553251530964,3058.469
B0044,14,32,22,1.5714556311034702,3.462773986667914,2.670554577314724,4.183401469736752,30.711931701692418,36.82542072716141,3040.75
B0044,15,34,22,1.563220798569978,3.46142516586872,2.662418584963947,4.182608034549464,30.692223526355477,36.86402084995953,3037.641
B0044,16,38,22,1.5606775388245586,3.459888006806987,2.656737093913297,4.180665797789407,30.656716513936473,36.854479447477715,3044.828
B0044,17,40,22,1.5523886011314287,3.459225464203645,2.6456088379984415,4.183243082901965,30.677651249958302,37.00807199261186,3030.25
B0044,18,42,22,1.5444592876561967,3.459378780567444,2.657434360611611,4.182596378873874,30.670401222972917,36.85691194751145,3017.578
B0044,19,44,22,1.536558134180655,3.4594746923592585,2.6700448196473143,4.182792894198413,30.695903900430444,36.933977837728406,3015.0
B0044,20,46,22,1.5307255867941072,3.457758884701852,2.6538669632174807,4.183044202315208,30.693601629277207,36.96952216360131,2999.454
B0044,21,50,22,1.545242808242328,3.4604365465272604,2.679338771098678,4.17495739021519,31.3317805416781,37.880341936530016,3054.859
B0044,22,54,22,1.5397144491816253,3.4673706320595796,2.6880235920055937,4.1804104728622375,32.003093392777586,38.4338113726962,3034.875
B0044,23,56,22,1.5305357077773765,3.4682443755783012,2.687370056924405,4.183012088063382,32.229129548420126,38.62527616952544,3030.0
B0044,24,58,22,1.5199735224097084,3.4662944691430644,2.6893554366992016,4.183156295632244,32.11597218782517,38.54196067361033,3011.781
B0044,25,60,22,1.5136629526844203,3.4597034229251418,2.633690741780774,4.182731552192122,31.969087731359647,38.50117611497123,2990.25
B0044,26,62,22,1.5012870006992953,3.4622130413589143,2.6891582121304634,4.182713459240956,31.87470050843518,38.43383998472231,2980.234
B0044,27,66,22,1.5023814734911674,3.4628505734955555,2.6829363216833317,4.180340134562246,32.24329057966032,38.70474156110448,2994.844
B0044,28,68,22,1.4980955154277502,3.462862471197368,2.6587209985414955,4.182573946557156,32.62193857776337,39.13185799913766,2987.672
B0044,29,70,22,1.4906542391377111,3.4614145860859864,2.660938360343116,4.182900962902353,32.534721843990155,39.06117424677476,2975.1100000000006
B0044,30,72,22,1.4843971639436213,3.4567536825256298,2.6382065057381183,4.182966025381988,32.315090431633784,38.900911326239694,2953.219
B0044,31,74,22,1.4725321936230114,3.457596686753219,2.6803751950872314,4.183016347451806,32.11227103017126,38.637548513661336,2955.484
B0044,32,78,22,1.4663149382113208,3.456382425532515,2.695456060678521,4.1793816650979885,31.7443365044674,38.14612160171512,2957.016
B0044,33,80,22,1.4671298468877776,3.4558985436662764,2.658317830680757,4.183025078755878,32.11351047936838,38.41020545726171,2948.219
B0044,34,82,22,1.4593858997633138,3.4536993651226653,2.6504983510643836,4.182295217506064,32.04801967333395,38.342879393411714,2935.5
B0044,35,84,22,1.4467901368505207,3.4526946539372747,2.688935729076874,4.182630774542257,31.708021910539802,37.97725957749192,2913.797000000006
B0044,36,86,22,1.4390669859638228,3.44942355838508,2.687761244178016,4.182872685249836,31.467203186429355,37.797055139354214,2900.703
B0044,37,90,22,1.4389892550462602,3.4464363236508913,2.668468130193828,4.179973909655392,31.560453436032944,37.93561044482721,2914.031
B0044,38,92,22,1.4386198779578576,3.447035324752623,2.6420564556682917,4.182978380469111,31.887709097598353,38.32554543437737,2901.968
B0044,39,94,22,1.4313412096653504,3.451080883804227,2.6780728769094244,4.183054454837302,32.164811812502585,38.556109997490786,2901.734
B0044,40,96,22,1.422973037663468,3.450413161794029,2.6917750634373303,4.18231054917298,32.13295425226488,38.62165239845955,2887.407
B0044,41,98,22,1.4150153099745097,3.44468943990224,2.68001440979752,4.182416637290177,31.75133688827036,38.18800348171553,2861.937
B0044,42,102,4,0.0572172710622218,4.054818943483505,2.5311035775191533,4.177605302188679,7.057089335323658,9.757496138930122,1055.25
B0044,43,106,4,0.0573587470253984,4.048971725415953,2.5372412665469883,4.1758503096814,6.945113627374995,9.760471127293034,1012.187
B0044,44,108,4,0.05749687545445231,4.048139868634576,2.5608994701667624,4.1760882615952974,6.969210950143102,9.69821406411427,991.172
B0044,45,110,4,0.05763088809888528,4.04489102283376,2.4875185728014695,4.176702751698478,7.1320933104899575,9.00106106019679,982.094
B0044,46,112,4,0.055116913339787174,4.058712789171854,2.652711478763571,4.173920852315538,6.9052479876970985,8.446753567938917,1063.609
B0044,47,115,4,0.06740755265748018,4.04058000450648,2.567871692937443,4.176081063674498,6.719645217752847,9.004482980571387,1067.641
B0044,48,117,4,0.0675676530317139,4.038574138704129,2.537541377739229,4.177001690332218,6.752194119869617,10.10838939092693,1048.687
B0044,49,119,4,0.055637310449156464,4.060984637180495,2.6996320897449855,4.176258717683466,6.682861474834709,9.084345421523768,1039.984
B0044,50,121,4,0.06822433276106823,3.9901324953918995,2.502639203032668,4.177495150501219,7.805372903557112,9.9732818280256,687.328
B0044,51,123,4,0.056052453431514465,4.060072156375749,2.645057195756969,4.177754475108936,6.452537181339348,7.130613484534643,1047.531
B0044,52,127,4,0.06868220130105056,4.036259706472422,2.5457909784374686,4.176437545781662,6.89796196003197,9.420302039012588,1038.375
B0044,53,129,4,0.06874755353346529,4.034899045788163,2.525156138635263,4.1766732396736,6.643140512754006,8.596928821276874,1030.703
B0044,54,131,4,0.05651439891347486,4.05627259287341,2.6675668355109194,4.176262440841608,6.823596011664432,8.914167582596768,1010.765
B0044,55,133,4,0.05673307185387369,4.056631496996698,2.6214259323214453,4.17780020929139,6.621700828774675,7.468130255797678,1025.719
B0044,56,135,4,0.0694133756360175,4.033722240018022,2.5339139586135624,4.177530439833207,6.654177389025503,9.34228820478629,1016.859
B0044,57,139,4,0.05931766444664955,4.052548629680626,2.6459372770148692,4.176559125063143,6.691030736897561,9.296386526511638,1021.079
B0044,58,141,4,0.06981707253622738,4.031869983878109,2.5126783310210183,4.177198757478185,6.789742456285512,10.402010089986526,1010.562
B0044,59,143,4,0.05746435089694075,4.0546007592526,2.676683003373552,4.175693660429193,6.652607169727167,9.139614420555528,1003.313
B0044,60,145,4,0.07053774383993697,4.029900462300052,2.509819479017468,4.1767178653680554,6.727197790202005,10.577915316418856,1006.187
B0044,61,147,4,0.05805466052344494,4.0528579449382525,2.659947287863178,4.175734240124533,6.704744929431838,9.153655205612418,996.765
B0044,62,151,4,0.07083992015291063,4.027030974078611,2.502902423851419,4.174858788640489,6.688129486124422,10.601194386353557,999.422
B0044,63,153,4,0.058171836130525824,4.048647775995237,2.597947039498895,4.175396670709832,7.135311524033081,8.524863523744626,990.234
B0044,64,155,4,0.05830515712798288,4.006197810720952,2.688243972514366,4.176278504943042,7.514206392471801,9.440256551104172,608.953
B0044,65,157,4,0.05845592669367763,4.001898132433219,2.6997767051836083,4.1759985062489635,7.105939545905624,9.577062674735402,586.719
B0044,66,159,4,0.05862986110638707,3.9995228828543783,2.6926916057581445,4.176936753250137,7.121133621766568,9.571995894192735,575.922
B0044,67,163,4,0.05890033218383382,4.053493486866572,2.6700548004006626,4.1734597535552,6.525840333846862,7.124889090041003,1050.406
B0044,68,167,4,0.05906467702011044,4.052074849774992,2.6107085277536015,4.1757127493459585,7.0347000891113804,8.324153740739145,1040.75
B0044,69,169,4,0.07240579982844073,4.028366353886938,2.500114336550371,4.176096844607635,6.8973768386013505,10.63955759206541,1019.125
B0044,70,171,4,0.07255632846891659,3.9662515216379144,2.463640728476522,4.176353738400277,8.12797412482593,10.376173431482593,618.844
B0044,71,173,4,0.05959222988909599,4.052244387669817,2.5987325707723405,4.177102599239209,6.951583874586089,8.316021086973787,1039.547
B0044,72,175,4,0.07321709022768585,4.024847285360175,2.4742429443982785,4.175820770125257,6.953046195579622,10.655557073631597,1004.328
B0044,73,179,4,0.05984100849986973,4.051149690799867,2.693112294857156,4.174362644498064,6.413311987885646,7.631714348736341,1005.75
B0044,74,181,4,0.07344347056971572,4.023626364549916,2.476301013332819,4.175874340371016,6.779577103952525,10.509625598200184,995.797
B0044,75,183,4,0.07373739605923264,4.0230998765187564,2.455959621392259,4.176007922304425,6.978468873690951,9.204729619835247,998.921
B0044,76,185,4,0.06032312489727431,4.047078241937264,2.595966933411927,4.176473294247625,6.809785593582902,7.96351554428054,989.141
B0044,77,187,4,0.07409611978234346,4.02025965935536,2.4476887634196065,4.176068533506241,6.971049837313714,9.367163499816085,979.203
B0044,78,191,4,0.060717150532954955,4.048987988645058,2.696514442504613,4.1740583227112635,6.579881562367587,8.36281681813677,994.031
B0044,79,193,4,0.06082844229397962,4.048190135327761,2.690051793810678,4.175423863730147,6.690126647286674,9.833929266126528,971.516
B0044,80,195,4,0.060928844447982224,4.031325666700656,2.682527208849319,4.1750234301728835,6.925009518097775,9.82294821385076,810.563
B0044,81,197,4,0.061220387365620216,3.99633832641595,2.6522914416676375,4.17570719288233,7.831469751479567,9.64729446630716,599.047
B0044,82,199,4,0.06133677582691605,3.5339557623459625,2.546878970446884,4.176924395260363,6.3578218287881425,8.475214897845488,109.078
B0044,83,203,4,0.0615021959933087,3.5662543456123466,2.6459302194913836,4.176472262163263,6.5954208155010985,7.906766993792881,109.17099999999999
B0044,84,205,4,0.0615436456229027,3.480657456568583,2.5366466461777906,4.177637250505157,6.324536214740793,8.628110902694925,96.484
B0044,85,207,4,0.061368282981907545,3.559655619146663,2.619612898646795,4.178674620885059,7.644851838660085,9.541833690746394,109.094
B0044,86,209,4,0.061633508888739995,3.4710657400965403,2.48420676655347,4.180128549369836,5.10818141008298,7.890349591233944,96.906
B0044,87,211,4,0.061981030875948785,3.4889263102095547,2.5492794097929745,4.1786173675742635,6.978200107513246,9.207557697837885,97.015
B0044,88,215,4,1.4779954511171076,3.438530012225991,2.6987042664288663,4.132709552803766,7.831586108538486,10.171915363933092,5608.781
B0044,89,219,4,1.494119871447679,3.4576572257357188,2.6902025456609366,4.15897226684506,7.730546352316417,10.296016892383854,5703.296
B0044,90,221,4,1.488007820113173,3.4553887210557868,2.682194069736634,4.173670999223567,7.787963683864436,10.396418259744522,5668.032
B0044,91,223,4,1.4748338592717107,3.453365325098602,2.698791325109984,4.173428084270444,7.849823078169805,10.675119900160503,5634.047
B0044,92,225,4,1.4604378044785566,3.4533767517944844,2.6972261726105513,4.17295985340472,7.863220580243154,10.562265269293302,5582.375
B0044,93,227,4,1.452380841576719,3.4460660596643384,2.6816548421625512,4.172771279792943,7.930106785779635,10.76625471358321,5567.329
B0044,94,231,4,1.4411028883649861,3.4382387035909514,2.6758389635879234,4.15544388290786,7.888437545923743,10.911129725577434,5528.453
B0044,95,233,4,1.4300355978410688,3.4385248959075603,2.6766750362925413,4.172195811279475,7.818043363205418,10.81913572086399,5513.39
B0044,96,235,4,1.413943296719903,3.4365202293034374,2.695622084623807,4.171402160517197,7.830974235734798,11.006306031992887,5486.187
B0044,97,237,4,1.3972667497450317,3.4352027430527405,2.6908429071948605,4.170188354997629,7.878562179371438,10.614675024239112,5461.922
B0044,98,239,4,1.3865375876825874,3.43345469224157,2.6963132256039875,4.170349799747877,7.960251571512366,10.78731375840829,5438.157
B0044,99,243,4,1.3724753685724698,3.425091148228222,2.6889652303475895,4.152127517238579,7.825815360855775,10.646148713943534,5402.875
B0044,100,245,4,1.3598593948812812,3.43285332747351,2.697702269918439,4.169872871486082,7.871717073752719,10.149343674038578,5384.438
B0044,101,247,4,1.3486733410392264,3.4316708520467616,2.6908621173584564,4.17029400170211,7.872850841533409,10.269672545542077,5344.859
B0044,102,249,4,1.3334258933205057,3.4305423593747584,2.6956578221948044,4.16968317987712,7.787673589037049,10.511836729394169,5305.156
B0044,103,251,4,1.3387793081075827,3.4188541266416608,2.683891843696469,4.170671249766948,7.997910807563725,11.2498423901219,5284.547
B0044,104,255,4,1.3153320403016995,3.42241373548389,2.6861736439095387,4.149844268077626,7.881896352735887,10.478668312226782,5267.843
B0044,105,257,4,1.322963328110081,3.4160977003080477,2.6915218489806785,4.170207896534634,8.022448822976777,11.276068425006786,5229.688
B0044,106,259,4,1.3086991524155074,3.415875051664848,2.6982230360736286,4.169943833836458,7.977920186292173,11.18488048040138,5206.954
B0044,107,261,4,1.2897499583900436,3.420770509924939,2.6884148666237393,4.168649657337103,8.016774436428086,10.572845919227095,5179.062
B0044,108,263,4,1.2906172590904164,3.412152763562302,2.699098319484438,4.168865124534303,8.104364904391632,11.286420953867147,5144.109
B0044,109,267,4,1.2752011253442166,3.411365387592042,2.692387025960113,4.14775004325363,8.021367388918382,10.532008688910055,5142.891
B0044,110,269,4,1.2686072657374579,3.4151055404827564,2.684075358151804,4.16768084822256,8.012944452376887,10.496769408739059,5109.734
B0044,111,271,4,1.2565759973225976,3.4139726333379956,2.687825351809013,4.167944485512648,7.944197776199544,10.219372011443097,5078.937
B0044,112,273,4,1.2486254509320867,3.410670178184504,2.6932435794466025,4.167775501643388,7.904886527570053,10.307592528834146,5051.672
B0045,1,0,4,1.0819793880779518,3.3507147228969534,1.990881848788414,4.203467627142882,9.485217152757082,15.71039018923076,6436.141
B0045,2,4,4,0.927952404748273,3.343710562419324,1.9875972636980002,4.16699885717682,9.412485833762908,16.327881769438125,5650.265
B0045,3,6,4,0.885193608411576,3.357113032625278,1.9885380767186824,4.187894400053388,9.14441346005273,16.190453016227536,5590.907
B0045,4,8,4,0.8581010699478283,3.358646172572514,1.969241613952096,4.188401226248918,9.07418033049993,16.44564599364816,5543.61
B0045,5,10,4,0.8409352213456689,3.3660643885240518,1.9830542841988097,4.188303916193977,9.063698357219925,16.652821920677077,5499.046
B0045,6,12,4,0.8245471942901911,3.367910347978234,1.980464521626357,4.18828020412361,9.076577071060372,16.626045153527933,5461.219
B0045,7,16,4,0.7935960418803983,3.357745333360116,1.9822192378370667,4.115223647482973,9.265023738219778,16.231693733501764,5451.281
B0045,8,20,4,0.8183676087159205,3.3696607473704705,1.9987122390470566,4.166319111887713,9.339350112299787,16.185673883928935,5468.062
B0045,9,22,4,0.7977644276409412,3.3747312015520436,1.97927314966301,4.188858082816243,9.308634523153344,16.52621032903044,5411.297
B0045,10,24,4,0.7993777411831636,3.381799182114607,1.9640518711887227,4.189052979187811,9.25414520667292,15.196414604557985,5369.703
B0045,11,26,4,0.7783107440628891,3.385176591409285,1.9965583229383295,4.189280705297697,9.291749311540086,16.354435553014117,5327.406
B0045,12,28,4,0.7803738231239117,3.3813096388474886,1.9676140964966766,4.189527524041756,9.310447961834724,15.57016420519042,5299.266
B0045,13,32,4,0.7713058245640294,3.3490369985986668,1.9877016401767398,4.097057578524458,9.29775486780575,16.481904111846188,5367.172
B0045,14,36,4,0.795279016979026,3.3694542187312684,1.99572402940065,4.166427487441078,9.245632947295453,16.686364651804713,5406.812
B0045,15,38,4,0.7824128169919247,3.3771129586319466,1.9723902186883997,4.189116912804917,9.21860683892004,16.527315358470222,5353.094
B0045,16,40,4,0.7649414992231182,3.382104218416538,1.9760075772645442,4.189394418073402,9.194130154197088,16.325076195754107,5280.031
B0045,17,42,4,0.7544899426779375,3.3859954600090036,1.9786838559411906,4.189251613691141,9.188267060937262,16.18780234880546,5248.593
B0045,18,44,4,0.7504048978314295,3.3830345538672018,1.9866467601774969,4.18999236240837,9.211910760834266,16.54868871782283,5203.375
B0045,19,48,4,0.7407258109620256,3.37881379914347,1.9915335628511552,4.165973150657214,9.156857409395572,15.893386512216575,5166.812
B0045,20,50,4,0.0,3.406714657706338,2.942421777794815,4.1894414322262765,8.86575510454971,11.62448622814209,2384.094
B0045,21,52,4,0.7308525593793626,3.389059266953009,1.9935644864605024,4.195641973763218,9.104538013834128,16.273556126855052,5340.281
B0045,22,54,4,0.7287255851177903,3.3783919657677495,1.9937078109097683,4.189381114418313,9.196243634400288,16.57769275391533,5103.0
B0045,23,56,4,0.7161023377036263,3.3779346242690615,1.9840988185168291,4.189726548094093,9.224293881462565,16.451931737613187,5051.172
B0045,24,60,4,0.7129204834988017,3.3727225247575885,1.9818309446595743,4.166289777836687,9.239291915944644,16.660404158556567,5027.563
B0045,25,62,4,0.7141991829499618,3.3807359604288414,1.9984963466197732,4.189756191273931,9.220514425854448,16.192781213892964,4993.765
B0045,26,64,4,0.7190570819844222,3.3889133424072204,1.9886589228929203,4.1890449974281685,9.140591023627803,14.742856005940368,4962.469
B0045,27,66,4,0.7173975428775917,3.3855430731736647,1.9836644140733661,4.189274783071479,9.05273466167465,14.693521549329,4907.859
B0045,28,68,4,0.7071027496463946,3.3756882564741844,1.9705703151314151,4.189518201774546,9.311519157220646,15.86983818237976,4888.656
B0045,29,72,4,0.703531206505542,3.37794278508875,1.971779249329659,4.166301702021804,9.167853966731156,14.829662137922766,4866.25
B0045,30,74,4,0.6941108278958862,3.373558298075209,1.9938420365930107,4.19002918934191,9.287848514483294,15.906462051621897,4836.125
B0045,31,76,4,0.6914114388869608,3.368742642573582,1.9993629637641337,4.1895524054233135,9.322184761530549,16.353770501511462,4801.485
B0045,32,78,4,0.6971551798505504,3.3718000664169727,1.9932756058141663,4.189008492340535,9.289681276195049,15.076528277493722,4760.938
B0045,33,80,4,0.6832460217432723,3.366360304166582,1.9801057444800894,4.189696962609597,9.365909184464234,16.045850353764667,4740.907
B0045,34,84,4,0.6822029317493292,3.342277843498783,1.9944009127947364,4.0900107068393625,9.328022708662925,16.24823467681854,4914.532
B0045,35,88,4,0.7289529213213379,3.3722684174392836,1.9913126738513702,4.166284738890519,9.373114023056761,15.761879553141288,4998.656
B0045,36,90,4,0.7139321758287004,3.357634548884028,1.9818085465777886,4.188598948796885,9.306835708093752,16.349393593197068,4890.015
B0045,37,92,4,0.6957731747455482,3.3697954619483568,1.999993313622792,4.188722662834883,9.339526786032339,16.22246271510604,4842.11
B0045,38,94,4,0.7018312962317095,3.3766733742445987,1.9746595802941598,4.188679542275547,9.1327535688995,14.780023826016944,4798.281
B0045,39,96,4,0.6911808244378487,3.356692310359256,1.978180955008712,4.1894790557667125,9.343849839453913,16.357147782799643,4739.188
B0045,40,100,4,0.6843279752855028,3.3716599583869122,1.9845097801200726,4.165443751495042,9.257582649630315,15.304013119865168,4733.156
B0045,41,102,4,0.6741394908812485,3.358461612325261,1.9921664972023339,4.189848639216605,9.38425161776499,16.298057069520368,4670.61
B0045,42,104,4,0.6670070174301739,3.3733153872943236,1.9991203083414102,4.165425573897933,9.144982402264807,15.088230300481198,4635.0
B0045,43,106,4,0.6804085117374855,3.367632771675607,1.9790832878431535,4.188987638858462,9.26257479341655,15.201775291002932,4615.86
B0045,44,108,4,0.6617864063235485,3.363321307304569,1.9986367632788742,4.1895804149451985,9.40011028670591,15.820509282900385,4580.75
B0045,45,112,4,0.6623168733492338,3.346491714827562,1.9713723245890473,4.16611714089707,9.419332811255558,15.58071439830652,4557.406
B0045,46,114,4,0.6679358357181778,3.3599039237162853,1.9843056004522797,4.188826402459722,9.207828068558017,14.525034072927795,4524.0320000000065
B0045,47,116,4,0.6488990885270688,3.349639562276425,1.9946795397137125,4.189296725569063,9.478974220669317,16.256345838594637,4502.938
B0045,48,118,4,0.6503639129625527,3.352423027875088,1.9789936656967484,4.189791506946971,9.37536325812961,15.916519503570713,4483.094
B0045,49,120,4,0.6572077690202801,3.3563090390508155,1.9690947658783289,4.189224626327275,9.348977069227304,15.322696472607957,4448.36
B0045,50,124,4,0.6363517458476216,3.340602870094091,1.9951107736579325,4.165757111360098,9.539830147989116,16.435471374813734,4440.531
B0045,51,126,4,0.6536449360948587,3.348511229053965,1.965197509539028,4.188761935596181,9.436879605277216,14.752873057453401,4416.547
B0045,52,128,4,0.6391428272150887,3.3328844784891074,1.9820270227741772,4.188802708146619,9.4879310296259,16.57328291132994,4382.937
B0045,53,130,4,0.6482206049496236,3.3518219079975298,1.9731005832473114,4.18882331762149,9.300314416191522,14.528444176948046,4347.453
B0045,54,132,4,0.6287957471922729,3.268327350028982,1.9974420919351863,4.189363830091343,10.07602230197817,15.828293567742275,3581.188
B0045,55,136,4,0.6380571850193401,3.3368580984170784,1.9759474231215746,4.087899947377259,9.254842453288928,15.050939348149981,4746.5
B0045,56,140,4,0.6554825047832906,3.339305489603821,1.9944210992064382,4.164689190245494,9.58411609363967,16.878888140585346,4679.156
B0045,57,142,4,0.6484934835397033,3.339570448565296,1.972391693643957,4.1883794105875705,9.566905713744635,16.752865016509336,4596.578
B0045,58,144,4,0.6454071687844921,3.3451677206996573,1.9932621672542286,4.188367290905127,9.486246140892044,16.630725230629476,4544.641
B0045,59,146,4,0.6427008031845645,3.3544794166161487,1.9848873247448806,4.189241965038727,9.492943245052498,15.270710849004713,4526.938
B0045,60,148,4,0.6352454880802477,3.3411905698302573,1.9683654551310577,4.189229122156955,9.621291466671478,16.438070093673065,4487.438
B0045,61,152,4,0.6156760019587869,3.3372444928972818,1.9924043536128275,4.106243161598799,9.480811280043975,15.659914658719188,4513.312
B0045,62,156,4,0.6170833682807023,3.3510332188429146,1.9776141524479487,4.132596928052376,9.448949676434,15.265721279585906,4568.438
B0045,63,158,4,0.6434227390858672,3.3573066817086326,1.996982635601323,4.18912672162077,9.522656892771677,15.459947276103474,4499.656
B0045,64,160,4,0.6278124433742752,3.3367004271481884,1.9822999400765693,4.1893708877050795,9.570096566546104,16.472719613709117,4430.984
B0045,65,162,4,0.6290078315253372,3.3507625069372007,1.9703495135592828,4.189359078886884,9.488568418373822,15.321947787344948,4411.141
B0045,66,164,4,0.0,3.3925513327274577,2.9329708174243927,4.1893540752465075,8.948370017570232,11.709111497619928,1991.531
B0045,67,168,4,0.6266355568292261,3.3452602996349197,1.980504790064301,4.107093365455889,9.378195494421618,15.469187485474004,4883.312
B0045,68,172,4,0.6495813516716594,3.3478192813331984,1.9754246490329654,4.165486716481237,9.495184531517388,15.90915813248566,4663.907
B0045,69,174,4,0.6337485177966306,3.3500352436555985,1.9843068510361204,4.189250217496488,9.474914433741436,16.128312311530546,4581.328
B0045,70,176,4,0.6298550929085645,3.3590566596536764,1.9881721268958945,4.189075663187289,9.411639640493867,15.803292200329722,4553.031
B0045,71,178,4,0.6183063778386736,3.3495911750877263,1.9809529177782506,4.189728966453982,9.476832839675836,15.46350630780127,4486.5
B0045,72,180,4,0.6069476168507777,3.3462597198775272,1.9697892783360584,4.189240671585531,9.49822266009937,16.26952559815265,4450.625
B0046,1,0,4,1.7282392323598248,3.4409645322869102,2.1792997733612083,4.23781853684158,9.035891964302168,13.880080551261507,6436.141
B0046,2,4,4,1.5161488467923143,3.4252545586780085,2.1744736968146285,4.162338775528476,8.872109574065124,12.941526372487642,5650.265
B0046,3,6,4,1.503121190703977,3.425904453303529,2.195666899317151,4.180873304847234,8.6284456728549,13.359691095670462,5590.907
B0046,4,8,4,1.48586566102824,3.423608435843718,2.1796283675041006,4.182266567788393,8.63136091760955,12.683911154117249,5543.61
B0046,5,10,4,1.4694562316392716,3.4211455348547464,2.1952581561866973,4.180656549578995,8.67696820980418,13.065399804685724,5499.046
B0046,6,12,4,1.4589554592644807,3.418211640329191,2.1940346005371705,4.180899052149243,8.714755394110101,12.802479603911387,5461.219
B0046,7,16,4,1.4556853555098295,3.3913871477101263,2.1978529182010296,4.121126965024616,8.941517894800649,13.585554405586658,5451.281
B0046,8,20,4,1.456232262380321,3.405195390316552,2.190965071547283,4.158094572470294,8.956808204433374,13.94301293338268,5468.062
B0046,9,22,4,1.4440592236675138,3.408987597578302,2.1866396618663058,4.180141305155931,8.857079944726477,13.134169173843693,5411.297
B0046,10,24,4,1.428294264765868,3.405344636824463,2.183328288428697,4.179370029585307,8.951187295260016,14.086951683642923,5369.703
B0046,11,26,4,1.4199848948034668,3.4032461605763142,2.169516718963703,4.178701514525068,8.966158040889411,13.314723048488913,5327.406
B0046,12,28,4,1.4043226018516568,3.3967709514446076,2.1506636217123933,4.178686122362143,8.972930848723113,14.173291675329546,5299.266
B0046,13,32,4,1.4234351301615986,3.372196461428764,2.1813781395662764,4.104216707532647,9.032800036514974,13.959348125513564,5367.172
B0046,14,36,4,1.4339948857967295,3.3962096829403037,2.1971149516601716,4.155511867054,8.8666091485246,13.523198161538613,5406.812
B0046,15,38,4,1.4185177047756572,3.3989726713804767,2.157995006136477,4.17891702072451,8.91721938287038,13.750234723504356,5353.094
B0046,16,40,4,1.4056313337829422,3.39769311615204,2.198419108542039,4.178285871350945,8.923958703020183,13.400973711086477,5280.031
B0046,17,42,4,1.3890214025155618,3.3923860221630204,2.151164339585934,4.1780747638293185,8.991317663963024,13.648707282364962,5248.593
B0046,18,44,4,1.3723339082737365,3.387564802409393,2.152208745567858,4.177918597629585,9.016720196858454,13.959820884900516,5203.375
B0046,19,48,4,1.3615778905990565,3.3755889260430436,2.165968185309718,4.151019587024004,8.999593683204715,14.349640095291218,5166.812
B0046,20,50,4,0.0,3.651052971550194,3.4709356617126152,4.177351418157289,7.549065028670864,8.96387999471909,2384.094
B0046,21,52,4,1.4100282016237429,3.3771442240108183,2.199378116446157,4.178852366259435,9.073580268946476,13.720010432160603,5340.281
B0046,22,54,4,1.3395671374926488,3.3739069772216053,2.1709534591124666,4.177296277706522,9.035703497783533,14.214578668306734,5103.0
B0046,23,56,4,1.3291515487117478,3.3730377771688125,2.1705625280743464,4.176859724330072,9.0428494070086,13.7206185074268,5051.172
B0046,24,60,4,1.3181687033905718,3.361814920655554,2.1762627754763426,4.148811503971785,9.103478864398264,14.307049577086083,5027.563
B0046,25,62,4,1.312423708466101,3.36759601245628,2.16031962283908,4.17607839536505,9.08626820310501,13.73206507015365,4993.765
B0046,26,64,4,1.2993237532162487,3.3619567307164724,2.1449047324556036,4.175479903911147,9.113491912356011,14.550153842364988,4962.469
B0046,27,66,4,1.2877483042174591,3.360770876263507,2.196218583907234,4.175276949812811,8.977476169539525,14.437029519118854,4907.859
B0046,28,68,4,1.2865282739749122,3.3581255157395584,2.1691838412748474,4.175506752243359,9.205520238536876,14.364000921258654,4888.656
B0046,29,72,4,1.2719636386987183,3.347714666699619,2.1947559967284405,4.145965438635247,9.14555330973735,14.693349843683665,4866.25
B0046,30,74,4,1.2714495345417192,3.353800882166825,2.1877179876194033,4.174989626740224,9.111354213090989,14.058016587648103,4836.125
B0046,31,76,4,1.2615423884659074,3.350657273692142,2.1508230766314127,4.175655686812431,9.163824507961877,13.779152574880365,4801.485
B0046,32,78,4,1.2421201619204132,3.349047830330531,2.190167787518222,4.174757798171361,9.165326915001913,14.383739114376208,4760.938
B0046,33,80,4,1.2402537441669796,3.3446343037059103,2.18851427579806,4.175734259626989,9.179753755489338,14.589504036127655,4740.907
B0046,34,84,4,1.2851130012242886,3.3205030122204913,2.1637485824862837,4.087128849753504,9.27415763140438,13.891154624298235,4914.532
B0046,35,88,4,1.3043327841699193,3.349264182688189,2.153820870810703,4.1471218794503475,9.271981913108279,14.673096336965486,4998.656
B0046,36,90,4,1.2778639041619957,3.3574536928825296,2.1856873619664867,4.17500990248918,9.033984664610193,13.896967367053858,4890.015
B0046,37,92,4,1.2723464591651539,3.3535254761184166,2.1586585951828057,4.175207914830006,9.172120651818531,13.908543615362126,4842.11
B0046,38,94,4,1.2477883952768762,3.347073227310051,2.1497344671215517,4.174827125492382,9.093365400458568,14.617560660341365,4798.281
B0046,39,96,4,1.2352499196655526,3.348504626898048,2.180494984747436,4.1748101416565255,9.119927887302934,14.288124170416687,4739.188
B0046,40,100,4,1.229251291851949,3.332816913331474,2.1583931144361963,4.144890688492612,9.185345552194319,14.875868929885128,4733.156
B0046,41,102,4,1.223890910501634,3.343773088070051,2.1973084174346607,4.174530382960434,9.156968538676207,13.880179808466218,4670.61
B0046,42,104,4,1.205423323571373,3.33676988143417,2.1948349231295037,4.1743300924480256,9.08775088318824,14.631961684725407,4635.0
B0046,43,106,4,1.1957824090008151,3.333058450714012,2.153169565361056,4.173688629517977,9.184456763175827,14.768164211079867,4615.86
B0046,44,108,4,1.1900729496698461,3.330716899309493,2.1789077465484965,4.174343502341572,9.215049403610458,15.037938036453403,4580.75
B0046,45,112,4,1.179201763233652,3.3218468956700393,2.16713614374112,4.14222437268915,9.185331012909922,14.290141125898849,4557.406
B0046,46,114,4,1.169504032514554,3.327359417043662,2.175632256591337,4.173393414123743,9.046655941616262,13.996450231420782,4524.0320000000065
B0046,47,116,4,1.16772376849918,3.3259632346577273,2.1992835564527877,4.173536996898156,9.26195924957788,14.935082428364883,4502.938
B0046,48,118,4,1.1579256145829042,3.322240958381916,2.176786994904175,4.174582549013794,9.252994157098664,14.99164974108056,4483.094
B0046,49,120,4,1.1499812813376982,3.325985699672719,2.1988382142547396,4.174588307825947,9.26310734626783,14.811846373564524,4448.36
B0046,50,124,4,1.150285902223034,3.3114789937571287,2.165246924019346,4.140409334076233,9.331127163327569,14.247555903096723,4440.531
B0046,51,126,4,1.1349452274085248,3.3170441017303047,2.1595222389378317,4.1724288341154105,9.266824205941363,14.332240013732582,4416.547
B0046,52,128,4,1.1380960963513609,3.314496922697215,2.1831972567411246,4.172310550176221,9.20992133972331,14.276871638701772,4382.937
B0046,53,130,4,1.123711172150547,3.315933995614132,2.191895759269081,4.1745648072291,9.1721362476023,13.777310967702926,4347.453
B0046,54,132,4,0.0,3.4426193474976627,2.957668027855621,4.1730486061960095,8.57217147461004,11.441352869995514,3581.188
B0046,55,136,4,1.214119211354098,3.2963331961890048,2.1989086411312972,4.101731329888953,9.25834987796474,14.96165525093106,4746.5
B0046,56,140,4,1.211944797522819,3.3205927834140843,2.1759612427269523,4.14324574268369,9.311634785976043,14.622124863653873,4679.156
B0046,57,142,4,1.1971248679331923,3.3321448974569696,2.1740843812957524,4.174381858889519,9.306501252940652,14.181162993443126,4596.578
B0046,58,144,4,1.1822892151870987,3.3300589536831566,2.1699286892596934,4.173792780760516,9.361883663268088,13.989284902759552,4544.641
B0046,59,146,4,1.1645336676778397,3.326398154149516,2.15658205310809,4.174292933831419,9.565977385225588,15.042601535042603,4526.938
B0046,60,148,4,1.1535559567518647,3.324081152870965,2.159229413482601,4.174080626824366,9.613253810213061,15.027421071078606,4487.438
B0046,61,152,4,1.1601987101282065,3.2901896835135895,2.1981836512730997,4.089380393518967,9.659706152498446,14.577396723095212,4513.312
B0046,62,156,4,1.1711716308206082,3.3123680120679446,2.172247401410494,4.142442473931475,9.660074492266734,15.36587842843583,4568.438
B0046,63,158,4,1.1563410270783216,3.320267294029527,2.167855497701561,4.174041322689958,9.610732084606383,15.29268403662172,4499.656
B0046,64,160,4,1.141082456193516,3.3220005581957603,2.197413864039741,4.174154842675988,9.509606751933422,14.698902260428524,4430.984
B0046,65,162,4,1.1352383596118123,3.316995919062792,2.1808859045895868,4.173817719824036,9.55376799961061,15.066788669768552,4411.141
B0046,66,164,4,0.0,3.6155991581342013,3.4276877712777214,4.174508000036821,7.9488520188669245,9.413942588565497,1991.531
B0046,67,168,4,1.2530847858282803,3.304824958917925,2.1634350552847827,4.122428601972404,9.689325427035971,14.884443210062466,4883.312
B0046,68,172,4,1.2050453590356518,3.3235919579934095,2.1839323108066178,4.143823070139112,9.54652406934783,14.454392118638458,4663.907
B0046,69,174,4,1.19119860196273,3.3336764636844887,2.196284886273677,4.173823759594136,9.486110245180768,14.172939173239188,4581.328
B0046,70,176,4,1.17463817374538,3.32512940887575,2.1526544597098902,4.174042864835579,9.528985199683015,14.797843662102167,4553.031
B0046,71,178,4,1.1555432048235512,3.3265245824041667,2.1963314779954723,4.173923325104936,9.519831150565885,14.86814851282613,4486.5
B0046,72,180,4,1.1538041170229467,3.325662411014798,2.189500804437932,4.174510564064746,9.508632239069211,14.051631055988958,4450.625
B0047,1,0,4,1.6743047446975208,3.4752664759657903,2.4706118669327277,4.246764125510136,8.272422519178683,12.376815880696887,6436.141
B0047,2,4,4,1.5243662105099023,3.4765588189090355,2.477661652422805,4.186635709569866,8.210715424489035,11.314903320182367,5650.265
B0047,3,6,4,1.5080762969973425,3.4707669643372343,2.4707098734854784,4.199922751479228,7.954455063989402,11.624528187721145,5590.907
B0047,4,8,4,1.4835577960067696,3.4675514337042928,2.465457800547402,4.199568876812779,7.985864710265716,11.0929238810592,5543.61
B0047,5,10,4,1.4671391666146525,3.4628386272032645,2.465765118194009,4.1993968014662295,8.009426990342208,11.020979145558455,5499.046
B0047,6,12,4,1.448858156982267,3.4591836330966035,2.4700482803033514,4.198907847432783,8.033626730077737,11.05909419348262,5461.219
B0047,7,16,4,1.4458534180949325,3.440865649757287,2.484128874181115,4.163303236325632,8.150799939416203,11.877028657628198,5451.281
B0047,8,20,4,1.431118266178283,3.44810227661685,2.483034750266961,4.181797294694067,8.230899786348077,11.559250858608888,5468.062
B0047,9,22,4,1.4192745516578533,3.4496654644975946,2.49830336362436,4.197837203348764,8.146945225413083,11.34743713793976,5411.297
B0047,10,24,4,1.3999974221808271,3.4449123724079618,2.49851157426792,4.197777018222757,8.251894856354932,11.693269060729056,5369.703
B0047,11,26,4,1.3885156686114437,3.441830864370845,2.4919375577484737,4.197306543877358,8.23497518866995,11.557441727679935,5327.406
B0047,12,28,4,1.3652234669528964,3.434468178084287,2.4683068422721184,4.19770091242359,8.269239827690175,11.667407771157471,5299.266
B0047,13,32,4,1.4060442272970963,3.430115214310407,2.479195639185483,4.1533796403143945,8.236583239584068,11.311016339650983,5367.172
B0047,14,36,4,1.4057541613525781,3.442078085056046,2.4933737831605582,4.1809212253928045,8.16126508624072,11.175603921563273,5406.812
B0047,15,38,4,1.3867662881727878,3.4424678812268277,2.4915713224709926,4.198049966629152,8.25301239256121,11.15023736338702,5353.094
B0047,16,40,4,1.3705053061420223,3.433855142547628,2.471859124111365,4.1976485673043396,8.291638340695691,11.81131136026599,5280.031
B0047,17,42,4,1.3497431114823601,3.4327517306039357,2.488914813470205,4.1969633661004995,8.318107121376224,11.699803023226297,5248.593
B0047,18,44,4,1.3251533367939783,3.4273855541261473,2.4728525339367153,4.196227134476293,8.303021352537922,11.234017863419322,5203.375
B0047,19,48,4,1.3111943869635805,3.4184685184601045,2.4822189935935484,4.176260352394772,8.32601397527908,11.729632241368254,5166.812
B0047,20,50,4,0.0,3.6507246573834036,3.452630071948054,4.195583212031605,7.192903163731922,8.565277404002732,2384.094
B0047,21,52,4,1.3394234405932892,3.4156755122328164,2.481264290061195,4.199835388165491,8.388106987601862,12.186162994585318,5340.281
B0047,22,54,4,1.2849157142560723,3.4189443106786306,2.487540187711501,4.195847527614419,8.304841644444155,11.147409475641334,5103.0
B0047,23,56,4,1.281719159327807,3.4147835574863517,2.4907582384317,4.195387366763826,8.319029412369582,11.681014963080823,5051.172
B0047,24,60,4,1.2600051642942829,3.409591730169167,2.4931638320699276,4.174064296873529,8.40175592495139,11.29683746494969,5027.563
B0047,25,62,4,1.266070385993126,3.4076452403509663,2.479240941037315,4.1949588865165515,8.395347720509115,11.88239860330653,4993.765
B0047,26,64,4,1.2413590294280803,3.407201115194828,2.4915265338912347,4.194794488425212,8.419292173692186,11.79170575767619,4962.469
B0047,27,66,4,1.2298873703485311,3.402851724115477,2.495727313119633,4.194210512385239,8.293327119939335,11.726616039636879,4907.859
B0047,28,68,4,1.228088614506696,3.398740761774466,2.4979742120513753,4.19378669081209,8.49190236531868,12.464631760563272,4888.656
B0047,29,72,4,1.2139857189070042,3.3945066004903923,2.495109477398993,4.1718864589662426,8.437149776270967,11.863547747838407,4866.25
B0047,30,74,4,1.2173435064564189,3.39192930556013,2.4851956352139384,4.19388971043665,8.429621946088576,12.460832791038596,4836.125
B0047,31,76,4,1.2073445944515917,3.39128980672992,2.4873308484835266,4.1938733183948385,8.46306110156025,12.213639136225725,4801.485
B0047,32,78,4,1.18804049227045,3.3932667889977313,2.488620645344286,4.1933443957612875,8.459204966688853,11.534784991217848,4760.938
B0047,33,80,4,1.186304749886542,3.3838600818009588,2.476969143594387,4.19356398488292,8.493224799915222,12.42977502748968,4740.907
B0047,34,84,4,1.2613935471028506,3.3866520851320576,2.4790054948940434,4.142510591712848,8.466232868159803,12.428323073625249,4914.532
B0047,35,88,4,1.2648246158850653,3.402095154295076,2.479600589435018,4.174381011699289,8.553128334903379,12.487413364213579,4998.656
B0047,36,90,4,1.2466494548982199,3.404625504614091,2.46837363838224,4.194961577545829,8.342818484380935,11.343734065329729,4890.015
B0047,37,92,4,1.2333924152795082,3.3977378433240313,2.497016493627855,4.194728577808066,8.481468325698998,12.641653349352346,4842.11
B0047,38,94,4,1.2129250072037692,3.39454078926717,2.4751740867556524,4.194123941573546,8.425193812256257,11.969937687736323,4798.281
B0047,39,96,4,1.1999106597943647,3.397135252361952,2.499811739255094,4.194413177433493,8.471726206300676,11.438399477589398,4739.188
B0047,40,100,4,1.1902559038393383,3.384557786350807,2.494550023378076,4.172002506353698,8.510483818712029,12.144441411939049,4733.156
B0047,41,102,4,1.1892563795455853,3.38207924956575,2.477337702429082,4.194068049662567,8.530222967717657,12.67224284322037,4670.61
B0047,42,104,4,1.167069685125939,3.3808097620789024,2.478325379623597,4.193464344236471,8.420605358837513,11.984785271459067,4635.0
B0047,43,106,4,1.1615348403090369,3.382026759648077,2.494831087986124,4.192797311893991,8.51215713252602,12.101959002780742,4615.86
B0047,44,108,4,1.1555563844349988,3.376424700878435,2.4956781405402677,4.193468094113346,8.54602737861718,12.396974763839234,4580.75
B0047,45,112,4,1.1488524666097713,3.3729563491800936,2.4729308126474736,4.16991637056524,8.4485741292899,11.455115215105929,4557.406
B0047,46,114,4,1.143572986788779,3.37864248825242,2.494578415325497,4.192396921446495,8.334392904335672,11.39345446641458,4524.0320000000065
B0047,47,116,4,1.1418015379428537,3.370172138170829,2.492546798627854,4.192623205881946,8.548983420432004,12.6352725981059,4502.938
B0047,48,118,4,1.136058647502255,3.367920943746027,2.4752083843332136,4.1933895299679325,8.545644001542279,12.45444631401429,4483.094
B0047,49,120,4,1.1236364680969286,3.3731133787458685,2.4974098896142385,4.192510832064287,8.530684068571668,12.18400994607025,4448.36
B0047,50,124,4,1.1320498900328944,3.3570684734893477,2.470530852621601,4.1689267149519535,8.5880890540764,12.849012968534737,4440.531
B0047,51,126,4,1.1170101762158153,3.3691516897861753,2.4800604125308974,4.191753022543457,8.520717953543993,11.44307926801482,4416.547
B0047,52,128,4,1.120043039721982,3.3578225461504885,2.482310382215253,4.192116566565046,8.509426489984776,12.895633770945397,4382.937
B0047,53,130,4,1.1059773445917063,3.3676285575809373,2.499914991218416,4.192241727517348,8.454153696786289,11.573902587010835,4347.453
B0047,54,132,4,0.0,3.449492446913663,2.9946951355251095,4.192932934065261,8.047459499367323,10.553052640742195,3581.188
B0047,55,136,4,1.1907902374762016,3.372493003925355,2.47468810834507,4.151696493245396,8.476574571858773,11.984288635557064,4746.5
B0047,56,140,4,1.2012387088454022,3.382136756328252,2.4936019875098454,4.173641970261601,8.567006275916873,12.836265571184011,4679.156
B0047,57,142,4,1.1906909549024802,3.383822718764627,2.4794043785439617,4.194390827243979,8.607327084258758,12.655987301395294,4596.578
B0047,58,144,4,1.1764375730308343,3.3860339727551585,2.495823360233662,4.194161811786053,8.707959029152644,12.20963360823446,4544.641
B0047,59,146,4,1.1628110372792353,3.3841395923852935,2.4834980820953168,4.194190653204952,9.003534328496398,12.780134013784455,4526.938
B0047,60,148,4,1.1516152840582585,3.3827771801616175,2.4920392941768497,4.194292935889806,9.02852617906244,12.658108002877777,4487.438
B0047,61,152,4,1.1583673498348623,3.364536091766799,2.488243242390158,4.146356741131726,9.027729535660669,13.249368019025939,4513.312
B0047,62,156,4,1.1692285288386206,3.3787603150369994,2.498187334581169,4.172368631167838,9.071608131387514,13.102537521023756,4568.438
B0047,63,158,4,1.1588148476218465,3.38042492580436,2.4982213366801296,4.193697451503613,9.050284055951,13.019156020970017,4499.656
B0047,64,160,4,1.1439588147705457,3.3757552328187086,2.4715997205282143,4.193432136090228,8.986064263951343,12.612257184300963,4430.984
B0047,65,162,4,1.1383941068159398,3.374465176072899,2.4972991957929973,4.193707973256604,9.036875447987502,12.968805846071126,4411.141
B0047,66,164,4,0.0,3.6287077311529012,3.4270575222731954,4.193728328919069,7.698431744424151,9.05446951177611,1991.531
B0047,67,168,4,1.2213102850395667,3.3850807989789575,2.475863858583421,4.166980224197571,9.095394308322597,13.123905320087225,4883.312
B0047,68,172,4,1.2031062978889062,3.3900890450634233,2.482088014003299,4.1751120424901105,9.009063913586548,13.179418154583676,4663.907
B0047,69,174,4,1.1897147112197684,3.3919885847746993,2.484545959502679,4.195168632438667,8.958051495293551,12.742282067813369,4581.328
B0047,70,176,4,1.177422568842014,3.386239960829826,2.4817240149799855,4.19482784099826,8.972563208541265,13.23162562344335,4553.031
B0047,71,178,4,1.158443027293818,3.383817098626054,2.475682459777723,4.194470276921028,9.037146843138395,12.857920538298638,4486.5
B0047,72,180,4,1.1567087516841796,3.3818846696550433,2.4992087242533025,4.194180006661532,9.009035929017505,12.67528068575023,4450.625
B0048,1,0,4,1.6579955793677608,3.4658606296374312,2.6876065414465464,4.223690952621402,7.9114909421254485,10.851944131643279,6436.141
B0048,2,4,4,1.5076933476098775,3.4593246298099665,2.6835427959445024,4.161851896835355,7.958927971485882,10.829468947828506,5650.265
B0048,3,6,4,1.4989223343608031,3.4552294701778714,2.6769979855651793,4.175466417206107,7.708927821830712,11.053444137693344,5590.907
B0048,4,8,4,1.4782919502497789,3.4575807060974952,2.6934384147921953,4.174693750587349,7.711890755969547,10.582379295049947,5543.61
B0048,5,10,4,1.461856891390611,3.457640385589739,2.6967591738883163,4.174741021763634,7.733691649876036,10.227762694291695,5499.046
B0048,6,12,4,1.4509592706473475,3.454056999646405,2.6855475478766424,4.174511213058054,7.713793706750157,10.448166696977866,5461.219
B0048,7,16,4,1.451746997147108,3.436367401137892,2.6917502037421612,4.14121689573938,7.8513931260036465,11.087645565750543,5451.281
B0048,8,20,4,1.444392866287476,3.4466304878843594,2.689384375743919,4.158004815622747,7.905320525605018,10.331525897326845,5468.062
B0048,9,22,4,1.432738323965376,3.4469353939775913,2.6855540838129546,4.173957792716822,7.847675607740912,10.695473118282326,5411.297
B0048,10,24,4,1.417241201438662,3.4438356242957933,2.6891526224241358,4.173757067290182,7.926506175979814,10.588614300598088,5369.703
B0048,11,26,4,1.4057559944573452,3.4417182002819104,2.678956108681276,4.172904801080625,7.937097401174621,10.710761172174601,5327.406
B0048,12,28,4,1.3902706269897063,3.439456123966976,2.688287422782237,4.173032965850683,7.9661274485105595,10.526862897224621,5299.266
B0048,13,32,4,1.4196659307880326,3.4300387550398135,2.680621623320638,4.133304141515335,7.886742523689043,10.680714357791624,5367.172
B0048,14,36,4,1.4190563985232272,3.442487347026378,2.693587841641054,4.1566553119964516,7.810373532807223,10.479304841863389,5406.812
B0048,15,38,4,1.404272356704056,3.4434500367152183,2.6905447145318244,4.172913024979518,7.869709498966687,10.378581035006627,5353.094
B0048,16,40,4,1.3916140490958342,3.4369770767738053,2.6889512479861937,4.172334722190024,7.873285917762758,10.851484720266557,5280.031
B0048,17,42,4,1.3749618350294734,3.4351167375068576,2.6767423992621824,4.171533861821569,7.888295790156799,10.70498211965856,5248.593
B0048,18,44,4,1.3545155713071164,3.4352880614818906,2.692752260117709,4.172113180559959,7.90514873318139,10.268281599303819,5203.375
B0048,19,48,4,1.3440223073315984,3.426473499744202,2.69610071870072,4.152547964911409,7.9278743808781424,10.420289094539939,5166.812
B0048,20,50,4,0.0,3.6332673475295345,3.4429735829245125,4.171642845757827,7.084065434295192,8.382812028066311,2384.094
B0048,21,52,4,1.372384475860572,3.4231723044699156,2.6813752744142234,4.176821150785954,7.950376644939932,11.025933551300648,5340.281
B0048,22,54,4,1.3184105752674413,3.428797713311107,2.6946752970811247,4.171686901258687,7.891054732187375,10.196289899952209,5103.0
B0048,23,56,4,1.3112727599578604,3.4246615589655964,2.6954700046169733,4.172000465131976,7.911933312913009,10.67776116366158,5051.172
B0048,24,60,4,1.2970172419001187,3.420260120001828,2.696945913635699,4.151092092342163,7.9731250548171255,10.197605675555666,5027.563
B0048,25,62,4,1.2995219526631718,3.4176468335228454,2.678219557836974,4.171107672675929,7.988820643678426,10.817583822184044,4993.765
B0048,26,64,4,1.2826154066729571,3.4172601086559014,2.6929901554909765,4.170406220123355,7.990220402102304,10.516072793190034,4962.469
B0048,27,66,4,1.2752890152407,3.4115448650857543,2.6849697818820895,4.169460748536267,7.882690956878554,10.549697060839051,4907.859
B0048,28,68,4,1.2735572473264072,3.4065891490442124,2.6836073579697186,4.170165006607723,8.054682377673142,11.262651366620426,4888.656
B0048,29,72,4,1.2594114333938535,3.404850768576602,2.6880496504528555,4.148906074950599,7.989516678064296,10.67022537319244,4866.25
B0048,30,74,4,1.2631632585495876,3.4037388246513496,2.6866245843324728,4.170272562112315,8.031961049301984,11.290252755528313,4836.125
B0048,31,76,4,1.2491717310136363,3.4068285577090975,2.698617918096401,4.170271899546104,8.043229181254354,10.973350060572036,4801.485
B0048,32,78,4,1.233984347835307,3.4086789774100317,2.699107325579607,4.1694521749389235,8.03181115051043,10.3391489283262,4760.938
B0048,33,80,4,1.240031992028868,3.3973450050321667,2.6835548325191994,4.170146996930818,8.097013437245895,11.22843469416495,4740.907
B0048,34,84,4,1.30370857198071,3.3993392010348766,2.681569834191177,4.12494331073437,8.022533123805395,11.142187018109254,4914.532
B0048,35,88,4,1.315055963470538,3.4116534333763227,2.683679055503892,4.151287967783268,8.108172025448226,11.266783334689709,4998.656
B0048,36,90,4,1.2888738300982074,3.417645007960136,2.682654869893668,4.170265534323388,7.8977220071348055,10.42585253276335,4890.015
B0048,37,92,4,1.2877137595885193,3.4079105797438367,2.6823844675903756,4.1709795561538705,8.04149350152151,11.216029100406415,4842.11
B0048,38,94,4,1.2673379985315463,3.407164499269472,2.6862404868403718,4.169424514471797,7.954120438181095,10.782099455149345,4798.281
B0048,39,96,4,1.250594345697306,3.411264697940678,2.6969281633328235,4.170624380836064,7.99745058769299,10.321202935071103,4739.188
B0048,40,100,4,1.2487131179395878,3.399055092260418,2.697244348677796,4.149740744130536,8.033089769228212,10.970703995179441,4733.156
B0048,41,102,4,1.248002326082933,3.397998613644679,2.682663772646134,4.170538290499679,8.032822875095608,11.121182366824467,4670.61
B0048,42,104,4,1.2300895244599586,3.3968749308721438,2.6897565950033164,4.170102316006519,7.971994643634386,10.805368665446066,4635.0
B0048,43,106,4,1.2244197121500935,3.3949285391136215,2.6851150517360427,4.169002458595089,7.985840586212385,10.904276324187439,4615.86
B0048,44,108,4,1.2186682845116386,3.3923053503439844,2.691698678764574,4.169722967056448,8.055923800450703,11.177549576040898,4580.75
B0048,45,112,4,1.2037865236033616,3.393507466288284,2.688395997689043,4.147796072295514,7.982156595851859,10.375532122783676,4557.406
B0048,46,114,4,1.1947642300832226,3.397997936501643,2.6966509268234162,4.16937546220786,7.842796481143621,10.314092555911314,4524.0320000000065
B0048,47,116,4,1.2052091893871497,3.3882925257712975,2.6969697387700067,4.170164354666364,8.079939832789865,11.367431862943256,4502.938
B0048,48,118,4,1.1955746593628465,3.3877256181336417,2.6967087456075824,4.169926901474105,8.064765751727982,11.06954549641082,4483.094
B0048,49,120,4,1.1888497102149884,3.3892443793813447,2.6919470298999473,4.169479557902343,8.047690080561159,10.977331626368251,4448.36
B0048,50,124,4,1.1915605250807406,3.379247569665043,2.686563173222129,4.1466990810536295,8.077528255423264,11.250413706808821,4440.531
B0048,51,126,4,1.1726587153109655,3.3916390352444328,2.6961737443762415,4.168333177873153,7.993540199499143,10.261913330935936,4416.547
B0048,52,128,4,1.1841133872494156,3.3795641863547807,2.687805922420921,4.1690272272079385,7.973181959906697,11.209451387068038,4382.937
B0048,53,130,4,1.1576825122317769,3.3905357196785717,2.6954427225266566,4.169215137661718,7.915947250994455,10.394655986683219,4347.453
B0048,54,132,4,0.0,3.4657216656737035,3.078111316923791,4.1701191621232025,7.631644271961187,9.73523495959482,3581.188
B0048,55,136,4,1.259355851168598,3.3909861606032004,2.6861121256233056,4.135364610542779,7.938268366482139,10.71880829888557,4746.5
B0048,56,140,4,1.265883375278026,3.3970417211274984,2.6816961536149058,4.1506494675081695,8.024531067354474,11.267543040114028,4679.156
B0048,57,142,4,1.2472598673184119,3.4053897793262036,2.6935260886313634,4.1705945560509186,8.026701986317695,10.977215485451685,4596.578
B0048,58,144,4,1.232808747256218,3.4044637089502996,2.6819098951639786,4.170902199360611,8.083086131954136,10.698980931953203,4544.641
B0048,59,146,4,1.2319592783041904,3.40066115678775,2.6836569825858465,4.1707733769162845,8.282945581406354,11.200778779435032,4526.938
B0048,60,148,4,1.220785786262778,3.399557901522936,2.686405541586876,4.170606882649154,8.296254318972048,11.067122162658642,4487.438
B0048,61,152,4,1.2275441303266783,3.3869933616946555,2.685608364298082,4.1280471381711665,8.280354632475289,11.217197558663642,4513.312
B0048,62,156,4,1.2386788414290355,3.3947531020283486,2.685972991906515,4.150268203613492,8.346898191755683,11.59325762914515,4568.438
B0048,63,158,4,1.2283577755407058,3.3979955411966936,2.689198249643033,4.1705243721131415,8.337878264565942,11.534047303435644,4499.656
B0048,64,160,4,1.2095481507570451,3.399587991995103,2.6983204775942364,4.170294880009359,8.259622932500356,10.92572543982624,4430.984
B0048,65,162,4,1.2082142070681048,3.3951186218431086,2.693240203211685,4.170568686817898,8.290496900072908,11.346378697595553,4411.141
B0048,66,164,4,0.0,3.6274300474413557,3.441548920019712,4.170160404909495,7.381556529300557,8.56828741399406,1991.531
B0048,67,168,4,1.2998734542832147,3.402660754515897,2.6866110987705887,4.152589435404936,8.321321846834685,11.439171740202124,4883.312
B0048,68,172,4,1.2691220651743778,3.409317486730915,2.699083135691788,4.151970239591361,8.23807744072398,11.147240167890732,4663.907
B0048,69,174,4,1.2555144634690785,3.4133709426845624,2.6907134698484554,4.170962379739071,8.189029507624946,10.831285577855546,4581.328
B0048,70,176,4,1.2519876926897657,3.4068009615962724,2.684500860538322,4.171135033653532,8.234868029314756,11.236293148641268,4553.031
B0048,71,178,4,1.2374982003019996,3.406169063274703,2.687835669252526,4.1708733924683505,8.238279702155017,11.08616967823061,4486.5
B0048,72,180,4,1.2231273969878986,3.406745720524415,2.690437364566134,4.170920111392399,8.219372551773532,10.751912617606896,4450.625
B0049,1,0,4,0.8583727215167135,3.053366988981642,1.9925401284554691,3.8462292855248927,13.052857746525287,16.380725919820748,1713.235
B0049,2,4,4,1.4209057149417375,3.2129415422375103,1.9882559316714203,4.162219408853582,12.628005551626734,20.824132297943244,3170.984
B0049,3,6,4,1.372852133389263,3.184979657873478,1.9995727928951719,4.191097729318615,12.625179528928726,22.127142494646403,3135.344
B0049,4,8,4,1.3643742487429145,3.3418301077163908,1.9713959702644483,4.191581344098992,11.462796138822771,17.45530915998414,3049.781
B0049,5,10,4,2.378643730568756,3.2625681004485227,1.9735165526751874,4.462470916200919,14.669814873687034,20.096309819317955,4565.859
B0049,6,14,4,1.0605357965671216,3.4447754613409876,1.9779063196102418,4.176096603328684,10.159724053383584,20.530529696550808,5428.594
B0049,7,16,4,1.0069932376659496,3.2264301040985295,1.999505796022011,4.192152439213644,12.747809437833528,19.605507267281187,2646.797
B0049,8,18,4,0.9298775334359536,3.226587700876868,1.9998676881173485,4.19193811929599,12.859387226194555,21.578292345131203,2705.594
B0049,9,20,4,0.9232377029483808,3.2214892828227866,1.9942412611094629,4.191932999195206,12.77865014417398,21.333411676684346,2627.828
B0049,10,22,4,0.9053279121173716,3.3410764354812947,1.9887929829692834,4.190969695803424,11.60077882051404,18.65094643921925,2981.312
B0049,11,26,4,0.8595848360639872,3.064645703434,1.9939496316818301,4.171684324757671,12.462166006182779,21.206691637037263,1941.797
B0049,12,28,4,0.8369614294820705,3.2359600944959555,1.9970255058845359,4.190637849743496,12.68524460660397,21.329570135453707,2663.625
B0049,13,30,4,0.8456824187653132,3.306834813693079,1.990570708799589,4.1898267739177975,12.070917134385256,18.615958800969327,2862.25
B0049,14,32,4,0.8071214007577537,3.027048731210282,1.9874243707218107,4.190571685709423,12.931744232686027,22.131760657764843,1894.485
B0049,15,34,4,0.7820744360746734,3.0458944536011447,1.9892517372066318,4.18826381558764,12.53100572898693,21.079756102740596,1799.25
B0049,16,38,4,0.7953019444133349,3.0556096413337333,1.9868911872895965,4.162762870031206,12.335513729341908,19.664724046912717,1741.204
B0049,17,40,4,0.0,3.6333215332721274,3.4543504315144196,4.19011964495105,7.437341180783139,8.914965140326935,236.156
B0049,18,42,4,0.7752051154719997,2.9848405470772863,1.996058976050717,4.1692630784027385,13.187367445445181,22.347809168975328,1899.218
B0049,19,44,4,0.7711865903845158,3.216101228170252,1.9811242583835047,4.186817701935873,12.73854385905339,19.41196098209977,2305.25
B0049,20,46,4,0.7585098914517947,3.0487042882213067,1.9912347674711242,4.188353148421002,12.43174282130699,19.074608803884857,1690.594
B0049,21,50,4,0.7349386490499009,2.97408172255637,1.992352748796434,4.161361064351189,13.382353818734753,22.607671167433093,1800.421
B0049,22,52,4,0.7366758033690756,3.0444695632884358,1.9960897948919885,4.186507738215053,12.300881528020009,19.003281636478988,1633.25
B0049,23,54,4,0.7093946599203638,2.977231196667954,1.9999963944412724,4.188359485457034,13.146013541941878,22.10154579807187,1737.172
B0049,24,56,4,0.7186465009220309,3.0221149151314726,1.9911540027307004,4.185414346041184,12.419820365387574,19.702963463668752,1614.406
B0049,25,58,4,0.6913885231046639,2.9634989615749228,1.9924291348754952,4.187572397568079,13.214727037699832,22.293655276575564,1708.86
B0050,1,0,4,0.8631448527758341,3.058057702902253,2.1766233079901336,3.818275498868238,14.106047002561935,17.700710235479104,1713.235
B0050,2,4,4,1.648789607776492,3.2490350549942337,2.1749971933736196,4.158856235580694,12.882473241826201,19.05864532227174,3170.984
B0050,3,6,4,1.601636485397804,3.276984379936998,2.1911951483218752,4.183088539012577,12.442013542177062,20.111233999456417,3135.344
B0050,4,8,4,1.5517564797427017,3.2890741542906974,2.1942759978640183,4.1834218050176215,12.067451252934292,20.278735817853075,3049.781
B0050,5,10,4,0.03255841710834194,4.452558225780352,0.3492816607816715,4.535649473663294,5.787557091529866,6.935918101259972,4565.859
B0050,6,14,4,2.6401491157387014,3.3355734950869853,2.1784008909706682,4.542426686314755,15.239769089136006,24.962762102598134,5428.594
B0050,7,16,4,1.359027658891632,3.2573285012561177,2.1918281570306326,4.180885798287954,12.391726056611569,19.265522316221983,2646.797
B0050,8,18,4,1.3742172692238257,3.2495783074004967,2.1945981119604814,4.184295530413868,12.491970904185653,18.663327817580566,2705.594
B0050,9,20,4,1.3528030430821978,3.2675758567757787,2.1871747097810523,4.186758460479898,12.223956310303723,19.24741197475352,2627.828
B0050,10,22,4,1.3607406193458433,3.1510598793508446,2.1918823058659096,4.185256536983114,13.38638423557352,22.784422727870645,2981.312
B0050,11,26,4,0.5268786924650971,3.5669768532640593,0.32032996389875884,4.160830604206153,9.39503756076183,13.887369323051947,1941.797
B0050,12,28,4,1.4002714246164416,3.252056715450036,2.1842630942134558,4.184284380356375,12.718196082251707,17.779357290699473,2663.625
B0050,13,30,4,1.4289274755270827,3.0874838435029104,2.1762467490120763,4.184699738172036,14.939082954475598,22.235523638017437,2862.25
B0050,14,32,4,0.07658354174014805,3.527243039562959,2.1381406475642324,3.691318669736286,7.209330122235991,10.434223507755965,1894.485
B0050,15,34,4,0.5736933387569048,3.2035526569134523,2.1260336204243564,3.7956487236587715,12.119721382650447,18.155212967925518,1799.25
B0050,16,38,4,0.3014742035427856,3.4168857432287325,2.186548090086204,3.757656239642927,9.057556338502183,14.027851994614435,1741.204
B0050,17,40,4,0.0,3.322716204974352,3.2123720225635264,3.7574298441231093,7.604996558081503,9.290927916610503,236.156
B0050,18,42,4,0.17956542632321462,3.290574483611846,0.1970552492968445,4.171560623651518,7.204792493597744,9.918067818733402,1899.218
B0050,19,44,4,1.179168781562907,3.210764993027875,0.19273770746186986,4.062962069472706,12.058448732368104,19.262784970646152,2305.25
B0050,20,46,4,0.0961913170505672,3.520738945664212,2.1295104990476927,3.705386395014377,7.604057088612014,10.698614481562748,1690.594
B0050,21,50,4,0.27808517709104497,3.3510986530307876,2.199179035422044,3.7635457349114034,10.185710952125977,15.425941131175092,1800.421
B0050,22,52,4,,3.40018711839692,0.4130567628886104,3.818979027069523,5.65936924570859,6.6283285313680995,1633.25
B0050,23,54,4,,0.29667794891607624,0.26990846662474766,0.3599544547321904,5.884714514591004,6.566309956548845,1737.172
B0050,24,56,4,,0.24197773151733176,0.23398362100651354,0.2492950753551196,5.647486022663556,6.606324237240683,1614.406
B0050,25,58,4,,0.23472276332269082,0.22599553989299218,0.2459800772270432,5.894264423762076,6.577509402056284,1708.86
B0051,1,0,4,0.6434735598158292,3.1549295868000704,2.469359676853076,3.8000325140227753,13.521306814955082,17.933039751399626,1713.235
B0051,2,4,4,1.2931804619982779,3.3515013948204975,2.4943981098310886,4.166332642660912,12.32941609273775,17.97953483271074,3170.984
B0051,3,6,4,1.2288940261191657,3.4103353813308233,2.493737690186406,4.197817181186768,11.786163300295161,16.976273689395825,3135.344
B0051,4,8,4,1.2039031789717949,3.399036037954353,2.484825203522635,4.201090648817504,11.79177216318508,18.15291521418941,3049.781
B0051,5,10,4,2.330873478782131,3.35046347393405,2.481006838176381,4.4605398643795535,14.855344209164883,20.74350641722436,4565.859
B0051,6,14,4,1.0092808819126011,3.5507869816186806,2.4989144012367213,4.183564695802171,9.407360590589006,19.42896460124537,5428.594
B0051,7,16,4,0.9565659895125322,3.3747303939191564,2.4909800416005967,4.201222601303239,12.00427347710193,18.9541455757646,2646.797
B0051,8,18,4,0.901956291365404,3.4288897043375743,2.4946772785123836,4.202406487867388,11.420322251577586,17.468709072861763,2705.594
B0051,9,20,4,0.8897906666138162,3.391239374171384,2.4990630530936326,4.204413406598424,11.80356781146328,19.153660408464766,2627.828
B0051,10,22,4,0.8830717036634559,3.458540277576628,2.4911013141195597,4.203308441652878,10.939133221658826,16.52477794467856,2981.312
B0051,11,26,4,0.8431270354481757,3.331880238029603,2.487899627353052,4.187936112831865,11.883224057630693,17.11375752268931,1941.797
B0051,12,28,4,0.826559103449663,3.4455112582421257,2.4928843010694406,4.204131585576503,11.104558398908889,17.63739523383682,2663.625
B0051,13,30,4,0.8352681546837963,3.4313160640623783,2.4993609910440835,4.20261624712583,11.406827135294929,18.522369238924334,2862.25
B0051,14,32,4,0.8025719464987874,3.3091927488307733,2.498094046924129,4.204441713018145,12.198436592525173,18.399233275283038,1894.485
B0051,15,34,4,0.7839218784699513,3.321646649287508,2.495501924298458,4.205629455017258,11.825318185585296,17.275372082939334,1799.25
B0051,16,38,4,0.7910763493036002,3.2949705809839465,2.4904774374699135,4.18869211223692,11.83597928071688,16.60444518809659,1741.204
B0051,17,40,4,0.0,3.7129537186963533,3.546618065659587,4.197410333228745,7.054471734319081,8.422696645654868,236.156
B0051,18,42,4,0.7654538269480236,3.3300145239416707,2.491598912047876,4.1821997161959255,12.009985166510232,17.682518901037938,1899.218
B0051,19,44,4,0.773177347633947,3.3919119959638957,2.4869071541416994,4.194584498935661,11.6895460366882,16.94512387438401,2305.25
B0051,20,46,4,0.7605293776416485,3.267971796503206,2.499952602276462,4.197406401996851,11.987366110206718,17.545176388637014,1690.594
B0051,21,50,4,0.7376430319247004,3.2933938275360117,2.4997210982004625,4.189508964301152,12.368454802055908,18.870237090882178,1800.421
B0051,22,52,4,0.739179500257907,3.271485849685164,2.491516785323916,4.19596724295681,11.810149488093078,16.8501327260127,1633.25
B0051,23,54,4,0.7014575429842594,3.30778530525047,2.496222014851971,4.190531975284901,12.09457421285805,18.12397455517185,1737.172
B0051,24,56,4,0.7047349480541781,3.2841455177779646,2.488325882818304,4.178476681914968,11.797027499425711,16.26047891418261,1614.406
B0051,25,58,4,0.677848893570423,3.3119152698386256,2.495715251425015,4.1919700049548565,12.079392114792578,18.153508709771476,1708.86
B0052,1,0,4,0.8606591508342232,3.134533959399899,2.691234036028442,3.83956882325682,13.147685384792432,16.429874854641657,1713.235
B0052,2,4,4,1.4183095114360322,3.3543285492513166,2.694829986819334,4.150553672824585,11.746281905613133,16.315701424377302,3170.984
B0052,3,6,4,1.3707123028693164,3.3958185323324503,2.6969580006046856,4.176524869238658,11.375626826625542,15.689005573106092,3135.344
B0052,4,8,4,1.3515647352626494,3.3984180977394076,2.697283446718984,4.178983136527925,11.242586382966397,14.971275763649981,3049.781
B0052,5,10,4,,0.23689766012253222,0.22682521043328058,0.24097057206858588,5.5591158087032575,6.581808344024416,4565.859
B0052,6,14,4,,0.33891988449688537,0.32591440938121413,0.40137408149367293,5.817834945150515,6.737694429645351,5428.594
B0052,7,16,4,,0.3234807888442702,0.3222221275291471,0.3247660042446946,5.782840820033069,6.627599429348354,2646.797
B0052,8,18,4,,0.32390294292207045,0.3218827423030691,0.3249405523148152,5.813684831217029,6.583040639790345,2705.594
B0052,9,20,4,,0.324473351966894,0.3232168838079549,0.325615660720445,5.767637628902302,6.6517285530931165,2627.828
B0052,10,22,4,,0.3246618757239439,0.3230251103407697,0.3259509224348625,5.786917078715292,6.5987627942231075,2981.312
B0052,11,26,4,,0.35320476265266726,0.34329394728157264,0.39555711883977845,5.683693761052382,6.6219772375278785,1941.797
B0052,12,28,4,,0.32336120090005843,0.3211377350306882,0.32747449035264015,5.727340157746257,6.646274566862874,2663.625
B0052,13,30,4,,0.32391593370497757,0.32173765393135323,0.326717874874792,5.9003989237563355,6.672403840084891,2862.25
B0052,14,32,4,,0.32524374198582356,0.3234955258719347,0.3273918513110536,5.883705249180587,6.586040670084572,1894.485
B0052,15,34,4,,0.3257026258942197,0.3237199275721395,0.32791863875082183,5.705300542411731,6.6242080981673,1799.25
B0052,16,38,4,,0.4073647899207004,0.38102489266303374,0.5149253197410989,5.659816925973588,6.59530928801328,1741.204
B0052,17,40,4,,0.3295911981833905,0.3288279450149741,0.33044222558555514,6.161148563000329,6.28820769613908,236.156
B0052,18,42,4,,0.3234524095139687,0.3194939610849327,0.3268780977694632,5.75534290155213,6.582054970348843,1899.218
B0052,19,44,4,,0.32192337326959014,0.31842123387521715,0.3285254196383198,5.773897577009191,6.588698518838487,2305.25
B0052,20,46,4,,0.32179114268680864,0.3170418237707028,0.3283222855989348,5.7051337493509084,6.60717530952573,1690.594
B0052,21,50,4,,0.4906874413217856,0.4493991260435427,0.7680244991448124,5.961640391926228,6.61496479869181,1800.421
B0052,22,52,4,,0.32496324886560674,0.31787914424915487,0.3361141058865468,5.640355163569891,6.6145133816337776,1633.25
B0052,23,54,4,,0.3200749504297927,0.3153630335182592,0.3261771649155523,5.878312867355149,6.546796095221561,1737.172
B0052,24,56,4,,0.32277757293497206,0.3154931438300191,0.33129201158051325,5.623840641053641,6.595730103984381,1614.406
B0052,25,58,4,,0.3208764063278491,0.31539862717685724,0.3284411359130549,5.882304744716434,6.555064601703525,1708.86
B0053,1,0,4,1.0691417886194299,3.0828389099409663,1.9808329057464713,4.082016063841389,11.988576567861957,19.02185891684059,2349.64
B0053,2,4,4,1.1540727934432229,3.1103286425468237,1.9735558560671433,4.178658528567033,12.059863244911188,18.304754041202315,2560.688
B0053,3,6,4,1.1501525413826983,3.1104628288221936,1.9558143264177166,4.192255020207044,11.967885395858058,19.33942752368694,2522.375
B0053,4,8,4,1.1305863853936766,3.115027942360279,1.9974831055926598,4.192588912486402,11.985900972885712,18.729143210051177,2488.719
B0053,5,10,4,1.121790272357562,3.109376043532363,1.974695202836088,4.192849949462827,12.004376962205335,18.709411575172346,2474.844
B0053,6,12,4,1.1135982401443856,3.1067532264566258,1.9637397944562873,4.193081087954604,12.133888437168595,18.63570596513145,2473.875
B0053,7,16,4,1.0864654057095062,3.083406677687234,1.9443649588528493,4.179165887700054,12.32708937826574,21.292305794774187,2495.5
B0053,8,18,4,1.0647493568993147,3.080580001769896,1.9470490842081751,4.191975122366585,12.164497494980397,21.011599594200046,2481.078
B0053,9,20,4,1.0809288094959644,3.0828198149689934,1.9602813323957715,4.1919635181969905,12.128732336863894,20.939938897683515,2460.125
B0053,10,22,4,1.0852752041846463,3.095128536447283,1.9605995541160257,4.192155796080977,12.245191547318633,19.283836838998095,2440.547
B0053,11,24,4,1.0504799933740894,3.078011917190656,1.9595048550370973,4.192319942921637,12.190916714981144,21.101391697483887,2449.922
B0053,12,28,4,1.0853550177054305,3.0992512260717127,1.9845858202377116,4.178294459840927,12.163073942837917,18.64340722345076,2408.781
B0053,13,30,4,1.0508395690790722,3.0759964813859115,1.9446709162715439,4.192753069603226,12.292542702117027,21.313677971413888,2442.547
B0053,14,32,4,1.060906788333118,3.076814828498021,1.9692766515934297,4.192029518756707,12.1295279689702,20.92811979857166,2420.671
B0053,15,34,4,1.070582461063814,3.0908348956433267,1.991566826677512,4.192422731350341,12.364595355360214,19.930786955410536,2409.906
B0053,16,36,4,1.024036665663697,3.0705536079059534,1.9588680902433295,4.192159667005352,12.128324396717016,21.0220574646762,2416.672
B0053,17,40,4,1.0670957253433857,3.087460321440554,1.9836880271317603,4.177933640317498,12.302129277138697,19.091622529647232,2395.75
B0053,18,42,4,1.0279237850447498,3.0715434654202056,1.968810244689163,4.192397472111982,12.366585260617878,21.30570494347084,2410.688
B0053,19,44,4,1.0325426399701008,3.0648787393041275,1.940239319338743,4.191651190035001,12.13341884254367,21.068855242444318,2402.125
B0053,20,46,4,1.055948784653705,3.0920593287919123,1.9763616179319545,4.191822005194803,12.146814956196247,19.0403826843671,2355.265
B0053,21,48,4,1.0445313831308718,3.0752264215555254,1.958878972318411,4.192766032434195,12.493460218119651,21.229882941943842,2396.719
B0053,22,52,4,1.035313906812183,3.063652287832334,1.9866817453254884,4.151701089360854,12.212439916474112,20.949809700571592,2442.344
B0053,23,56,4,1.076341053101982,3.081738329329653,1.9605382250198837,4.177926260298856,12.533800131697804,20.122996890408825,2444.703
B0053,24,58,4,1.0352223140423542,3.0712653565298207,1.9904175883780109,4.19142646613203,12.15752125414067,20.906313087706064,2412.25
B0053,25,60,4,1.0514287056908256,3.0775076513338275,1.9817745728975946,4.191965715839513,12.500489505201012,21.200762542996532,2403.234
B0053,26,62,4,1.060332934638968,3.081721091323029,1.9986378497920827,4.19127356264746,12.129752391274424,20.01669492389786,2361.047
B0053,27,64,4,1.0236966462748538,3.065618110074436,1.9475532037509713,4.192474641560636,12.4375808996521,21.300888549752415,2392.468
B0053,28,68,4,1.0465884668750887,3.078450046499129,1.9971786671898824,4.17716731983324,12.499986997045514,19.859103950325803,2373.89
B0053,29,70,4,1.0031121684812232,3.0625561806089783,1.954304860794578,4.191922035679278,12.407329307373491,21.371062787995548,2383.234
B0053,30,72,4,1.0461578935615607,3.070668465167841,1.9728121678621011,4.1914917424018325,12.12683073125857,20.121473725568496,2342.453
B0053,31,74,4,1.0156263513525605,3.0689252222547845,1.9932654775438805,4.192505197154108,12.488226976946088,21.375504791399432,2359.296
B0053,32,76,4,1.0250054893129452,3.059463155886766,1.9677305370734945,4.191388693209469,12.141455926320956,20.75519907919811,2345.453
B0053,33,80,4,0.9801331625592913,3.0515604930870808,1.9646771872417268,4.176817913788527,12.395143910298117,21.495108529574846,2360.172
B0053,34,82,4,1.036777776420363,3.077258112412092,1.9842967959422222,4.191203897341503,12.19451958922961,19.650976156235696,2315.407
B0053,35,84,4,1.026830062058722,3.0764274410465147,1.9519786488395736,4.191950279497998,12.32467046038635,18.85601423191303,2322.156
B0053,36,86,4,1.0150379662805102,3.0735171627901745,1.9991200294367055,4.191989330112193,12.456556362135045,19.66943680638515,2327.1570000000065
B0053,37,88,4,0.9904614739486177,3.0586262243104274,1.9919158008530222,4.192193889063254,12.493233578273262,21.138845685984403,2335.0
B0053,38,92,4,1.0145765174582757,3.0655406838342585,1.9455914118085802,4.176984220978375,12.497083720348076,19.288047919779906,2329.375
B0053,39,94,4,0.9811308944080389,3.0545790418645686,1.9745609840275167,4.191893131054369,12.499664099435382,21.3268013324968,2333.875
B0053,40,96,4,1.0041687429386437,3.050692756091621,1.945088917895143,4.191053526742021,12.233147481743185,20.84260661100648,2317.453
B0053,41,98,4,1.007820487960787,3.0706836502741286,1.9541644750198832,4.191344296215671,12.380002749755878,18.56010936417985,2295.109
B0053,42,100,4,0.982454133084564,3.051595420919736,1.935548354335742,4.1920711169862885,12.616251645969692,21.59240098021019,2326.657
B0053,43,104,4,1.1096775355538027,3.072187965091245,1.9814063517681837,4.132408076306833,12.829588969895449,20.679962323191948,2479.297
B0053,44,108,4,1.1136801589914762,3.094404341842919,1.9931418060709154,4.175775307137671,12.589854217504927,18.987480522594797,2463.578
B0053,45,110,4,1.0385009100572404,3.070776135685358,1.947894370100842,4.19084164853627,12.499581621225964,21.621996984314368,2458.812
B0053,46,112,4,1.0768815902180078,3.093317588803282,1.9856387948209866,4.19061444729718,12.550448845753783,18.973652680872625,2400.672
B0053,47,114,4,1.0721705505837382,3.0749380759068083,1.949232767477218,4.191036582578031,12.432369953422185,20.978900321002104,2396.407
B0053,48,116,4,1.0124588999851116,3.0677280268889113,1.971670057823583,4.190677216614621,12.51661002939304,21.79016577987201,2392.375
B0053,49,120,4,1.0279944857549583,3.0638438118587557,1.9947630114629615,4.174970264553197,12.386978430486096,21.259687238039497,2373.687
B0053,50,122,4,1.0304147279049998,3.069633671738992,1.93495405419616,4.191223425605613,12.86442209459833,22.11367611975276,2385.922
B0053,51,124,4,1.0556163273995052,3.0774703956362286,1.9626921591466933,4.1907916530158085,12.452887134609785,20.512663513524156,2345.0
B0053,52,126,4,1.0011115418162628,3.065650898720959,1.965011869626919,4.191391388470691,12.717167506079072,21.838243278861643,2363.047000000006
B0053,53,128,4,1.0466839215498662,3.087680483774557,1.9982886464924436,4.1908069648629,12.479976931874727,19.19841243068418,2316.687
B0053,54,132,4,1.047181656018543,3.080080108538352,1.987337089818558,4.176075101120923,12.53086381740867,19.947938817320452,2322.0
B0053,55,134,4,1.0102740078425778,3.0638130274525714,1.9333820178355814,4.1919833117809935,12.900294389057347,22.111677092018486,2357.687
B0053,56,136,4,0.0,4.060790325607858,3.8013484699433544,4.190597056442859,6.164758961234487,6.582625875555882,23.0
B0054,1,0,4,0.7399351039859233,3.224017445984581,2.1808531235872497,3.849482783980402,12.463481398239779,19.2224107892251,2660.313
B0054,2,4,4,1.1665440238116096,3.250620648698839,2.1857283549042807,4.1501696736386835,13.22908734445715,19.13350840101625,2826.0
B0054,3,6,4,1.1052521456138635,3.3125509639490387,2.191704472328808,4.18097797086454,12.767949622305693,19.246439328077983,2818.578
B0054,4,8,4,1.0960302257185877,3.014547209987882,2.194436684364802,4.183817862511293,14.48548355867213,25.274344894624623,2713.812
B0054,5,10,4,1.0754450685609742,3.362083204238267,2.1744802077788186,4.179551945393369,12.210694836100142,17.912726519981458,2786.578
B0054,6,12,4,1.0655493528023796,3.01935322902276,2.1991956579298835,4.186221002348923,14.382852820878863,25.399130245059563,2667.89
B0054,7,16,4,1.0568368579972396,3.294907679053512,2.195382286735059,4.162967318861197,12.646539321462496,19.958495728003356,2530.172
B0054,8,18,4,1.0449064445364842,3.099558518903638,2.186961493066742,4.186119302404479,13.501798463127008,22.3455512044548,2446.062
B0054,9,20,4,1.0458363976936966,3.344320754921095,2.1792899341144296,4.183685207894235,12.310686417130766,18.346440665576743,2713.25
B0054,10,22,4,1.018187920878015,3.3393968492515325,2.1960491387884744,4.186682919177322,12.449589157423155,19.776786565302107,2676.578
B0054,11,24,4,1.0226409233672233,3.1066787302612444,2.1942476804372792,4.187137846103755,13.39260571620204,22.520284175103843,2394.734
B0054,12,28,4,1.03890961861509,3.3713317734388912,2.1907481286563577,4.170757473231068,12.045245019281868,17.54568061289479,2673.0
B0054,13,30,4,1.0173250354350074,3.1171442968796907,2.185877354823723,4.18733783943504,14.027143186292392,22.730114882559054,2619.578
B0054,14,32,4,1.033183911994548,3.3723181530355464,2.18549830376202,4.183271363053432,11.98698791631262,17.24230903543893,2640.016
B0054,15,34,4,1.0095232119739597,3.3752367769573675,2.169486415611112,4.1871763489072675,11.961246010798938,17.67282228813571,2621.187
B0054,16,36,4,0.9862483259626477,3.0680241783485127,2.1991609285274296,4.187497017349983,14.303923037098802,24.83365687277193,2616.453
B0054,17,40,4,1.0080048320000436,3.080029423131606,2.16946894247905,4.167864162415893,14.014570142346548,23.814869897999767,2565.109
B0054,18,42,4,1.0153387761254196,3.0995001166042586,2.189366386338004,4.182759232638332,13.82742179742786,23.286158021770156,2532.531
B0054,19,44,4,1.0106786853355956,3.135117188240346,2.1938108499397133,4.183401065560466,13.793181239419976,22.857688282463826,2556.593
B0054,20,46,4,1.010409656585336,3.361825569933971,2.195354018162212,4.174098618023754,12.006556818172502,17.0744400013979,2577.891
B0054,21,48,4,0.9801433323963482,3.069748420550782,2.1757051329882087,4.187244537540539,14.223331420666247,25.034160636506623,2572.36
B0054,22,52,4,1.1016641723624385,3.0996476610968013,2.1816843710356264,4.149611746563943,13.816713741617784,23.829313770803374,2697.75
B0054,23,56,4,1.0826512239001271,3.3276361450033405,2.1869057073992466,4.167185143906847,12.297445133045807,18.148295901779747,2683.406
B0054,24,58,4,1.0575008387868343,3.090887653178106,2.1798631989492883,4.1862395960608145,13.917709213674303,24.240504107723478,2646.156
B0054,25,60,4,1.0385517331615322,3.1255606087732573,2.1957368370641035,4.183562459488766,13.738247646589583,22.93935470684112,2593.531
B0054,26,62,4,1.0073294901291132,3.0910099520509644,2.197272162359153,4.183469543197807,14.02103674221244,24.77112444800467,2604.125
B0054,27,64,4,1.0160400308540347,3.371121145966289,2.186991625035034,4.182803471091083,11.909908874752377,17.39258920543283,2588.594
B0054,28,68,4,1.0158319636440951,3.3382772643772527,2.1839945875783817,4.177543051799468,12.313622257322168,18.305747733025576,2579.203
B0054,29,70,4,1.0015383803216271,3.275227014636782,2.1974155139704856,4.18745666665725,12.835536006037291,19.849601783840107,2555.453
B0054,30,72,4,0.9812488615918239,3.08264025202744,2.1944796571193828,4.187380122640154,14.025334270032486,23.697887384213885,2525.609
B0054,31,74,4,0.9987416030110134,3.3354691487943056,2.19582689132158,4.183314724424282,12.206393799822907,17.639370990163055,2536.172
B0054,32,76,4,0.9584014230949642,3.06956232360524,2.180729125655269,4.187279483525102,14.157912343382947,24.855759413239454,2536.204
B0054,33,80,4,0.9800846133894623,3.1084291827280213,2.198606902338691,4.168586129733135,13.877029644763786,22.633573596217214,2488.86
B0054,34,82,4,0.9720372198962766,3.3581509225423294,2.178492152794792,4.183747098480424,12.000734280236426,18.24210090664387,2518.547
B0054,35,84,4,0.9693202807518411,3.1056894645085027,2.1931605321338634,4.187523274109238,13.961422230756659,23.459587106388874,2485.766
B0054,36,86,4,0.9479786388506265,3.076065545012625,2.1971158447610275,4.184269535257578,14.14108020855593,24.87318926454243,2506.718
B0054,37,88,4,0.9638519569071228,3.121042954980713,2.192446180613871,4.183868392040906,13.857077682108361,22.57895105031832,2459.297
B0054,38,92,4,0.9682336695484697,3.330025768269621,2.1750045839249057,4.169539487587025,12.299989669041157,18.155876160419844,2488.734
B0054,39,94,4,0.9407020864603765,3.067009596769174,2.1906356157422464,4.18749739820457,14.212120623239777,24.745737558953422,2491.375
B0054,40,96,4,0.9618442077038963,3.224323331222822,2.1969226044699126,4.183674115350642,13.232401754114171,20.864500972462256,2467.328
B0054,41,98,4,0.9332340144199703,3.348287536831091,2.188259141429684,4.185924206625423,12.098481296366476,18.59367691804772,2466.125
B0054,42,100,4,0.9313454737145217,3.0573024563037245,2.1682818867328626,4.187821519147336,14.31610663580659,24.597212846034733,2459.3129999999946
B0054,43,104,4,0.9976429099116705,3.076951013118892,2.187733999755357,4.145501189988608,14.083550544682673,24.13178710047615,2559.125
B0054,44,108,4,0.9833315262972037,3.085795975435223,2.158914847324055,4.168037433999008,14.07160712441505,23.612194914633058,2534.156
B0054,45,110,4,0.9904370062777442,3.3302769619097354,2.1913469960772693,4.182894970276525,12.23792511997238,18.35582339692624,2521.985
B0054,46,112,4,0.9499871340436294,3.071754770434524,2.1887585386046826,4.187269403966888,14.182674582038874,24.73342335069987,2503.172
B0054,47,114,4,0.9526027840900876,3.0794678744671966,2.198239401427243,4.183666770470569,14.103323081309012,24.172566338551658,2474.344
B0054,48,116,4,0.8850175175465715,3.0669938746662084,2.1796805503092664,4.071079307477162,14.073408640034845,23.99040081449467,2349.64
B0054,49,120,4,0.9937402750241768,3.092460830981556,2.1687268442761383,4.166737300664872,14.081056672524559,23.497913584081875,2560.688
B0054,50,122,4,0.995507330519279,3.109872659544261,2.191725388766709,4.182736373587939,13.882912785076055,22.413638355604547,2522.375
B0054,51,124,4,0.975407870968116,3.0916929425969144,2.16190489413124,4.183619389994964,13.976909425974554,23.276288269463745,2488.719
B0054,52,126,4,0.965960558373922,3.092077800709679,2.1867699716569766,4.18340061507743,14.001484389915577,23.166415774259068,2474.844
B0054,53,128,4,0.9573702621688754,3.0868228519569625,2.198752976514828,4.183750141327261,14.09360506240207,23.915519230311656,2473.875
B0054,54,132,4,0.9294756591964932,3.072604933827402,2.166553275090901,4.1672081859932595,14.300275862318225,24.7714915843067,2495.5
B0054,55,134,4,0.9323553879823946,3.076772656394079,2.1974146026719614,4.183066668693598,14.124062472619883,24.68396453173386,2481.078
B0054,56,136,4,0.954568378404969,3.2911829197288838,2.1984537160355733,4.182465009412686,12.64526098166937,19.020363167421827,2460.125
B0054,57,138,4,0.9330242104372937,3.0675140530182183,2.1699490089903373,4.186729661376772,14.223331638985794,24.13873479197664,2440.547
B0054,58,140,4,0.923294184000959,3.0671371599201427,2.176887912375456,4.183427098166605,14.139185148296136,24.815641221382517,2449.922
B0054,59,144,4,0.9257799164262976,3.078813614886158,2.1883883016985664,4.166698332057613,14.087390371698557,23.24485824164149,2408.781
B0054,60,146,4,0.9162765793280084,3.066888936059056,2.170115376243027,4.184004022833215,14.202958247128624,24.863734259210677,2442.547
B0054,61,148,4,0.9387011679112469,3.2822748078833337,2.1966197167856167,4.182970368325371,12.672879944135305,19.187532398616906,2420.671
B0054,62,150,4,0.9158990586877171,3.06323475400009,2.1844861596911245,4.186946857158577,14.267116889972154,24.608575630578702,2409.906
B0054,63,152,4,0.9202608990433788,3.3294345220814243,2.1969048206503072,4.182782183216822,12.173995572424568,18.813867999485474,2416.672
B0054,64,156,4,0.9111253917360889,3.059197039764698,2.189593119391126,4.175798948316686,14.240824503948055,23.949250535387122,2395.75
B0054,65,158,4,0.8980507043695345,3.0606951230963726,2.1801159908061365,4.183432164471636,14.275292993104369,24.821471701624326,2410.688
B0054,66,160,4,0.9278864624016372,3.3096645129465334,2.1883204645817864,4.182464884390648,12.319879487331049,18.578117414146718,2402.125
B0054,67,162,4,0.9118415396987224,3.068838395977353,2.176027126654838,4.187190771734197,14.017340985088923,22.523812738647745,2355.265
B0054,68,164,4,0.8936491649329469,3.0642577232510537,2.192431157609426,4.184124653963867,14.309673058312116,24.885270958035292,2396.719
B0054,69,168,4,0.9100864492604255,3.05089172896046,2.165885100454371,4.1396795894908935,14.20580721645281,24.49535100296176,2442.344
B0054,70,172,4,0.9114904731460941,3.0723870805326334,2.1973597496316057,4.166798038044882,14.343325580342825,24.79248513927076,2444.703
B0054,71,174,4,0.9337172811638196,3.292510597456584,2.1972629267290893,4.182556356872751,12.52113276136492,19.418861776320842,2412.25
B0054,72,176,4,0.8981517756068776,3.0615420925064947,2.198752877987022,4.18680349899093,14.320010513448283,24.843161021240146,2403.234
B0054,73,178,4,0.9139367135371254,3.104814009888728,2.198603650230703,4.184455817920845,13.817833063271001,22.81807409211731,2361.047
B0054,74,180,4,0.8764848617154279,3.0591573873230504,2.1805571893421827,4.184079696303244,14.23049295284562,24.58129890321389,2392.468
B0054,75,184,4,0.8854917958581964,3.0574972660409525,2.174201624293327,4.166279880071051,14.343710795679344,24.654627092855215,2373.89
B0054,76,186,4,0.8819074622846708,3.0567448490556264,2.1705705059131044,4.183737744816785,14.146643227132303,24.667711168999986,2383.234
B0054,77,188,4,0.9045809105944795,3.151370552126675,2.196118065671102,4.18293565751089,13.55224741011707,21.67226159753115,2342.453
B0054,78,190,4,0.8734606349455996,3.0561639338398625,2.184361072149743,4.18457456922587,14.28080189135689,24.961444132266895,2359.296
B0054,79,192,4,0.903131190986828,3.236611432340167,2.1930074246895095,4.1835244239011375,12.92628985289928,19.86209455847644,2345.453
B0054,80,196,4,0.8712217754060124,3.0377786371686537,2.1685391483011838,4.171664411266561,14.22945813956484,24.813991518744384,2360.172
B0054,81,198,4,0.8936499043476617,3.096631349811912,2.1987726546793334,4.183480212813237,13.889055949262897,22.3422759308799,2315.407
B0054,82,200,4,0.8835064014687892,3.0611426143701355,2.1680465237840907,4.183649118386083,14.09831645395676,23.389616432610406,2322.156
B0054,83,202,4,0.8779403705367915,3.0558445282698004,2.1849035687167166,4.183468521205082,14.205610727972747,24.437246414395887,2327.1570000000065
B0054,84,204,4,0.8599389109365094,3.0499483326806858,2.1788266272471644,4.1836327331469265,14.19998846070805,24.617323081703876,2335.0
B0054,85,208,4,0.8697358119609565,3.0516041952252326,2.173598497548058,4.165207327973796,14.288204303284642,24.271941214408503,2329.375
B0054,86,210,4,0.8638271814812677,3.0472454916360254,2.171024131749843,4.183812225950738,14.208858242752529,24.804728027574093,2333.875
B0054,87,212,4,0.8865694537789144,3.231306720712414,2.193241046616703,4.183143233797935,12.936183613815922,19.87934804833635,2317.453
B0054,88,214,4,0.8690078572313327,3.0561992011444175,2.1928820402300686,4.185938542114043,14.084182887600768,23.51552492010551,2295.109
B0054,89,216,4,0.8474446088377652,3.049101236395701,2.1802092140590776,4.18432308250829,14.275903069670573,24.913142338885027,2326.657
B0054,90,220,4,0.8799727721580702,3.0592618954233486,2.1788337133933458,4.1182630057067415,14.30665353308513,23.80380834532953,2479.297
B0054,91,224,4,0.9110444582768508,3.070487564105729,2.1830841723157457,4.164907528561344,13.97058204189835,23.08245417914552,2463.578
B0054,92,226,4,0.9121724293355059,3.067048133380307,2.1910520386239125,4.182445897550156,13.799155081842601,23.778234573688007,2458.812
B0054,93,228,4,0.8872043975884799,3.0722065010406205,2.199607761547385,4.182116565141312,13.85337076803369,23.05943482945761,2400.672
B0054,94,230,4,0.8961236767959215,3.117253230362332,2.1991241347308157,4.183709805636206,13.514874679422098,22.244929264861582,2396.407
B0054,95,232,4,0.8851334001128452,3.0560602390351073,2.1873002342387666,4.18305579589887,13.789537640473576,23.801178997375885,2392.375
B0054,96,236,4,0.8793386645436118,3.2276996110787217,2.1979569345819563,4.163750891434571,12.632160467633849,20.129283300775896,2373.687
B0054,97,238,4,0.8461224238450626,3.0511101255752124,2.1932450152273764,4.1857725238225205,14.133236180004296,24.104183465359974,2385.922
B0054,98,240,4,0.8705933152969343,3.110131898177326,2.188819744044954,4.183962354946822,13.44514404240349,21.124822433154822,2345.0
B0054,99,242,4,0.8440520909609104,3.048474354226641,2.1933054601044173,4.183748382269399,13.90645728525564,24.038373358435607,2363.047000000006
B0054,100,244,4,0.8536244678403578,3.0720502151516498,2.1984194356911515,4.183059531782334,13.600457924373249,22.333795391644557,2316.687
B0054,101,248,4,0.8524519337958137,3.0780861695186963,2.197124548478272,4.164596042177817,13.622342114819537,21.7292466341309,2322.0
B0054,102,250,4,0.8373919001793014,3.047978400472379,2.1601370672426743,4.183536913886723,14.071709155413798,24.067733333922256,2357.687
B0054,103,252,4,0.0,4.067670722536387,3.83839582745546,4.1824770749578155,6.019953177795341,6.383481120383388,23.0
B0055,1,0,4,0.7989997927037011,3.2439361669782594,2.4930794984834495,3.843735024444539,11.879033293126687,18.02446981350722,2660.313
B0055,2,4,4,1.319892156462878,3.2904290284649416,2.480538609588174,4.174020568347548,12.415262417855027,16.633080095446793,2826.0
B0055,3,6,4,1.2769832801132017,3.326231366449631,2.48985034932468,4.1994512899066025,12.360226804144617,18.02222405324747,2818.578
B0055,4,8,4,1.2572591312230865,3.3385354077080747,2.485404008194569,4.201354950378872,12.182802262813878,16.276920867509258,2713.812
B0055,5,10,4,1.206763751299412,3.3690503311576365,2.484071154442301,4.2022865042877005,11.995175259559732,17.386184005164274,2786.578
B0055,6,12,4,1.2077322536103197,3.3596802370189534,2.4813880969343156,4.202804398571556,12.015852590858461,16.287370504806514,2667.89
B0055,7,16,4,1.2009614290093835,3.331138062731705,2.4857750442530606,4.194689870235318,12.310516344609582,18.765407738610975,2530.172
B0055,8,18,4,1.189059086549973,3.335155652675837,2.4898705968581996,4.203456278554985,12.203269426883178,17.743208793113464,2446.062
B0055,9,20,4,1.169708782604433,3.3970397549525346,2.4863788962445756,4.203931038045003,11.974188885781311,16.27240932778339,2713.25
B0055,10,22,4,1.1483647194613424,3.3803008994123225,2.484196378836121,4.204477051328936,12.146032186206996,18.496064110315466,2676.578
B0055,11,24,4,1.1527726060972296,3.3446128760924214,2.488899766066993,4.204395922551529,12.075029193191549,17.233592924973692,2394.734
B0055,12,28,4,1.1318370471727228,3.4016962939915634,2.4856427415338582,4.196508158151434,11.953480850146518,17.25233196126928,2673.0
B0055,13,30,4,1.1326525803383347,3.3777825070738476,2.4945204316368925,4.2049198480597365,12.091243346975185,18.84637103862602,2619.578
B0055,14,32,4,1.1160565716574584,3.411152214850695,2.489824423973652,4.204749253288386,11.84145066042513,16.69866695291335,2640.016
B0055,15,34,4,1.0984641825068853,3.4062074380814424,2.4929609831648176,4.205529950993648,11.855003538549179,17.281200338137296,2621.187
B0055,16,36,4,1.0925694103096681,3.4006629565141497,2.4987737122938984,4.205627291462969,11.91733362745109,17.87487048558903,2616.453
B0055,17,40,4,1.109167680712031,3.3734363664560836,2.4960528571959832,4.197933604847559,12.135031767584422,18.56561933924195,2565.109
B0055,18,42,4,1.1075035028905713,3.3751298920141575,2.4950345179419164,4.205390438967899,12.085534035682384,18.731388722663795,2532.531
B0055,19,44,4,1.106751675424531,3.3799212171444224,2.4992030754220638,4.205435554958762,12.035133443915594,18.85911132920102,2556.593
B0055,20,46,4,1.0726694124582825,3.4131937901660443,2.4858947643408493,4.183847655178161,11.694010522378292,16.474886676905992,2577.891
B0055,21,48,4,1.0776844021506693,3.388212777111266,2.4902199266036034,4.205811869776469,12.02595112446758,18.429839421941313,2572.36
B0055,22,52,4,1.1981714734535907,3.3833310240018224,2.49591717391522,4.185284066167707,11.847288624466861,16.79121110894689,2697.75
B0055,23,56,4,1.1625381552680927,3.406033299298373,2.493901769830843,4.196690472475704,11.64238700767333,16.558207457541112,2683.406
B0055,24,58,4,1.1556827465844224,3.395122860818019,2.4906658427202095,4.205348595061986,11.772012658338625,16.176716026227933,2646.156
B0055,25,60,4,1.137444098422356,3.3678744885149583,2.491266216084571,4.205552375701064,11.983454214473863,18.28920429337146,2593.531
B0055,26,62,4,1.1126375352125493,3.3809383898685605,2.4927607047506055,4.2052142034116535,11.908597488676612,18.65863623047158,2604.125
B0055,27,64,4,1.098656067845981,3.41469739374783,2.4866262339494316,4.205763745942962,11.5894392622721,16.83473057053666,2588.594
B0055,28,68,4,1.0985302758884639,3.41231159843661,2.495104294734825,4.198995746839671,11.629714317449922,16.756789919207705,2579.203
B0055,29,70,4,1.1029370400968537,3.4043822939909396,2.4877631392866095,4.2061133400646735,11.647248561632294,16.24699765148442,2555.453
B0055,30,72,4,1.0949644922735318,3.3673428364678033,2.4978675843051477,4.20656078786278,12.022205345514335,19.129984857149818,2525.609
B0055,31,74,4,1.0890679714830998,3.4104196380737455,2.482550786926367,4.205789072356055,11.542224902228241,16.36765160927189,2536.172
B0055,32,76,4,1.073323391636053,3.387548379409374,2.498794021092515,4.2064686981546116,11.825965633220362,18.15665009637772,2536.204
B0055,33,80,4,1.095373856745309,3.3533445639000172,2.4986675609061084,4.19878751718924,12.03863906152037,18.80550760238104,2488.86
B0055,34,82,4,1.0639517466243125,3.403128476363774,2.495967983888696,4.205549436509086,11.59317451081218,17.559578387097904,2518.547
B0055,35,84,4,1.085798072407703,3.3737196134296283,2.494521891499824,4.206680085108051,11.87359860158602,17.467083355342886,2485.766
B0055,36,86,4,1.0588748965507557,3.382746702873388,2.4940939052144744,4.206242808359698,11.809310238880515,18.49462899513655,2506.718
B0055,37,88,4,1.0813260035191288,3.3641919383896957,2.488192777263103,4.2065015265299825,11.933034010302555,17.91164881741511,2459.297
B0055,38,92,4,1.061601862588323,3.408219619852174,2.4835904274919676,4.198066617715753,11.53732922797716,16.71929796179109,2488.734
B0055,39,94,4,1.0593920670581127,3.3720438606583496,2.494836964233761,4.2069940867465805,11.942237573488166,18.743872075423457,2491.375
B0055,40,96,4,1.0742513141424725,3.3954495279595993,2.495294559262084,4.206185443933068,11.654440484569944,16.07532193134441,2467.328
B0055,41,98,4,1.0405614734131499,3.3886471333647554,2.493930027919102,4.206494698836393,11.722702041818202,18.1055360480279,2466.125
B0055,42,100,4,1.0575656535324895,3.356819503345258,2.4968794236107965,4.204041730199119,12.13910591187991,19.22539590220654,2459.3129999999946
B0055,43,104,4,1.0983528970914622,3.38173030037378,2.4980844986118784,4.186445589660851,11.725785170275977,17.79698901775945,2559.125
B0055,44,108,4,1.109758993739737,3.332585578324588,2.497690135885909,4.198472809564929,12.14093273670559,19.90310164984231,2534.156
B0055,45,110,4,1.0793315779206873,3.415794800601349,2.495812780943487,4.205147121886639,11.32244979928203,16.28428434167548,2521.985
B0055,46,112,4,1.0716159094756148,3.364395338116308,2.497968365806555,4.207061766566151,11.899725740614363,18.858200111612096,2503.172
B0055,47,114,4,1.0746464211019797,3.3556150350421454,2.4948503148658077,4.206586679847002,11.9698483506891,19.26539604228336,2474.344
B0055,48,116,4,1.08643683065179,3.2813552523710348,2.497025585392751,4.136062355148983,11.944879920447905,19.91574517945343,2349.64
B0055,49,120,4,1.1340138347387958,3.3340325216514985,2.497531566741249,4.194893964041484,12.028925123088165,19.74476118019262,2560.688
B0055,50,122,4,1.1176964717951587,3.355658576925396,2.4925446639956585,4.205199298124983,11.71503135296823,18.239458117812696,2522.375
B0055,51,124,4,1.1046468529644289,3.353357049023896,2.497355535023157,4.205853256210238,11.810607676487715,19.14324542302631,2488.719
B0055,52,126,4,1.089700148407426,3.356165416087441,2.4960054501777855,4.205832053797409,11.765625767571137,18.957146305546704,2474.844
B0055,53,128,4,1.075533547538172,3.3655236596965747,2.4945789390502733,4.205960258814088,11.666664960009529,18.569611226697234,2473.875
B0055,54,132,4,1.0609866776144368,3.3657531038090425,2.497451626540361,4.1982654098780685,11.708939176253061,18.389604150481873,2495.5
B0055,55,134,4,1.0518218041615568,3.3849405998756663,2.494771530909891,4.2067134175295635,11.450092345609722,17.859841515218953,2481.078
B0055,56,136,4,1.0553857898132757,3.410105370394735,2.4850759949386982,4.206861671465562,11.131625464424475,15.816276936907297,2460.125
B0055,57,138,4,1.0533102333691788,3.3607031370514133,2.4972833794296387,4.203250203022516,11.738832332367679,18.755426828419857,2440.547
B0055,58,140,4,1.0315365260084348,3.3928240190547645,2.4994934553850463,4.206868467936627,11.33070420089266,17.253309886018204,2449.922
B0055,59,144,4,1.0533401053259415,3.3379943082200825,2.496397324750552,4.199652821200027,11.71743632355557,19.044660235871767,2408.781
B0055,60,146,4,1.0317876798810788,3.383748883671106,2.4985913567786335,4.206354715936561,11.448023523006356,17.632782962314124,2442.547
B0055,61,148,4,1.0354207912157296,3.4034852057714984,2.4793908002585576,4.207116858721508,11.113362092407373,15.652866929465386,2420.671
B0055,62,150,4,1.0322251791310608,3.3488479010139836,2.495919101086891,4.203805356740808,11.759912549960136,18.851175405607993,2409.906
B0055,63,152,4,1.011543397303472,3.400337322032958,2.487748902505861,4.206451344410812,11.095152329208846,16.682382112943166,2416.672
B0055,64,156,4,1.0413760568150228,3.3343052776040634,2.496210707787105,4.199840856194157,11.855416870953551,19.331265935552995,2395.75
B0055,65,158,4,1.02174193386881,3.3786546268712,2.499306018937951,4.2063630059831265,11.501464461877692,17.796486773673443,2410.688
B0055,66,160,4,1.0133135547969283,3.413323315609648,2.4951311923995756,4.206927414011855,10.922543090852551,15.641866781260571,2402.125
B0055,67,162,4,1.0299942559626907,3.3358445561886736,2.498865224973231,4.202275822485786,11.679121657086682,18.475017780285615,2355.265
B0055,68,164,4,1.0189349807814327,3.3537094650205534,2.499842473941914,4.20659875616185,11.716719550648065,18.598567041058164,2396.719
B0055,69,168,4,1.0290879520854017,3.3664574186515495,2.4984245148092805,4.18778132479275,11.332026451776493,17.70296113245331,2442.344
B0055,70,172,4,1.0567629241900045,3.319131030823727,2.498165502515704,4.19944321827157,11.967823512320054,19.648490501323845,2444.703
B0055,71,174,4,1.0291668536316647,3.4032103094968886,2.4838403700559373,4.205593767786481,11.015449770252141,16.178060673787062,2412.25
B0055,72,176,4,1.0321298444901021,3.343831990901096,2.4989275943849365,4.202887645707948,11.818028778074435,18.88644438182567,2403.234
B0055,73,178,4,1.0409230283951276,3.3724641292622257,2.497716849078165,4.206513407222774,11.295282200562326,16.020151248713987,2361.047
B0055,74,180,4,1.011161098766987,3.3553714698756965,2.497475666164784,4.203597448523021,11.589249198689654,18.292174814306744,2392.468
B0055,75,184,4,1.0337876112911784,3.3279855680794297,2.499631738732727,4.19879054583806,11.857143843844957,19.26049129848449,2373.89
B0055,76,186,4,1.003994224020383,3.380340612404249,2.4996111983697316,4.206474987547079,11.276289724634314,17.24384546974176,2383.234
B0055,77,188,4,1.0334195479955004,3.3795059063602477,2.4972946109355068,4.2039065137519716,11.220787392479364,15.900824096276386,2342.453
B0055,78,190,4,1.0098936564116459,3.3419486124359232,2.4950143445404667,4.203458601351602,11.759447806620914,18.94850032004803,2359.296
B0055,79,192,4,1.0126262447940628,3.3994343538904057,2.496127080556164,4.206479388387375,10.988248985047367,14.95747625778177,2345.453
B0055,80,196,4,0.9948742055727694,3.3674537565378784,2.498292598142556,4.200091561431062,11.355681286808547,17.70459844093717,2360.172
B0055,81,198,4,1.0240799556179332,3.3529430513041807,2.4995493131113817,4.203624990778383,11.443287391092776,16.746714545942115,2315.407
B0055,82,200,4,1.0208889510043027,3.313138824967226,2.4954991257797223,4.203121026339225,11.785825239943042,19.201273298790156,2322.156
B0055,83,202,4,1.016100815944114,3.331207681083792,2.495394779769103,4.206360725269558,11.72640480534808,18.921215014535083,2327.1570000000065
B0055,84,204,4,0.9987875345106277,3.361184494584018,2.4987692806726884,4.206662505631524,11.472788708066494,17.83845317353606,2335.0
B0055,85,208,4,1.0158868294923784,3.317225424194071,2.4984561833393784,4.198906004577256,11.802235485150675,19.413252469388496,2329.375
B0055,86,210,4,0.9963437517762594,3.367194898395345,2.495225392424711,4.2063268655944,11.363194027921853,17.555469742468727,2333.875
B0055,87,212,4,1.0053777381419529,3.394889434849019,2.48261274521935,4.207127040760322,10.949818258159802,15.18160164516741,2317.453
B0055,88,214,4,1.009132291002791,3.310050856120256,2.497894652809196,4.202430409703646,11.706437723845246,19.119001932657707,2295.109
B0055,89,216,4,0.9984581240784203,3.3458687278652697,2.498867447840723,4.206373386837717,11.583533228310797,18.259385299695204,2326.657
B0055,90,220,4,1.0892389324114138,3.2453384054657453,2.4949438751160398,4.181574605333568,11.961499960858754,20.334330441428275,2479.297
B0055,91,224,4,1.0793936031703524,3.3032859676964024,2.4992245281158842,4.194441045655941,11.522596039987194,18.82433959610769,2463.578
B0055,92,226,4,1.032614295314224,3.3954172971180325,2.4924954873857694,4.204880578247997,10.721858182752005,16.215064274032724,2458.812
B0055,93,228,4,1.0498572649026638,3.319390417324327,2.495661665849974,4.202840264863921,11.4115438943797,18.624861324787787,2400.672
B0055,94,230,4,1.0453902697248563,3.3844424778085065,2.4989003291461986,4.205754690488186,10.810513729948518,15.137573162785118,2396.407
B0055,95,232,4,1.0001607736713514,3.396001919549735,2.489889091081545,4.207084563921945,10.714176302518482,16.113386903826303,2392.375
B0055,96,236,4,1.0084094786878157,3.4091500642055776,2.4987682908191466,4.198111672339926,10.478734086554464,14.510272258578619,2373.687
B0055,97,238,4,1.003655158082039,3.318069571504016,2.4975933279193185,4.203133911551857,11.577446477629389,18.79688115527297,2385.922
B0055,98,240,4,1.0285269676595319,3.3705488423522825,2.495932540383024,4.206432255358412,10.889278314878903,15.51511607516065,2345.0
B0055,99,242,4,0.9816844358987022,3.3580320611343826,2.493973960448579,4.203481073295822,11.125862267460422,17.410882869971065,2363.047000000006
B0055,100,244,4,1.0127121434171131,3.3305932142592156,2.4945849403498523,4.20306302939134,11.180258248103398,17.541633082707207,2316.687
B0055,101,248,4,1.0201379996149256,3.345081227582777,2.4970956728658367,4.197674431245264,11.102809730123198,16.68412644043965,2322.0
B0055,102,250,4,0.9907591663373165,3.3411218242164646,2.496842059818817,4.20280430699626,11.412927585025809,18.127312484256297,2357.687
B0056,1,0,4,0.7852781208785192,3.2954766160397124,2.689656173110366,3.8387228819147694,9.97935642991351,15.737541036017063,2660.313
B0056,2,4,4,1.3443555553017368,3.278114932402385,2.6867752955314015,4.14918086948454,11.067443145348815,14.09017680302044,2826.0
B0056,3,6,4,1.317502710734752,3.3106158390566507,2.698313212370538,4.17533419262966,10.889462468094056,14.9073664521439,2818.578
B0056,4,8,4,1.2973654679476911,3.3172843725733268,2.692589583576849,4.1774698147911185,10.764459531712715,14.04619289990165,2713.812
B0056,5,10,4,1.263960414854898,3.344030455029123,2.6980823652266586,4.177333358996554,10.655748964418308,14.458798502682042,2786.578
B0056,6,12,4,1.2589496187032136,3.336353669510842,2.699291592092144,4.178105672730461,10.604398240583924,13.79068771013097,2667.89
B0056,7,16,4,1.2806197690202599,3.3009005971377725,2.6902918098264004,4.169426750713255,10.747618198190096,14.881216824496482,2530.172
B0056,8,18,4,1.2572786868607095,3.3051103949821674,2.6937716432028966,4.178499777464705,10.642275000961929,14.283153326557814,2446.062
B0056,9,20,4,1.2226260041048898,3.367107139335169,2.6912557599593363,4.178690194193401,10.449432487805073,13.246258812265461,2713.25
B0056,10,22,4,1.2292772249257495,3.350670766767032,2.6988155601873713,4.178597106977031,10.535109718676143,14.784638313108044,2676.578
B0056,11,24,4,1.2275780135689456,3.316178080747263,2.698364593875605,4.179016949083667,10.596589405147554,13.967206000860527,2394.734
B0056,12,28,4,1.2133872888296768,3.3637533511944144,2.690491235069901,4.170255325585353,10.518875176620943,14.101837412639979,2673.0
B0056,13,30,4,1.230223614493081,3.3457364832275633,2.6953260271003012,4.1791853671260935,10.55326910161315,15.014735099158155,2619.578
B0056,14,32,4,1.1927530108462678,3.373106355519255,2.6910057831221796,4.179445713445421,10.414707663905276,13.814334631047263,2640.016
B0056,15,34,4,1.1867106635987799,3.3697897239570302,2.6980104623652483,4.1797547856645245,10.394183210718758,14.167557089207039,2621.187
B0056,16,36,4,1.1914875140242167,3.362330412062295,2.6918100210263542,4.179854576648961,10.441904510807989,14.498480751440637,2616.453
B0056,17,40,4,1.214178606017816,3.3440747440292173,2.6994455277907243,4.171853041375375,10.556505695788386,14.957470899011563,2565.109
B0056,18,42,4,1.2094387558721402,3.344993026252808,2.6974370448855804,4.179639783717689,10.536326582207261,15.001521036754518,2532.531
B0056,19,44,4,1.207072299940321,3.350361911675404,2.687185471488668,4.180054992180052,10.495199596430949,14.338173356663557,2556.593
B0056,20,46,4,1.162961249391913,3.37818787285201,2.687470388534462,4.174069945070663,10.301909086360435,13.436612124692124,2577.891
B0056,21,48,4,1.17887968705904,3.3620625284471575,2.699656546174108,4.180243969445706,10.453998023862313,14.639269846531356,2572.36
B0056,22,52,4,1.2945104146044433,3.346029829980996,2.6854368250416094,4.160878235645104,10.390292640584766,13.577353530338334,2697.75
B0056,23,56,4,1.2602567563003473,3.3654291392154736,2.690427787524509,4.170401928183799,10.290310895798491,13.568274326866668,2683.406
B0056,24,58,4,1.2408721291565108,3.3689721031647792,2.6939728433831345,4.179668272690069,10.263087503889402,13.222923404873027,2646.156
B0056,25,60,4,1.252197340273113,3.3465295769688743,2.6814059367851253,4.179757059071528,10.400005286038288,14.117236767649958,2593.531
B0056,26,62,4,1.2279025700477384,3.352812339869088,2.6953073659972815,4.179381275805115,10.409833153074386,14.72590749283402,2604.125
B0056,27,64,4,1.1917170308946994,3.3743035968482755,2.6879523256297095,4.179761909304835,10.249617197163523,13.782905674311685,2588.594
B0056,28,68,4,1.1858570240011006,3.3764282291064944,2.696650296000414,4.1722589361250195,10.237028804942252,13.53465268656202,2579.203
B0056,29,70,4,1.1840938286611427,3.375019443182964,2.6832104765994735,4.180576245666881,10.198234922837491,12.997563677985067,2555.453
B0056,30,72,4,1.2059829135917657,3.3500962120625943,2.6972876615572554,4.180487517962948,10.430944576015767,14.907548086849499,2525.609
B0056,31,74,4,1.165428493679393,3.379062729502439,2.683737907365728,4.18039553298969,10.139534423823738,13.20576446654183,2536.172
B0056,32,76,4,1.1790060613193858,3.3612064036489087,2.69363443342256,4.180559366384886,10.308440154694576,14.51158708545384,2536.204
B0056,33,80,4,1.2013113747183153,3.3463562838477823,2.6943722854819816,4.172113004233132,10.36840954285901,14.30233008977442,2488.86
B0056,34,82,4,1.165597803317432,3.368266919681875,2.688897787724772,4.1803733533670036,10.204673365751807,14.15321706372225,2518.547
B0056,35,84,4,1.180303335055002,3.3594964247247177,2.6882331708894665,4.180733041897962,10.315613775538878,13.855287867564956,2485.766
B0056,36,86,4,1.1658134189695046,3.3615676241747825,2.6894590778726095,4.180279081248084,10.276786926763112,14.492855960891132,2506.718
B0056,37,88,4,1.1763960515773761,3.355757582090394,2.6894641263415138,4.180999495499183,10.32641766409495,14.065463723343733,2459.297
B0056,38,92,4,1.1458325512940766,3.377027547912211,2.6842747820981163,4.172470795694908,10.173012177291527,13.412858944276625,2488.734
B0056,39,94,4,1.167557759980296,3.357651728668808,2.6890536637756743,4.181062785086551,10.35991803443565,14.606103880190119,2491.375
B0056,40,96,4,1.145636654711916,3.3773583743313456,2.697570405713833,4.181144967626914,10.160882493726476,13.208123302069437,2467.328
B0056,41,98,4,1.1443667002824445,3.365617870156837,2.6861014784430512,4.1812569980664405,10.194404833993097,14.33986737197622,2466.125
B0056,42,100,4,1.1605177686388095,3.356825640396486,2.6984158813975863,4.1812189705553315,10.45640074188921,14.869194370874,2459.3129999999946
B0056,43,104,4,1.2272013042602479,3.3493744607237104,2.6966170938157865,4.162741220330822,10.313619268601707,14.255223899564948,2559.125
B0056,44,108,4,1.2454797202045476,3.337826170095946,2.6938401614375964,4.171908005371084,10.450923975542697,15.145967765545794,2534.156
B0056,45,110,4,1.1722288849037228,3.379813223194436,2.694145271746648,4.1801184107331695,10.066401247840554,13.36575567843813,2521.985
B0056,46,112,4,1.1953514999944956,3.3529139626798687,2.6949310922042096,4.180978585892375,10.43749851062521,14.761564527480054,2503.172
B0056,47,114,4,1.1919514716203925,3.3506050479395064,2.698968781686075,4.180622872978541,10.413907415221043,14.927522519928406,2474.344
B0056,48,116,4,1.2296223665252586,3.282678428854045,2.69347301500386,4.109379346813982,10.513733364328893,15.38684146714604,2349.64
B0056,49,120,4,1.2774519419396988,3.33124930750755,2.6975073541494394,4.169898025659996,10.477654553290117,15.06186195706642,2560.688
B0056,50,122,4,1.2433879751668584,3.3452443163116463,2.68847764541694,4.18030832398499,10.317281833213249,14.19417584217932,2522.375
B0056,51,124,4,1.230802542912592,3.341356791517586,2.695809647268888,4.1803883737342336,10.380685727786513,14.670219241896355,2488.719
B0056,52,126,4,1.2162358534094664,3.3435875505910966,2.6988862295180773,4.180539223969872,10.36448134266215,14.756439650219583,2474.844
B0056,53,128,4,1.2088335726499548,3.3430796751998537,2.6881817818985594,4.180613197410378,10.418606978035179,15.074941469247383,2473.875
B0056,54,132,4,1.1946181162240357,3.3475631632118508,2.693866336049454,4.171995741541347,10.467474839092922,14.772345213065618,2495.5
B0056,55,134,4,1.1734248134794991,3.3573308617480517,2.692863343941837,4.1804813286233875,10.24758606535621,14.624267787138265,2481.078
B0056,56,136,4,1.1404596305913128,3.382778882292665,2.6912645328393867,4.181058054860729,10.06027633089391,12.974017575008304,2460.125
B0056,57,138,4,1.1821716406845988,3.3460645335108428,2.6880196285337377,4.18149130108492,10.46181981941412,14.962343761280408,2440.547
B0056,58,140,4,1.1480663382055174,3.3641915924918147,2.6997902360046213,4.180595098911064,10.21776828052081,14.288936379622093,2449.922
B0056,59,144,4,1.1825381935034152,3.340090097397974,2.6973629105606647,4.173047661044039,10.382854030148234,14.731654795183925,2408.781
B0056,60,146,4,1.1552092862846601,3.35648490646885,2.691300691707842,4.180864505746636,10.344585715881983,14.530184451529058,2442.547
B0056,61,148,4,1.1216816712671696,3.3822432790887755,2.689936372979849,4.181146414659693,10.028217431506214,12.920963346782584,2420.671
B0056,62,150,4,1.162666262561457,3.3475849268060007,2.6913240152919484,4.181695073360697,10.497532395250285,14.975497658516607,2409.906
B0056,63,152,4,1.124695615744926,3.368899621618762,2.686923064348457,4.180846468482689,10.078456668334661,14.006665059857033,2416.672
B0056,64,156,4,1.1664177948797931,3.340217809060051,2.6874437664677444,4.17358432175774,10.437586290235986,15.065495014920012,2395.75
B0056,65,158,4,1.1346745156379465,3.3606706640426602,2.699800435335948,4.181103233539769,10.327680053270171,14.438517748547323,2410.688
B0056,66,160,4,1.1012231317092755,3.384477709863685,2.6979607095711318,4.181672942091641,9.931318938388468,13.194289211464435,2402.125
B0056,67,162,4,1.1560733948472832,3.3408256322235093,2.6834783907862354,4.181798435766776,10.341385046767083,14.482501609291248,2355.265
B0056,68,164,4,1.1385609898764002,3.3541889238828593,2.6996190068902637,4.181361272735532,10.494744894336083,14.720749328790644,2396.719
B0056,69,168,4,1.1757265448773706,3.340961153961277,2.689809371052332,4.16432577440784,10.206418347273608,14.529077890794348,2442.344
B0056,70,172,4,1.1969385632452556,3.3371235826921466,2.688916524535636,4.172633979258993,10.592911474763564,15.244128605525713,2444.703
B0056,71,174,4,1.1267457988726266,3.376237517393404,2.698695743312111,4.180507540870247,9.984423245892257,13.512900564234096,2412.25
B0056,72,176,4,1.1601031368559531,3.348647645780763,2.697889593175275,4.181900407397767,10.532756069231716,14.862132323599853,2403.234
B0056,73,178,4,1.1361458729690275,3.3622424767286905,2.6959933200185318,4.181297616479253,10.144690849516095,13.378405270944848,2361.047
B0056,74,180,4,1.1397253894261876,3.351293107048021,2.6955474945092024,4.181657232676167,10.418716582380117,14.806201026240293,2392.468
B0056,75,184,4,1.1560010024767575,3.3414098071318334,2.699727848412594,4.172972784971319,10.532972017810645,15.144104218787898,2373.89
B0056,76,186,4,1.126818619026835,3.35783559274309,2.695330424081241,4.1813161057402795,10.294250246042282,14.39832488350013,2383.234
B0056,77,188,4,1.116688355680394,3.36675593545663,2.6854130230502054,4.18166924078605,10.050387765399135,13.069857113335045,2342.453
B0056,78,190,4,1.1330613197666846,3.3487514550466417,2.690400334997493,4.182044120407073,10.472005861254317,14.625776758086843,2359.296
B0056,79,192,4,1.0893839897995972,3.3810092385566413,2.6887925590382147,4.1815714469098,9.909401931448466,12.585237711150564,2345.453
B0056,80,196,4,1.1120836459259367,3.3564306318997588,2.6988640537115023,4.174449328074176,10.24276059598256,14.409091639662265,2360.172
B0056,81,198,4,1.1279950254648337,3.3508758903963662,2.680924614006194,4.181914870814706,10.216290881964335,13.639615611059915,2315.407
B0056,82,200,4,1.1386774565024178,3.338909543714827,2.689418119708915,4.181346159150703,10.357968672788793,14.880692487289394,2322.156
B0056,83,202,4,1.1271136962200643,3.346321199511455,2.6980519577561664,4.181554177966883,10.4126408516178,14.94384328293818,2327.1570000000065
B0056,84,204,4,1.1101508869653747,3.3538216131821788,2.690667005796631,4.181615967935099,10.355563284677743,14.509690908147519,2335.0
B0056,85,208,4,1.1344632260422465,3.339346853440726,2.690672584400043,4.173516161117117,10.41665753464741,15.062267575750978,2329.375
B0056,86,210,4,1.108458756302863,3.3536514376808864,2.6895747540556276,4.181332312389274,10.301294534772044,14.468947045350122,2333.875
B0056,87,212,4,1.0768220870214844,3.38120127228625,2.6850453196446673,4.181999698138027,9.91165771895873,12.508239840028546,2317.453
B0056,88,214,4,1.128398212919817,3.3368543585349384,2.68848533115398,4.182136607973574,10.349022787330426,14.887028438704053,2295.109
B0056,89,216,4,1.1066350346531368,3.3522604662249167,2.695941959305812,4.18160323028519,10.403963430415772,14.643769942307397,2326.657
B0056,90,220,4,1.271609072217319,3.3018532294003613,2.6936113374580533,4.160391647622785,10.672589964446292,15.536147821768504,2479.297
B0056,91,224,4,1.2415767175377967,3.3271853602584223,2.6975058053441106,4.171177372817309,10.38887188704922,14.710321906861783,2463.578
B0056,92,226,4,1.174652904422814,3.357838197685972,2.6996810856937454,4.179908499745383,10.084749408390376,14.282705134297458,2458.812
B0056,93,228,4,1.1989389885187762,3.3341676075284923,2.6932891744671807,4.1812209027547125,10.365887906876877,14.735427526864724,2400.672
B0056,94,230,4,1.1461398965188563,3.3656652776557863,2.680335373836448,4.180715020333036,10.019608551209917,12.986214565204863,2396.407
B0056,95,232,4,1.129224378671885,3.365125158092583,2.695500756668203,4.181433629004157,10.060030313914345,14.020906563644125,2392.375
B0056,96,236,4,1.1103432888019913,3.3750175764348014,2.6916361141573137,4.173658812188033,9.894806886286887,13.158594712143497,2373.687
B0056,97,238,4,1.153909472897475,3.344781159371398,2.6977127849492053,4.1820632868427365,10.535153782453834,14.942021026324584,2385.922
B0056,98,240,4,1.1302191455340138,3.3605010057610825,2.687276744661873,4.18182200740338,10.116013026114192,13.316711053744784,2345.0
B0056,99,242,4,1.1258719408034097,3.3538264483941607,2.6980124491519586,4.1819501512020345,10.332244370257053,14.612810892917661,2363.047000000006
B0056,100,244,4,1.1430108283920968,3.341678704653779,2.6927360739353285,4.181791330814548,10.278021353580035,14.205466297575018,2316.687
B0056,101,248,4,1.1372731775310292,3.3456418542105237,2.6899104032044447,4.173014294511639,10.263503141787313,13.862516639323271,2322.0
B0056,102,250,4,1.1290590137779504,3.3496423795442105,2.6950189281281465,4.181882887350109,10.452748281670244,14.899199505524647,2357.687
